scan_date,scan_hour,court,gate_id,ticket_tier,tier_group,tier_ordinal,nationality,is_international,registered_app,minutes_before_serve,temperature_c,precipitation_mm,is_rain_day,temp_band,first_serve_time,rain_delay_mins,day_number
2025-07-11,10,Court 4,Gate_1,Centre Court,Premium,4,Spain,1,True,57.4,19.9,0.0,False,Warm (19–23°C),2025-07-11 11:49:00,0,12
2025-07-07,9,Court 8,Gate_4,Queue Ticket,General,0,UK,0,True,124.4,22.2,0.0,False,Warm (19–23°C),2025-07-07 11:59:00,0,8
2025-07-13,11,No.1 Court,Gate_5,Queue Ticket,General,0,UK,0,True,128.0,20.9,0.0,False,Warm (19–23°C),2025-07-13 13:09:00,0,14
2025-06-30,9,Court 6,Gate_8,Grounds Pass,General,1,Switzerland,1,False,99.6,18.3,0.0,False,Cool (15–19°C),2025-06-30 11:07:00,0,1
2025-07-08,10,Court 8,Gate_7,No.2 Court,Reserved,2,Australia,1,False,49.4,15.6,0.0,False,Cool (15–19°C),2025-07-08 11:31:00,56,9
2025-07-03,11,No.3 Court,Gate_8,No.2 Court,Reserved,2,UK,0,False,43.3,20.3,0.0,False,Warm (19–23°C),2025-07-03 12:08:00,0,4
2025-07-01,8,Court 12,Gate_3,Grounds Pass,General,1,UK,0,False,142.5,21.8,0.0,True,Warm (19–23°C),2025-07-01 11:21:00,0,2
2025-07-06,11,No.2 Court,Gate_4,Grounds Pass,General,1,UK,0,False,59.6,14.2,0.0,False,Cold (<15°C),2025-07-06 12:07:00,0,7
2025-07-01,9,Court 4,Gate_3,No.2 Court,Reserved,2,UK,0,True,135.6,18.5,0.0,True,Cool (15–19°C),2025-07-01 11:26:00,0,2
2025-07-08,11,Centre Court,Gate_6,Queue Ticket,General,0,Switzerland,1,True,82.9,12.1,0.0,False,Cold (<15°C),2025-07-08 13:00:00,0,9
2025-07-01,8,Court 4,Gate_5,Queue Ticket,General,0,UK,0,True,164.7,21.8,0.0,True,Warm (19–23°C),2025-07-01 11:26:00,0,2
2025-07-01,11,No.1 Court,Gate_8,Queue Ticket,General,0,Spain,1,True,101.4,20.6,0.76,True,Warm (19–23°C),2025-07-01 13:00:00,0,2
2025-07-05,10,Centre Court,Gate_5,Queue Ticket,General,0,USA,1,False,125.1,23.2,0.0,True,Hot (>23°C),2025-07-05 13:01:00,0,6
2025-07-13,10,No.2 Court,Gate_4,Queue Ticket,General,0,France,1,True,95.4,19.2,0.0,False,Warm (19–23°C),2025-07-13 12:28:00,112,14
2025-07-06,9,Court 18,Gate_5,Grounds Pass,General,1,UK,0,False,98.6,11.9,0.0,False,Cold (<15°C),2025-07-06 11:29:00,0,7
2025-07-03,9,Court 6,Gate_5,Queue Ticket,General,0,USA,1,True,87.2,17.0,0.0,False,Cool (15–19°C),2025-07-03 11:26:00,0,4
2025-07-10,12,Centre Court,Gate_8,Centre Court,Premium,4,UK,0,False,38.0,24.1,0.0,False,Hot (>23°C),2025-07-10 13:14:00,0,11
2025-07-04,9,Court 6,Gate_3,Queue Ticket,General,0,UK,0,True,103.6,21.9,0.0,False,Warm (19–23°C),2025-07-04 11:26:00,0,5
2025-07-07,11,Centre Court,Gate_4,Queue Ticket,General,0,Other,1,False,104.9,21.4,0.0,False,Warm (19–23°C),2025-07-07 13:10:00,0,8
2025-07-07,10,Court 12,Gate_1,Centre Court,Premium,4,Canada,1,True,63.3,24.1,0.0,False,Hot (>23°C),2025-07-07 11:34:00,0,8
2025-07-10,11,Centre Court,Gate_8,Grounds Pass,General,1,UK,0,True,92.9,23.8,0.0,False,Hot (>23°C),2025-07-10 13:14:00,0,11
2025-07-10,10,Court 8,Gate_5,Queue Ticket,General,0,USA,1,True,64.6,24.9,0.0,False,Hot (>23°C),2025-07-10 11:53:00,0,11
2025-07-11,10,No.2 Court,Gate_5,No.1 Court,Reserved,3,UK,0,True,65.2,19.9,0.0,False,Warm (19–23°C),2025-07-11 12:00:00,0,12
2025-07-06,10,Court 18,Gate_3,No.2 Court,Reserved,2,UK,0,False,81.0,15.5,0.0,False,Cool (15–19°C),2025-07-06 11:29:00,0,7
2025-07-02,11,No.3 Court,Gate_4,No.1 Court,Reserved,3,Germany,1,False,55.7,26.8,0.0,False,Hot (>23°C),2025-07-02 12:14:00,0,3
2025-07-03,10,Court 12,Gate_1,Grounds Pass,General,1,USA,1,True,46.8,19.8,0.0,False,Warm (19–23°C),2025-07-03 11:45:00,0,4
2025-07-04,12,No.1 Court,Gate_6,No.1 Court,Reserved,3,Australia,1,True,58.8,21.9,0.0,False,Warm (19–23°C),2025-07-04 13:05:00,0,5
2025-07-12,10,No.3 Court,Gate_2,Queue Ticket,General,0,Australia,1,False,133.9,27.2,0.0,True,Hot (>23°C),2025-07-12 12:15:00,0,13
2025-07-02,10,Court 5,Gate_4,Grounds Pass,General,1,USA,1,True,66.6,27.9,0.0,False,Hot (>23°C),2025-07-02 11:26:00,0,3
2025-07-06,11,No.1 Court,Gate_1,Grounds Pass,General,1,UK,0,False,75.0,14.2,0.0,False,Cold (<15°C),2025-07-06 13:03:00,0,7
2025-07-08,10,No.1 Court,Gate_8,Queue Ticket,General,0,Japan,1,True,143.1,15.6,0.0,False,Cool (15–19°C),2025-07-08 13:07:00,0,9
2025-07-03,9,Court 8,Gate_5,No.2 Court,Reserved,2,UK,0,True,88.1,17.0,0.0,False,Cool (15–19°C),2025-07-03 11:04:00,0,4
2025-07-01,10,No.3 Court,Gate_1,Queue Ticket,General,0,Other,1,True,129.0,19.4,0.0,True,Warm (19–23°C),2025-07-01 12:22:00,0,2
2025-07-03,11,No.1 Court,Gate_8,Grounds Pass,General,1,UK,0,False,90.2,20.3,0.0,False,Warm (19–23°C),2025-07-03 13:11:00,0,4
2025-07-06,9,Court 5,Gate_4,Grounds Pass,General,1,UK,0,True,110.8,11.9,0.0,False,Cold (<15°C),2025-07-06 11:05:00,0,7
2025-07-01,9,Court 4,Gate_3,Queue Ticket,General,0,UK,0,True,138.6,18.5,0.0,True,Cool (15–19°C),2025-07-01 11:26:00,0,2
2025-07-09,10,No.2 Court,Gate_2,Grounds Pass,General,1,USA,1,True,126.3,22.9,0.0,True,Warm (19–23°C),2025-07-09 12:20:00,0,10
2025-07-09,10,No.3 Court,Gate_1,Grounds Pass,General,1,Other,1,False,114.8,22.9,0.0,True,Warm (19–23°C),2025-07-09 12:21:00,0,10
2025-07-03,10,Court 4,Gate_7,Grounds Pass,General,1,UK,0,True,100.5,19.8,0.0,False,Warm (19–23°C),2025-07-03 11:46:00,0,4
2025-07-01,9,Court 6,Gate_1,Grounds Pass,General,1,UK,0,True,127.1,18.5,0.0,True,Cool (15–19°C),2025-07-01 11:21:00,66,2
2025-07-03,11,No.3 Court,Gate_8,No.2 Court,Reserved,2,UK,0,True,59.8,20.3,0.0,False,Warm (19–23°C),2025-07-03 12:08:00,0,4
2025-07-05,11,Centre Court,Gate_3,No.2 Court,Reserved,2,UK,0,False,112.5,25.0,11.35,True,Hot (>23°C),2025-07-05 13:01:00,0,6
2025-07-05,10,Court 5,Gate_4,No.2 Court,Reserved,2,UK,0,True,88.6,23.2,0.0,True,Hot (>23°C),2025-07-05 11:41:00,0,6
2025-07-12,10,No.1 Court,Gate_7,No.1 Court,Reserved,3,UK,0,True,147.9,27.2,0.0,True,Hot (>23°C),2025-07-12 13:04:00,0,13
2025-07-11,10,Court 18,Gate_6,Grounds Pass,General,1,UK,0,True,106.6,19.9,0.0,False,Warm (19–23°C),2025-07-11 11:58:00,113,12
2025-07-08,10,Court 8,Gate_6,Centre Court Debenture,Premium,5,UK,0,True,49.0,15.6,0.0,False,Cool (15–19°C),2025-07-08 11:31:00,56,9
2025-07-11,10,No.2 Court,Gate_6,Grounds Pass,General,1,Germany,1,False,82.4,19.9,0.0,False,Warm (19–23°C),2025-07-11 12:00:00,0,12
2025-07-09,10,No.1 Court,Gate_3,No.2 Court,Reserved,2,UK,0,True,162.8,22.9,0.0,True,Warm (19–23°C),2025-07-09 13:09:00,0,10
2025-07-08,10,No.3 Court,Gate_8,Grounds Pass,General,1,UK,0,False,82.4,15.6,0.0,False,Cool (15–19°C),2025-07-08 12:20:00,0,9
2025-07-09,10,Court 4,Gate_5,No.1 Court,Reserved,3,USA,1,False,89.8,22.9,0.0,True,Warm (19–23°C),2025-07-09 11:43:00,81,10
2025-07-13,11,No.3 Court,Gate_4,Centre Court,Premium,4,UK,0,False,65.9,20.9,0.0,False,Warm (19–23°C),2025-07-13 12:17:00,0,14
2025-07-10,11,Court 8,Gate_5,Centre Court,Premium,4,France,1,False,19.9,23.8,0.0,False,Hot (>23°C),2025-07-10 11:53:00,0,11
2025-07-12,11,Centre Court,Gate_6,Centre Court,Premium,4,UK,0,True,63.0,27.4,0.06,True,Hot (>23°C),2025-07-12 13:00:00,0,13
2025-07-04,11,Centre Court,Gate_7,No.1 Court,Reserved,3,UK,0,False,72.1,20.4,0.0,False,Warm (19–23°C),2025-07-04 13:08:00,0,5
2025-07-12,10,Centre Court,Gate_3,Queue Ticket,General,0,UK,0,True,122.3,27.2,0.0,True,Hot (>23°C),2025-07-12 13:00:00,0,13
2025-07-11,11,No.2 Court,Gate_3,Centre Court Debenture,Premium,5,UK,0,True,54.9,19.3,0.0,False,Warm (19–23°C),2025-07-11 12:00:00,0,12
2025-07-01,11,No.3 Court,Gate_5,Centre Court Debenture,Premium,5,USA,1,True,57.8,20.6,0.76,True,Warm (19–23°C),2025-07-01 12:22:00,0,2
2025-07-11,10,Court 8,Gate_7,Centre Court,Premium,4,UK,0,False,34.9,19.9,0.0,False,Warm (19–23°C),2025-07-11 11:11:00,0,12
2025-07-12,10,No.3 Court,Gate_6,Queue Ticket,General,0,Germany,1,False,118.6,27.2,0.0,True,Hot (>23°C),2025-07-12 12:15:00,0,13
2025-07-07,9,Court 6,Gate_2,Grounds Pass,General,1,Japan,1,True,76.8,22.2,0.0,False,Warm (19–23°C),2025-07-07 11:10:00,0,8
2025-07-07,11,Court 5,Gate_8,Centre Court,Premium,4,UK,0,False,26.6,21.4,0.0,False,Warm (19–23°C),2025-07-07 11:39:00,34,8
2025-07-08,8,Court 6,Gate_8,Grounds Pass,General,1,UK,0,True,149.6,13.4,0.0,False,Cold (<15°C),2025-07-08 11:28:00,0,9
2025-07-13,11,Court 7,Gate_7,No.1 Court,Reserved,3,France,1,False,52.4,20.9,0.0,False,Warm (19–23°C),2025-07-13 11:57:00,0,14
2025-07-04,11,No.3 Court,Gate_1,Grounds Pass,General,1,Japan,1,False,69.8,20.4,0.0,False,Warm (19–23°C),2025-07-04 12:29:00,0,5
2025-07-13,11,Centre Court,Gate_7,Grounds Pass,General,1,UK,0,False,93.5,20.9,0.0,False,Warm (19–23°C),2025-07-13 13:07:00,0,14
2025-07-01,9,Court 5,Gate_1,Queue Ticket,General,0,Other,1,False,130.2,18.5,0.0,True,Cool (15–19°C),2025-07-01 11:53:00,0,2
2025-07-09,10,No.3 Court,Gate_7,Grounds Pass,General,1,UK,0,True,126.9,22.9,0.0,True,Warm (19–23°C),2025-07-09 12:21:00,0,10
2025-07-10,13,Centre Court,Gate_4,Centre Court,Premium,4,Germany,1,True,5.0,23.0,0.0,False,Warm (19–23°C),2025-07-10 13:14:00,0,11
2025-07-09,11,No.1 Court,Gate_2,Centre Court,Premium,4,UK,0,False,115.3,23.2,0.8,True,Hot (>23°C),2025-07-09 13:09:00,0,10
2025-07-08,10,Court 4,Gate_1,Grounds Pass,General,1,UK,0,False,83.1,15.6,0.0,False,Cool (15–19°C),2025-07-08 11:29:00,0,9
2025-07-10,11,No.2 Court,Gate_2,No.1 Court,Reserved,3,Canada,1,True,8.9,23.8,0.0,False,Hot (>23°C),2025-07-10 12:07:00,0,11
2025-07-07,11,No.3 Court,Gate_7,Centre Court Debenture,Premium,5,Canada,1,False,28.6,21.4,0.0,False,Warm (19–23°C),2025-07-07 12:12:00,37,8
2025-07-05,10,No.2 Court,Gate_4,No.1 Court,Reserved,3,UK,0,True,81.5,23.2,0.0,True,Hot (>23°C),2025-07-05 12:21:00,0,6
2025-07-10,9,Court 12,Gate_5,Centre Court,Premium,4,UK,0,True,68.5,26.4,0.0,False,Hot (>23°C),2025-07-10 11:01:00,0,11
2025-07-10,11,Centre Court,Gate_8,Grounds Pass,General,1,UK,0,False,82.5,23.8,0.0,False,Hot (>23°C),2025-07-10 13:14:00,0,11
2025-07-13,9,Court 4,Gate_8,Queue Ticket,General,0,UK,0,True,102.5,20.3,0.0,False,Warm (19–23°C),2025-07-13 11:33:00,92,14
2025-06-30,10,Court 8,Gate_6,No.2 Court,Reserved,2,UK,0,False,70.0,17.2,0.0,False,Cool (15–19°C),2025-06-30 11:55:00,0,1
2025-07-13,11,Centre Court,Gate_6,Grounds Pass,General,1,UK,0,True,119.8,20.9,0.0,False,Warm (19–23°C),2025-07-13 13:07:00,0,14
2025-07-02,11,Centre Court,Gate_7,Queue Ticket,General,0,UK,0,True,90.4,26.8,0.0,False,Hot (>23°C),2025-07-02 13:01:00,0,3
2025-07-09,8,Court 8,Gate_7,Queue Ticket,General,0,UK,0,True,162.8,22.8,0.0,True,Warm (19–23°C),2025-07-09 11:18:00,0,10
2025-07-12,11,Centre Court,Gate_4,Centre Court,Premium,4,USA,1,False,111.5,27.4,0.06,True,Hot (>23°C),2025-07-12 13:00:00,0,13
2025-07-06,10,No.2 Court,Gate_8,Grounds Pass,General,1,UK,0,False,110.5,15.5,0.0,False,Cool (15–19°C),2025-07-06 12:07:00,0,7
2025-07-08,10,Court 18,Gate_5,Grounds Pass,General,1,USA,1,False,82.2,15.6,0.0,False,Cool (15–19°C),2025-07-08 11:32:00,0,9
2025-06-30,9,Court 5,Gate_2,Grounds Pass,General,1,UK,0,False,117.7,18.3,0.0,False,Cool (15–19°C),2025-06-30 11:30:00,0,1
2025-06-30,12,Centre Court,Gate_2,No.1 Court,Reserved,3,Australia,1,True,54.5,17.4,0.0,False,Cool (15–19°C),2025-06-30 13:01:00,0,1
2025-07-06,11,Centre Court,Gate_8,Grounds Pass,General,1,UK,0,True,75.3,14.2,0.0,False,Cold (<15°C),2025-07-06 13:06:00,0,7
2025-07-07,10,Centre Court,Gate_1,Queue Ticket,General,0,UK,0,True,137.2,24.1,0.0,False,Hot (>23°C),2025-07-07 13:10:00,0,8
2025-07-06,10,Court 6,Gate_2,No.1 Court,Reserved,3,USA,1,True,87.4,15.5,0.0,False,Cool (15–19°C),2025-07-06 11:42:00,0,7
2025-07-07,10,Court 8,Gate_1,No.2 Court,Reserved,2,Spain,1,False,85.9,24.1,0.0,False,Hot (>23°C),2025-07-07 11:59:00,0,8
2025-07-06,11,No.1 Court,Gate_3,Grounds Pass,General,1,Switzerland,1,True,77.5,14.2,0.0,False,Cold (<15°C),2025-07-06 13:03:00,0,7
2025-07-07,10,Court 8,Gate_1,Queue Ticket,General,0,Australia,1,False,95.0,24.1,0.0,False,Hot (>23°C),2025-07-07 11:59:00,0,8
2025-07-02,11,No.1 Court,Gate_1,Grounds Pass,General,1,Spain,1,True,92.4,26.8,0.0,False,Hot (>23°C),2025-07-02 13:07:00,0,3
2025-07-09,8,Court 7,Gate_2,Queue Ticket,General,0,USA,1,True,138.8,22.8,0.0,True,Warm (19–23°C),2025-07-09 11:02:00,0,10
2025-07-08,10,Court 4,Gate_7,No.1 Court,Reserved,3,USA,1,True,36.0,15.6,0.0,False,Cool (15–19°C),2025-07-08 11:29:00,0,9
2025-06-30,9,Court 6,Gate_4,Queue Ticket,General,0,UK,0,True,85.5,18.3,0.0,False,Cool (15–19°C),2025-06-30 11:07:00,0,1
2025-07-06,10,No.3 Court,Gate_5,Grounds Pass,General,1,UK,0,True,103.6,15.5,0.0,False,Cool (15–19°C),2025-07-06 12:21:00,0,7
2025-07-12,9,Court 18,Gate_7,Centre Court,Premium,4,Spain,1,True,90.6,25.3,0.0,True,Hot (>23°C),2025-07-12 11:23:00,0,13
2025-07-06,9,Court 7,Gate_4,Grounds Pass,General,1,UK,0,True,109.2,11.9,0.0,False,Cold (<15°C),2025-07-06 11:12:00,0,7
2025-07-12,9,Court 6,Gate_5,Grounds Pass,General,1,UK,0,False,79.1,25.3,0.0,True,Hot (>23°C),2025-07-12 11:01:00,0,13
2025-07-05,11,No.1 Court,Gate_2,Grounds Pass,General,1,USA,1,True,82.7,25.0,11.35,True,Hot (>23°C),2025-07-05 13:01:00,0,6
2025-07-01,11,Centre Court,Gate_8,Grounds Pass,General,1,UK,0,False,111.1,20.6,0.76,True,Warm (19–23°C),2025-07-01 13:13:00,0,2
2025-07-11,11,No.2 Court,Gate_4,Centre Court,Premium,4,USA,1,False,54.4,19.3,0.0,False,Warm (19–23°C),2025-07-11 12:00:00,0,12
2025-07-06,10,Court 5,Gate_4,No.2 Court,Reserved,2,Canada,1,True,59.4,15.5,0.0,False,Cool (15–19°C),2025-07-06 11:05:00,0,7
2025-07-02,9,Court 5,Gate_8,Queue Ticket,General,0,UK,0,True,96.1,25.2,0.0,False,Hot (>23°C),2025-07-02 11:26:00,0,3
2025-07-03,9,Court 6,Gate_8,Queue Ticket,General,0,Australia,1,False,90.1,17.0,0.0,False,Cool (15–19°C),2025-07-03 11:26:00,0,4
2025-07-09,8,Court 18,Gate_5,Queue Ticket,General,0,UK,0,False,170.8,22.8,0.0,True,Warm (19–23°C),2025-07-09 11:12:00,0,10
2025-07-13,12,Centre Court,Gate_7,Centre Court,Premium,4,Spain,1,False,24.2,18.2,0.0,False,Cool (15–19°C),2025-07-13 13:07:00,0,14
2025-07-09,10,Centre Court,Gate_3,Grounds Pass,General,1,Australia,1,True,130.9,22.9,0.0,True,Warm (19–23°C),2025-07-09 13:02:00,0,10
2025-07-07,10,Court 7,Gate_5,Queue Ticket,General,0,France,1,True,73.8,24.1,0.0,False,Hot (>23°C),2025-07-07 11:35:00,0,8
2025-07-06,9,Court 7,Gate_5,Queue Ticket,General,0,UK,0,True,123.2,11.9,0.0,False,Cold (<15°C),2025-07-06 11:12:00,0,7
2025-07-06,10,No.3 Court,Gate_4,No.1 Court,Reserved,3,UK,0,True,97.0,15.5,0.0,False,Cool (15–19°C),2025-07-06 12:21:00,0,7
2025-07-01,10,Centre Court,Gate_5,Grounds Pass,General,1,UK,0,True,145.5,19.4,0.0,True,Warm (19–23°C),2025-07-01 13:13:00,0,2
2025-07-08,11,Court 4,Gate_2,Centre Court,Premium,4,USA,1,False,18.1,12.1,0.0,False,Cold (<15°C),2025-07-08 11:29:00,0,9
2025-07-07,9,Court 6,Gate_3,Grounds Pass,General,1,Germany,1,False,81.9,22.2,0.0,False,Warm (19–23°C),2025-07-07 11:10:00,0,8
2025-07-03,11,Centre Court,Gate_2,Queue Ticket,General,0,UK,0,True,91.0,20.3,0.0,False,Warm (19–23°C),2025-07-03 13:02:00,0,4
2025-07-09,11,No.2 Court,Gate_4,Centre Court,Premium,4,Other,1,True,61.6,23.2,0.8,True,Hot (>23°C),2025-07-09 12:20:00,0,10
2025-07-02,11,Centre Court,Gate_3,Queue Ticket,General,0,Other,1,False,92.8,26.8,0.0,False,Hot (>23°C),2025-07-02 13:01:00,0,3
2025-07-01,10,No.1 Court,Gate_3,Grounds Pass,General,1,UK,0,False,139.2,19.4,0.0,True,Warm (19–23°C),2025-07-01 13:00:00,0,2
2025-07-05,10,Court 7,Gate_3,Centre Court,Premium,4,UK,0,True,75.0,23.2,0.0,True,Hot (>23°C),2025-07-05 11:18:00,0,6
2025-07-13,11,No.2 Court,Gate_6,Centre Court,Premium,4,UK,0,True,34.5,20.9,0.0,False,Warm (19–23°C),2025-07-13 12:28:00,112,14
2025-07-08,9,Court 5,Gate_3,Queue Ticket,General,0,UK,0,False,92.1,14.1,0.0,False,Cold (<15°C),2025-07-08 11:32:00,0,9
2025-07-11,10,Court 8,Gate_5,Queue Ticket,General,0,Australia,1,True,61.7,19.9,0.0,False,Warm (19–23°C),2025-07-11 11:11:00,0,12
2025-07-10,10,No.3 Court,Gate_1,Queue Ticket,General,0,UK,0,True,81.2,24.9,0.0,False,Hot (>23°C),2025-07-10 12:15:00,0,11
2025-07-06,10,No.3 Court,Gate_2,Grounds Pass,General,1,UK,0,False,135.4,15.5,0.0,False,Cool (15–19°C),2025-07-06 12:21:00,0,7
2025-07-11,10,Court 5,Gate_6,Grounds Pass,General,1,Switzerland,1,False,73.2,19.9,0.0,False,Warm (19–23°C),2025-07-11 11:44:00,0,12
2025-07-02,11,No.1 Court,Gate_7,Grounds Pass,General,1,UK,0,True,84.9,26.8,0.0,False,Hot (>23°C),2025-07-02 13:07:00,0,3
2025-07-11,9,Court 6,Gate_4,Queue Ticket,General,0,Switzerland,1,True,90.9,19.8,0.0,False,Warm (19–23°C),2025-07-11 11:10:00,0,12
2025-06-30,11,No.1 Court,Gate_2,Grounds Pass,General,1,UK,0,True,124.9,17.8,0.0,False,Cool (15–19°C),2025-06-30 13:11:00,0,1
2025-07-03,12,No.1 Court,Gate_7,Grounds Pass,General,1,UK,0,True,63.9,20.5,0.0,False,Warm (19–23°C),2025-07-03 13:11:00,0,4
2025-06-30,9,Court 7,Gate_4,Grounds Pass,General,1,UK,0,False,101.2,18.3,0.0,False,Cool (15–19°C),2025-06-30 11:10:00,0,1
2025-07-11,11,No.3 Court,Gate_1,No.2 Court,Reserved,2,USA,1,True,39.2,19.3,0.0,False,Warm (19–23°C),2025-07-11 12:28:00,26,12
2025-07-10,9,Court 5,Gate_8,Grounds Pass,General,1,UK,0,True,114.2,26.4,0.0,False,Hot (>23°C),2025-07-10 11:09:00,0,11
2025-07-12,11,No.1 Court,Gate_1,Queue Ticket,General,0,USA,1,False,118.6,27.4,0.06,True,Hot (>23°C),2025-07-12 13:04:00,0,13
2025-07-05,9,Court 18,Gate_7,Grounds Pass,General,1,UK,0,False,122.2,26.0,0.0,True,Hot (>23°C),2025-07-05 11:57:00,0,6
2025-07-02,11,No.2 Court,Gate_2,Grounds Pass,General,1,UK,0,True,43.8,26.8,0.0,False,Hot (>23°C),2025-07-02 12:20:00,0,3
2025-07-07,10,Court 12,Gate_5,Centre Court,Premium,4,UK,0,False,36.7,24.1,0.0,False,Hot (>23°C),2025-07-07 11:34:00,0,8
2025-07-05,10,Court 8,Gate_5,Queue Ticket,General,0,Australia,1,True,105.2,23.2,0.0,True,Hot (>23°C),2025-07-05 11:57:00,28,6
2025-07-03,11,Centre Court,Gate_7,Centre Court,Premium,4,UK,0,True,65.8,20.3,0.0,False,Warm (19–23°C),2025-07-03 13:02:00,0,4
2025-07-07,12,Centre Court,Gate_7,Centre Court,Premium,4,Switzerland,1,True,49.1,21.4,0.0,False,Warm (19–23°C),2025-07-07 13:10:00,0,8
2025-07-06,11,No.2 Court,Gate_6,No.1 Court,Reserved,3,USA,1,False,51.1,14.2,0.0,False,Cold (<15°C),2025-07-06 12:07:00,0,7
2025-07-05,10,Court 8,Gate_5,Centre Court Debenture,Premium,5,UK,0,True,68.7,23.2,0.0,True,Hot (>23°C),2025-07-05 11:57:00,28,6
2025-07-11,9,Court 8,Gate_5,No.2 Court,Reserved,2,UK,0,True,80.6,19.8,0.0,False,Warm (19–23°C),2025-07-11 11:11:00,0,12
2025-06-30,11,Centre Court,Gate_1,Queue Ticket,General,0,UK,0,True,117.0,17.8,0.0,False,Cool (15–19°C),2025-06-30 13:01:00,0,1
2025-07-09,10,No.3 Court,Gate_1,Grounds Pass,General,1,Australia,1,True,116.5,22.9,0.0,True,Warm (19–23°C),2025-07-09 12:21:00,0,10
2025-07-13,10,Court 7,Gate_3,Grounds Pass,General,1,Canada,1,True,66.2,19.2,0.0,False,Warm (19–23°C),2025-07-13 11:57:00,0,14
2025-07-08,10,Court 12,Gate_8,Centre Court,Premium,4,Switzerland,1,True,55.6,15.6,0.0,False,Cool (15–19°C),2025-07-08 11:49:00,0,9
2025-07-03,11,Centre Court,Gate_3,Queue Ticket,General,0,Germany,1,False,101.0,20.3,0.0,False,Warm (19–23°C),2025-07-03 13:02:00,0,4
2025-07-01,10,No.3 Court,Gate_8,Centre Court,Premium,4,Australia,1,False,101.6,19.4,0.0,True,Warm (19–23°C),2025-07-01 12:22:00,0,2
2025-07-03,9,Court 8,Gate_4,Grounds Pass,General,1,Germany,1,True,76.6,17.0,0.0,False,Cool (15–19°C),2025-07-03 11:04:00,0,4
2025-06-30,10,Court 8,Gate_6,Grounds Pass,General,1,UK,0,True,84.7,17.2,0.0,False,Cool (15–19°C),2025-06-30 11:55:00,0,1
2025-07-06,10,No.2 Court,Gate_2,Queue Ticket,General,0,UK,0,True,88.5,15.5,0.0,False,Cool (15–19°C),2025-07-06 12:07:00,0,7
2025-07-05,11,Centre Court,Gate_5,No.1 Court,Reserved,3,Other,1,True,82.9,25.0,11.35,True,Hot (>23°C),2025-07-05 13:01:00,0,6
2025-07-07,11,Centre Court,Gate_2,Grounds Pass,General,1,UK,0,False,85.7,21.4,0.0,False,Warm (19–23°C),2025-07-07 13:10:00,0,8
2025-06-30,11,Centre Court,Gate_8,Grounds Pass,General,1,Germany,1,True,99.0,17.8,0.0,False,Cool (15–19°C),2025-06-30 13:01:00,0,1
2025-07-04,10,Court 4,Gate_4,No.2 Court,Reserved,2,UK,0,True,100.5,21.2,0.0,False,Warm (19–23°C),2025-07-04 11:51:00,105,5
2025-07-04,9,Court 8,Gate_2,Queue Ticket,General,0,Japan,1,True,122.1,21.9,0.0,False,Warm (19–23°C),2025-07-04 11:59:00,0,5
2025-07-02,11,Centre Court,Gate_2,Queue Ticket,General,0,France,1,False,65.8,26.8,0.0,False,Hot (>23°C),2025-07-02 13:01:00,0,3
2025-07-08,11,No.3 Court,Gate_8,Queue Ticket,General,0,UK,0,False,66.1,12.1,0.0,False,Cold (<15°C),2025-07-08 12:20:00,0,9
2025-07-06,10,Court 5,Gate_2,Grounds Pass,General,1,USA,1,True,38.4,15.5,0.0,False,Cool (15–19°C),2025-07-06 11:05:00,0,7
2025-06-30,11,Centre Court,Gate_7,Grounds Pass,General,1,Spain,1,True,112.2,17.8,0.0,False,Cool (15–19°C),2025-06-30 13:01:00,0,1
2025-07-11,10,Court 5,Gate_2,Queue Ticket,General,0,Other,1,True,60.7,19.9,0.0,False,Warm (19–23°C),2025-07-11 11:44:00,0,12
2025-07-05,10,No.3 Court,Gate_6,No.2 Court,Reserved,2,UK,0,True,120.1,23.2,0.0,True,Hot (>23°C),2025-07-05 12:04:00,0,6
2025-07-07,12,No.1 Court,Gate_2,Centre Court,Premium,4,USA,1,True,46.3,21.4,0.0,False,Warm (19–23°C),2025-07-07 13:02:00,0,8
2025-07-03,11,No.1 Court,Gate_3,No.1 Court,Reserved,3,Australia,1,True,98.6,20.3,0.0,False,Warm (19–23°C),2025-07-03 13:11:00,0,4
2025-07-08,11,No.1 Court,Gate_5,Grounds Pass,General,1,Spain,1,True,67.3,12.1,0.0,False,Cold (<15°C),2025-07-08 13:07:00,0,9
2025-07-08,10,Court 7,Gate_8,No.2 Court,Reserved,2,UK,0,True,91.7,15.6,0.0,False,Cool (15–19°C),2025-07-08 11:32:00,0,9
2025-07-07,9,Court 7,Gate_5,Queue Ticket,General,0,UK,0,True,111.5,22.2,0.0,False,Warm (19–23°C),2025-07-07 11:35:00,0,8
2025-07-12,9,Court 4,Gate_6,Queue Ticket,General,0,UK,0,True,145.3,25.3,0.0,True,Hot (>23°C),2025-07-12 11:45:00,0,13
2025-07-10,12,No.1 Court,Gate_7,Centre Court,Premium,4,UK,0,True,17.6,24.1,0.0,False,Hot (>23°C),2025-07-10 13:13:00,0,11
2025-07-02,9,Court 5,Gate_8,Centre Court,Premium,4,UK,0,True,86.2,25.2,0.0,False,Hot (>23°C),2025-07-02 11:26:00,0,3
2025-07-09,9,Court 8,Gate_3,Queue Ticket,General,0,USA,1,True,119.8,23.5,0.0,True,Hot (>23°C),2025-07-09 11:18:00,0,10
2025-07-10,11,No.1 Court,Gate_6,Queue Ticket,General,0,UK,0,False,112.2,23.8,0.0,False,Hot (>23°C),2025-07-10 13:13:00,0,11
2025-07-05,10,Centre Court,Gate_5,Queue Ticket,General,0,Switzerland,1,False,134.7,23.2,0.0,True,Hot (>23°C),2025-07-05 13:01:00,0,6
2025-07-09,10,Court 5,Gate_4,Grounds Pass,General,1,Spain,1,True,110.0,22.9,0.0,True,Warm (19–23°C),2025-07-09 11:54:00,0,10
2025-07-06,11,Centre Court,Gate_2,No.2 Court,Reserved,2,UK,0,False,86.8,14.2,0.0,False,Cold (<15°C),2025-07-06 13:06:00,0,7
2025-07-07,9,Court 18,Gate_3,Queue Ticket,General,0,UK,0,False,108.6,22.2,0.0,False,Warm (19–23°C),2025-07-07 11:17:00,0,8
2025-07-12,10,Centre Court,Gate_4,Queue Ticket,General,0,UK,0,True,141.2,27.2,0.0,True,Hot (>23°C),2025-07-12 13:00:00,0,13
2025-07-11,10,No.2 Court,Gate_4,No.1 Court,Reserved,3,UK,0,True,82.6,19.9,0.0,False,Warm (19–23°C),2025-07-11 12:00:00,0,12
2025-07-07,12,Centre Court,Gate_7,Centre Court Debenture,Premium,5,UK,0,True,31.5,21.4,0.0,False,Warm (19–23°C),2025-07-07 13:10:00,0,8
2025-07-10,10,Court 12,Gate_2,Grounds Pass,General,1,Other,1,True,49.9,24.9,0.0,False,Hot (>23°C),2025-07-10 11:01:00,0,11
2025-07-11,11,No.1 Court,Gate_6,Grounds Pass,General,1,Other,1,False,77.6,19.3,0.0,False,Warm (19–23°C),2025-07-11 13:01:00,0,12
2025-07-11,10,Court 5,Gate_1,Grounds Pass,General,1,Japan,1,False,83.6,19.9,0.0,False,Warm (19–23°C),2025-07-11 11:44:00,0,12
2025-06-30,9,Court 7,Gate_4,Grounds Pass,General,1,UK,0,False,116.9,18.3,0.0,False,Cool (15–19°C),2025-06-30 11:10:00,0,1
2025-07-06,9,Court 18,Gate_6,Grounds Pass,General,1,UK,0,True,115.5,11.9,0.0,False,Cold (<15°C),2025-07-06 11:29:00,0,7
2025-07-02,12,Centre Court,Gate_2,No.1 Court,Reserved,3,Other,1,False,32.0,27.1,0.0,False,Hot (>23°C),2025-07-02 13:01:00,0,3
2025-07-03,10,Court 6,Gate_7,No.2 Court,Reserved,2,Australia,1,True,77.9,19.8,0.0,False,Warm (19–23°C),2025-07-03 11:26:00,0,4
2025-07-10,10,Court 18,Gate_3,No.2 Court,Reserved,2,UK,0,False,82.7,24.9,0.0,False,Hot (>23°C),2025-07-10 11:46:00,0,11
2025-07-01,8,Court 6,Gate_3,Grounds Pass,General,1,UK,0,True,146.0,21.8,0.0,True,Warm (19–23°C),2025-07-01 11:21:00,66,2
2025-07-11,11,Court 4,Gate_5,Centre Court Debenture,Premium,5,UK,0,False,24.2,19.3,0.0,False,Warm (19–23°C),2025-07-11 11:49:00,0,12
2025-07-05,10,No.2 Court,Gate_6,Grounds Pass,General,1,Australia,1,True,93.0,23.2,0.0,True,Hot (>23°C),2025-07-05 12:21:00,0,6
2025-07-13,10,No.2 Court,Gate_5,Grounds Pass,General,1,UK,0,True,92.9,19.2,0.0,False,Warm (19–23°C),2025-07-13 12:28:00,112,14
2025-07-12,8,Court 18,Gate_6,Grounds Pass,General,1,UK,0,True,144.1,24.7,0.0,True,Hot (>23°C),2025-07-12 11:23:00,0,13
2025-07-05,10,No.2 Court,Gate_1,No.1 Court,Reserved,3,Germany,1,False,97.1,23.2,0.0,True,Hot (>23°C),2025-07-05 12:21:00,0,6
2025-06-30,10,Court 8,Gate_5,Grounds Pass,General,1,Spain,1,False,71.7,17.2,0.0,False,Cool (15–19°C),2025-06-30 11:55:00,0,1
2025-07-08,10,Court 6,Gate_2,No.1 Court,Reserved,3,UK,0,True,85.4,15.6,0.0,False,Cool (15–19°C),2025-07-08 11:28:00,0,9
2025-07-07,10,Centre Court,Gate_8,Grounds Pass,General,1,UK,0,True,146.5,24.1,0.0,False,Hot (>23°C),2025-07-07 13:10:00,0,8
2025-07-10,11,Centre Court,Gate_7,Grounds Pass,General,1,Spain,1,True,87.4,23.8,0.0,False,Hot (>23°C),2025-07-10 13:14:00,0,11
2025-07-12,10,Court 5,Gate_2,Centre Court,Premium,4,Other,1,True,81.9,27.2,0.0,True,Hot (>23°C),2025-07-12 11:34:00,0,13
2025-07-04,11,Court 8,Gate_7,Centre Court,Premium,4,USA,1,True,45.0,20.4,0.0,False,Warm (19–23°C),2025-07-04 11:59:00,0,5
2025-07-04,10,Court 6,Gate_5,No.1 Court,Reserved,3,UK,0,False,52.9,21.2,0.0,False,Warm (19–23°C),2025-07-04 11:26:00,0,5
2025-06-30,10,Court 4,Gate_4,Queue Ticket,General,0,UK,0,True,91.2,17.2,0.0,False,Cool (15–19°C),2025-06-30 11:58:00,0,1
2025-07-12,11,No.1 Court,Gate_7,Centre Court Debenture,Premium,5,Other,1,True,74.1,27.4,0.06,True,Hot (>23°C),2025-07-12 13:04:00,0,13
2025-06-30,9,Court 12,Gate_5,Queue Ticket,General,0,USA,1,False,101.1,18.3,0.0,False,Cool (15–19°C),2025-06-30 11:32:00,0,1
2025-07-03,10,Court 12,Gate_8,No.1 Court,Reserved,3,UK,0,True,68.7,19.8,0.0,False,Warm (19–23°C),2025-07-03 11:45:00,0,4
2025-06-30,9,Court 5,Gate_3,Queue Ticket,General,0,UK,0,True,109.1,18.3,0.0,False,Cool (15–19°C),2025-06-30 11:30:00,0,1
2025-07-06,10,No.2 Court,Gate_1,Queue Ticket,General,0,UK,0,False,126.3,15.5,0.0,False,Cool (15–19°C),2025-07-06 12:07:00,0,7
2025-07-06,12,Centre Court,Gate_8,Centre Court,Premium,4,Other,1,True,17.0,14.8,0.0,False,Cold (<15°C),2025-07-06 13:06:00,0,7
2025-07-10,10,Court 8,Gate_7,Queue Ticket,General,0,USA,1,False,102.7,24.9,0.0,False,Hot (>23°C),2025-07-10 11:53:00,0,11
2025-07-09,9,Court 4,Gate_3,Queue Ticket,General,0,USA,1,True,107.9,23.5,0.0,True,Hot (>23°C),2025-07-09 11:43:00,81,10
2025-07-11,12,No.1 Court,Gate_3,No.1 Court,Reserved,3,Germany,1,False,57.4,19.8,0.0,False,Warm (19–23°C),2025-07-11 13:01:00,0,12
2025-07-13,9,Court 5,Gate_1,Queue Ticket,General,0,Switzerland,1,True,79.2,20.3,0.0,False,Warm (19–23°C),2025-07-13 11:08:00,0,14
2025-07-13,10,Court 6,Gate_5,Grounds Pass,General,1,Switzerland,1,False,57.8,19.2,0.0,False,Warm (19–23°C),2025-07-13 11:00:00,0,14
2025-07-10,9,Court 7,Gate_6,Grounds Pass,General,1,Canada,1,True,75.8,26.4,0.0,False,Hot (>23°C),2025-07-10 11:13:00,0,11
2025-07-11,9,Court 6,Gate_2,No.2 Court,Reserved,2,Other,1,True,78.4,19.8,0.0,False,Warm (19–23°C),2025-07-11 11:10:00,0,12
2025-07-06,9,Court 18,Gate_5,Grounds Pass,General,1,UK,0,True,115.5,11.9,0.0,False,Cold (<15°C),2025-07-06 11:29:00,0,7
2025-07-08,9,Court 4,Gate_2,No.2 Court,Reserved,2,UK,0,False,123.2,14.1,0.0,False,Cold (<15°C),2025-07-08 11:29:00,0,9
2025-07-11,10,No.3 Court,Gate_2,Queue Ticket,General,0,Other,1,False,98.4,19.9,0.0,False,Warm (19–23°C),2025-07-11 12:28:00,26,12
2025-07-07,10,Court 4,Gate_6,No.1 Court,Reserved,3,Australia,1,True,60.0,24.1,0.0,False,Hot (>23°C),2025-07-07 11:29:00,0,8
2025-07-02,11,No.1 Court,Gate_7,No.2 Court,Reserved,2,USA,1,True,76.5,26.8,0.0,False,Hot (>23°C),2025-07-02 13:07:00,0,3
2025-07-12,10,No.3 Court,Gate_4,Grounds Pass,General,1,Australia,1,True,101.0,27.2,0.0,True,Hot (>23°C),2025-07-12 12:15:00,0,13
2025-07-01,11,No.1 Court,Gate_2,Grounds Pass,General,1,Switzerland,1,True,114.5,20.6,0.76,True,Warm (19–23°C),2025-07-01 13:00:00,0,2
2025-07-09,10,Court 5,Gate_2,Grounds Pass,General,1,Japan,1,True,85.4,22.9,0.0,True,Warm (19–23°C),2025-07-09 11:54:00,0,10
2025-07-11,10,No.2 Court,Gate_1,No.2 Court,Reserved,2,UK,0,True,96.8,19.9,0.0,False,Warm (19–23°C),2025-07-11 12:00:00,0,12
2025-07-08,11,Centre Court,Gate_4,Grounds Pass,General,1,UK,0,True,106.0,12.1,0.0,False,Cold (<15°C),2025-07-08 13:00:00,0,9
2025-07-09,9,No.3 Court,Gate_2,Grounds Pass,General,1,France,1,True,143.4,23.5,0.0,True,Hot (>23°C),2025-07-09 12:21:00,0,10
2025-07-05,10,No.2 Court,Gate_7,No.1 Court,Reserved,3,UK,0,True,94.4,23.2,0.0,True,Hot (>23°C),2025-07-05 12:21:00,0,6
2025-07-06,10,No.3 Court,Gate_5,Grounds Pass,General,1,USA,1,True,119.9,15.5,0.0,False,Cool (15–19°C),2025-07-06 12:21:00,0,7
2025-07-06,10,No.2 Court,Gate_4,Queue Ticket,General,0,Canada,1,False,89.0,15.5,0.0,False,Cool (15–19°C),2025-07-06 12:07:00,0,7
2025-07-12,11,Centre Court,Gate_3,Grounds Pass,General,1,Canada,1,True,108.6,27.4,0.06,True,Hot (>23°C),2025-07-12 13:00:00,0,13
2025-07-07,10,Court 18,Gate_2,No.2 Court,Reserved,2,UK,0,False,35.6,24.1,0.0,False,Hot (>23°C),2025-07-07 11:17:00,0,8
2025-07-07,12,Centre Court,Gate_7,Grounds Pass,General,1,UK,0,True,60.5,21.4,0.0,False,Warm (19–23°C),2025-07-07 13:10:00,0,8
2025-07-09,11,Centre Court,Gate_3,Grounds Pass,General,1,USA,1,True,100.5,23.2,0.8,True,Hot (>23°C),2025-07-09 13:02:00,0,10
2025-07-09,10,No.3 Court,Gate_8,No.1 Court,Reserved,3,Australia,1,False,85.2,22.9,0.0,True,Warm (19–23°C),2025-07-09 12:21:00,0,10
2025-07-10,12,No.1 Court,Gate_2,No.1 Court,Reserved,3,UK,0,False,50.0,24.1,0.0,False,Hot (>23°C),2025-07-10 13:13:00,0,11
2025-06-30,10,Court 5,Gate_3,Centre Court,Premium,4,France,1,True,46.4,17.2,0.0,False,Cool (15–19°C),2025-06-30 11:30:00,0,1
2025-06-30,10,No.2 Court,Gate_8,Grounds Pass,General,1,Canada,1,False,111.9,17.2,0.0,False,Cool (15–19°C),2025-06-30 12:02:00,89,1
2025-07-08,11,No.3 Court,Gate_7,No.1 Court,Reserved,3,UK,0,True,73.6,12.1,0.0,False,Cold (<15°C),2025-07-08 12:20:00,0,9
2025-07-01,9,Court 7,Gate_4,Grounds Pass,General,1,UK,0,True,142.8,18.5,0.0,True,Cool (15–19°C),2025-07-01 11:32:00,0,2
2025-07-09,9,Court 6,Gate_4,Grounds Pass,General,1,Switzerland,1,False,96.5,23.5,0.0,True,Hot (>23°C),2025-07-09 11:14:00,0,10
2025-07-04,9,Court 7,Gate_2,Grounds Pass,General,1,UK,0,True,128.4,21.9,0.0,False,Warm (19–23°C),2025-07-04 11:39:00,0,5
2025-07-10,10,No.3 Court,Gate_8,No.2 Court,Reserved,2,UK,0,False,90.8,24.9,0.0,False,Hot (>23°C),2025-07-10 12:15:00,0,11
2025-07-06,10,Court 18,Gate_4,Grounds Pass,General,1,France,1,False,61.2,15.5,0.0,False,Cool (15–19°C),2025-07-06 11:29:00,0,7
2025-07-05,12,Centre Court,Gate_5,Centre Court Debenture,Premium,5,France,1,True,48.9,24.5,2.94,True,Hot (>23°C),2025-07-05 13:01:00,0,6
2025-07-08,10,Court 8,Gate_8,No.1 Court,Reserved,3,USA,1,False,54.1,15.6,0.0,False,Cool (15–19°C),2025-07-08 11:31:00,56,9
2025-07-13,11,No.3 Court,Gate_1,Grounds Pass,General,1,Japan,1,True,56.7,20.9,0.0,False,Warm (19–23°C),2025-07-13 12:17:00,0,14
2025-07-11,12,Centre Court,Gate_6,No.2 Court,Reserved,2,UK,0,False,58.7,19.8,0.0,False,Warm (19–23°C),2025-07-11 13:13:00,0,12
2025-07-10,11,Court 6,Gate_5,No.1 Court,Reserved,3,France,1,False,45.2,23.8,0.0,False,Hot (>23°C),2025-07-10 11:53:00,0,11
2025-07-11,10,No.2 Court,Gate_2,No.2 Court,Reserved,2,USA,1,True,73.5,19.9,0.0,False,Warm (19–23°C),2025-07-11 12:00:00,0,12
2025-07-12,9,Court 5,Gate_4,Grounds Pass,General,1,Spain,1,True,134.3,25.3,0.0,True,Hot (>23°C),2025-07-12 11:34:00,0,13
2025-07-07,9,Court 18,Gate_6,Queue Ticket,General,0,USA,1,True,103.2,22.2,0.0,False,Warm (19–23°C),2025-07-07 11:17:00,0,8
2025-07-10,11,Centre Court,Gate_8,Queue Ticket,General,0,UK,0,True,88.7,23.8,0.0,False,Hot (>23°C),2025-07-10 13:14:00,0,11
2025-06-30,10,No.2 Court,Gate_7,Centre Court,Premium,4,UK,0,True,96.2,17.2,0.0,False,Cool (15–19°C),2025-06-30 12:02:00,89,1
2025-07-09,10,No.2 Court,Gate_5,Grounds Pass,General,1,UK,0,False,128.3,22.9,0.0,True,Warm (19–23°C),2025-07-09 12:20:00,0,10
2025-07-05,10,Centre Court,Gate_8,Grounds Pass,General,1,USA,1,True,147.4,23.2,0.0,True,Hot (>23°C),2025-07-05 13:01:00,0,6
2025-06-30,10,Court 6,Gate_8,Centre Court Debenture,Premium,5,USA,1,True,29.9,17.2,0.0,False,Cool (15–19°C),2025-06-30 11:07:00,0,1
2025-06-30,10,Court 12,Gate_7,Queue Ticket,General,0,UK,0,True,76.9,17.2,0.0,False,Cool (15–19°C),2025-06-30 11:32:00,0,1
2025-07-04,11,No.2 Court,Gate_3,Grounds Pass,General,1,Germany,1,True,52.6,20.4,0.0,False,Warm (19–23°C),2025-07-04 12:13:00,0,5
2025-07-03,11,No.1 Court,Gate_7,No.1 Court,Reserved,3,Spain,1,True,91.1,20.3,0.0,False,Warm (19–23°C),2025-07-03 13:11:00,0,4
2025-07-06,11,No.1 Court,Gate_8,Grounds Pass,General,1,UK,0,True,107.5,14.2,0.0,False,Cold (<15°C),2025-07-06 13:03:00,0,7
2025-07-13,11,Centre Court,Gate_1,Queue Ticket,General,0,Japan,1,True,91.3,20.9,0.0,False,Warm (19–23°C),2025-07-13 13:07:00,0,14
2025-07-04,9,Court 5,Gate_8,No.2 Court,Reserved,2,Canada,1,False,110.9,21.9,0.0,False,Warm (19–23°C),2025-07-04 11:16:00,0,5
2025-07-11,11,No.1 Court,Gate_2,Grounds Pass,General,1,USA,1,False,108.6,19.3,0.0,False,Warm (19–23°C),2025-07-11 13:01:00,0,12
2025-07-08,10,Court 6,Gate_7,Grounds Pass,General,1,UK,0,False,65.7,15.6,0.0,False,Cool (15–19°C),2025-07-08 11:28:00,0,9
2025-07-07,11,Court 5,Gate_1,Centre Court Debenture,Premium,5,France,1,True,5.0,21.4,0.0,False,Warm (19–23°C),2025-07-07 11:39:00,34,8
2025-07-07,9,Court 18,Gate_4,Grounds Pass,General,1,USA,1,False,99.7,22.2,0.0,False,Warm (19–23°C),2025-07-07 11:17:00,0,8
2025-07-12,9,Court 4,Gate_7,Queue Ticket,General,0,UK,0,False,130.9,25.3,0.0,True,Hot (>23°C),2025-07-12 11:45:00,0,13
2025-07-06,12,Centre Court,Gate_8,No.1 Court,Reserved,3,France,1,True,57.2,14.8,0.0,False,Cold (<15°C),2025-07-06 13:06:00,0,7
2025-07-13,12,No.1 Court,Gate_7,Queue Ticket,General,0,Australia,1,True,58.7,18.2,0.0,False,Cool (15–19°C),2025-07-13 13:09:00,0,14
2025-06-30,10,No.2 Court,Gate_6,Grounds Pass,General,1,Germany,1,False,92.7,17.2,0.0,False,Cool (15–19°C),2025-06-30 12:02:00,89,1
2025-07-03,10,No.2 Court,Gate_2,Grounds Pass,General,1,USA,1,True,98.3,19.8,0.0,False,Warm (19–23°C),2025-07-03 12:23:00,0,4
2025-07-11,10,Court 18,Gate_5,Grounds Pass,General,1,UK,0,True,106.2,19.9,0.0,False,Warm (19–23°C),2025-07-11 11:58:00,113,12
2025-07-07,9,Court 4,Gate_5,Grounds Pass,General,1,UK,0,False,97.4,22.2,0.0,False,Warm (19–23°C),2025-07-07 11:29:00,0,8
2025-07-01,11,Centre Court,Gate_2,No.2 Court,Reserved,2,UK,0,True,110.1,20.6,0.76,True,Warm (19–23°C),2025-07-01 13:13:00,0,2
2025-07-11,10,No.3 Court,Gate_2,No.1 Court,Reserved,3,UK,0,False,109.4,19.9,0.0,False,Warm (19–23°C),2025-07-11 12:28:00,26,12
2025-07-09,10,No.2 Court,Gate_6,Grounds Pass,General,1,Australia,1,True,105.7,22.9,0.0,True,Warm (19–23°C),2025-07-09 12:20:00,0,10
2025-07-12,9,Court 18,Gate_4,Grounds Pass,General,1,UK,0,True,115.8,25.3,0.0,True,Hot (>23°C),2025-07-12 11:23:00,0,13
2025-06-30,11,Centre Court,Gate_1,Grounds Pass,General,1,UK,0,True,78.0,17.8,0.0,False,Cool (15–19°C),2025-06-30 13:01:00,0,1
2025-07-05,10,No.3 Court,Gate_8,Queue Ticket,General,0,Australia,1,True,74.2,23.2,0.0,True,Hot (>23°C),2025-07-05 12:04:00,0,6
2025-07-06,10,Court 8,Gate_7,Queue Ticket,General,0,UK,0,False,83.2,15.5,0.0,False,Cool (15–19°C),2025-07-06 11:32:00,0,7
2025-07-03,12,No.1 Court,Gate_7,Centre Court,Premium,4,UK,0,True,59.7,20.5,0.0,False,Warm (19–23°C),2025-07-03 13:11:00,0,4
2025-07-11,10,Court 4,Gate_4,Queue Ticket,General,0,USA,1,True,94.4,19.9,0.0,False,Warm (19–23°C),2025-07-11 11:49:00,0,12
2025-07-04,12,No.1 Court,Gate_6,Centre Court,Premium,4,Germany,1,False,45.2,21.9,0.0,False,Warm (19–23°C),2025-07-04 13:05:00,0,5
2025-07-05,10,Centre Court,Gate_1,Grounds Pass,General,1,UK,0,False,131.7,23.2,0.0,True,Hot (>23°C),2025-07-05 13:01:00,0,6
2025-07-11,11,No.3 Court,Gate_8,Centre Court,Premium,4,UK,0,True,52.3,19.3,0.0,False,Warm (19–23°C),2025-07-11 12:28:00,26,12
2025-07-08,10,No.3 Court,Gate_7,Grounds Pass,General,1,Switzerland,1,False,81.1,15.6,0.0,False,Cool (15–19°C),2025-07-08 12:20:00,0,9
2025-07-11,11,No.1 Court,Gate_8,No.2 Court,Reserved,2,UK,0,False,103.6,19.3,0.0,False,Warm (19–23°C),2025-07-11 13:01:00,0,12
2025-07-02,9,Court 4,Gate_6,Queue Ticket,General,0,UK,0,False,140.1,25.2,0.0,False,Hot (>23°C),2025-07-02 11:56:00,0,3
2025-07-11,10,Court 4,Gate_5,Queue Ticket,General,0,USA,1,True,109.0,19.9,0.0,False,Warm (19–23°C),2025-07-11 11:49:00,0,12
2025-07-06,10,No.2 Court,Gate_7,Grounds Pass,General,1,UK,0,False,106.2,15.5,0.0,False,Cool (15–19°C),2025-07-06 12:07:00,0,7
2025-07-02,10,No.3 Court,Gate_6,Queue Ticket,General,0,UK,0,True,82.7,27.9,0.0,False,Hot (>23°C),2025-07-02 12:14:00,0,3
2025-07-01,9,Court 4,Gate_6,No.1 Court,Reserved,3,UK,0,True,124.5,18.5,0.0,True,Cool (15–19°C),2025-07-01 11:26:00,0,2
2025-07-07,10,Court 4,Gate_2,Queue Ticket,General,0,USA,1,True,77.6,24.1,0.0,False,Hot (>23°C),2025-07-07 11:29:00,0,8
2025-07-09,11,No.1 Court,Gate_2,Centre Court Debenture,Premium,5,UK,0,True,90.6,23.2,0.8,True,Hot (>23°C),2025-07-09 13:09:00,0,10
2025-06-30,10,Court 8,Gate_4,No.1 Court,Reserved,3,UK,0,True,75.6,17.2,0.0,False,Cool (15–19°C),2025-06-30 11:55:00,0,1
2025-07-01,9,Court 6,Gate_8,Grounds Pass,General,1,UK,0,True,138.9,18.5,0.0,True,Cool (15–19°C),2025-07-01 11:21:00,66,2
2025-07-01,10,No.3 Court,Gate_6,No.2 Court,Reserved,2,UK,0,True,136.0,19.4,0.0,True,Warm (19–23°C),2025-07-01 12:22:00,0,2
2025-07-11,11,No.3 Court,Gate_4,Centre Court,Premium,4,UK,0,True,44.9,19.3,0.0,False,Warm (19–23°C),2025-07-11 12:28:00,26,12
2025-07-08,12,Centre Court,Gate_5,Centre Court,Premium,4,USA,1,True,43.6,12.5,0.0,False,Cold (<15°C),2025-07-08 13:00:00,0,9
2025-07-03,12,No.1 Court,Gate_7,Centre Court,Premium,4,UK,0,False,56.9,20.5,0.0,False,Warm (19–23°C),2025-07-03 13:11:00,0,4
2025-07-09,10,Court 4,Gate_1,Grounds Pass,General,1,Spain,1,False,77.3,22.9,0.0,True,Warm (19–23°C),2025-07-09 11:43:00,81,10
2025-07-04,11,No.1 Court,Gate_3,Queue Ticket,General,0,Australia,1,True,85.3,20.4,0.0,False,Warm (19–23°C),2025-07-04 13:05:00,0,5
2025-07-08,9,Court 8,Gate_7,Queue Ticket,General,0,UK,0,True,124.4,14.1,0.0,False,Cold (<15°C),2025-07-08 11:31:00,56,9
2025-07-06,10,Court 12,Gate_1,No.2 Court,Reserved,2,UK,0,False,45.7,15.5,0.0,False,Cool (15–19°C),2025-07-06 11:10:00,0,7
2025-07-06,10,Court 5,Gate_7,Centre Court Debenture,Premium,5,Canada,1,True,40.1,15.5,0.0,False,Cool (15–19°C),2025-07-06 11:05:00,0,7
2025-07-04,10,No.2 Court,Gate_8,Centre Court,Premium,4,UK,0,False,93.5,21.2,0.0,False,Warm (19–23°C),2025-07-04 12:13:00,0,5
2025-07-10,9,Court 5,Gate_1,Queue Ticket,General,0,UK,0,False,98.0,26.4,0.0,False,Hot (>23°C),2025-07-10 11:09:00,0,11
2025-07-05,9,Court 12,Gate_1,No.2 Court,Reserved,2,UK,0,True,94.5,26.0,0.0,True,Hot (>23°C),2025-07-05 11:20:00,0,6
2025-06-30,12,No.1 Court,Gate_4,Grounds Pass,General,1,USA,1,True,59.0,17.4,0.0,False,Cool (15–19°C),2025-06-30 13:11:00,0,1
2025-07-07,10,No.2 Court,Gate_4,Queue Ticket,General,0,USA,1,False,96.2,24.1,0.0,False,Hot (>23°C),2025-07-07 12:17:00,95,8
2025-07-05,10,No.1 Court,Gate_6,Grounds Pass,General,1,UK,0,False,166.6,23.2,0.0,True,Hot (>23°C),2025-07-05 13:01:00,0,6
2025-06-30,10,Court 7,Gate_6,No.1 Court,Reserved,3,Other,1,True,50.3,17.2,0.0,False,Cool (15–19°C),2025-06-30 11:10:00,0,1
2025-07-04,10,No.2 Court,Gate_2,Grounds Pass,General,1,USA,1,False,96.9,21.2,0.0,False,Warm (19–23°C),2025-07-04 12:13:00,0,5
2025-07-11,11,No.1 Court,Gate_6,No.2 Court,Reserved,2,UK,0,True,75.4,19.3,0.0,False,Warm (19–23°C),2025-07-11 13:01:00,0,12
2025-06-30,12,No.1 Court,Gate_4,Centre Court Debenture,Premium,5,Japan,1,True,23.9,17.4,0.0,False,Cool (15–19°C),2025-06-30 13:11:00,0,1
2025-07-01,11,Centre Court,Gate_8,No.2 Court,Reserved,2,USA,1,True,83.0,20.6,0.76,True,Warm (19–23°C),2025-07-01 13:13:00,0,2
2025-07-13,11,No.3 Court,Gate_1,Grounds Pass,General,1,Japan,1,False,60.5,20.9,0.0,False,Warm (19–23°C),2025-07-13 12:17:00,0,14
2025-07-10,10,No.2 Court,Gate_5,Grounds Pass,General,1,UK,0,False,71.3,24.9,0.0,False,Hot (>23°C),2025-07-10 12:07:00,0,11
2025-07-06,10,No.2 Court,Gate_1,No.2 Court,Reserved,2,UK,0,True,78.4,15.5,0.0,False,Cool (15–19°C),2025-07-06 12:07:00,0,7
2025-07-07,11,No.2 Court,Gate_4,Centre Court,Premium,4,UK,0,True,30.1,21.4,0.0,False,Warm (19–23°C),2025-07-07 12:17:00,95,8
2025-07-04,10,No.3 Court,Gate_6,Grounds Pass,General,1,UK,0,True,129.2,21.2,0.0,False,Warm (19–23°C),2025-07-04 12:29:00,0,5
2025-07-04,11,Centre Court,Gate_6,Grounds Pass,General,1,Switzerland,1,True,69.2,20.4,0.0,False,Warm (19–23°C),2025-07-04 13:08:00,0,5
2025-07-05,11,No.2 Court,Gate_5,Centre Court,Premium,4,USA,1,False,58.4,25.0,11.35,True,Hot (>23°C),2025-07-05 12:21:00,0,6
2025-07-11,9,Court 5,Gate_1,Grounds Pass,General,1,Other,1,True,112.9,19.8,0.0,False,Warm (19–23°C),2025-07-11 11:44:00,0,12
2025-07-06,11,Centre Court,Gate_8,No.2 Court,Reserved,2,France,1,True,76.6,14.2,0.0,False,Cold (<15°C),2025-07-06 13:06:00,0,7
2025-07-01,11,No.1 Court,Gate_1,No.1 Court,Reserved,3,UK,0,False,82.8,20.6,0.76,True,Warm (19–23°C),2025-07-01 13:00:00,0,2
2025-06-30,11,No.3 Court,Gate_8,Grounds Pass,General,1,Spain,1,True,60.5,17.8,0.0,False,Cool (15–19°C),2025-06-30 12:15:00,0,1
2025-07-13,11,No.1 Court,Gate_3,Grounds Pass,General,1,Germany,1,True,94.3,20.9,0.0,False,Warm (19–23°C),2025-07-13 13:09:00,0,14
2025-07-12,10,Court 5,Gate_2,No.1 Court,Reserved,3,UK,0,True,82.2,27.2,0.0,True,Hot (>23°C),2025-07-12 11:34:00,0,13
2025-07-08,11,No.1 Court,Gate_3,Queue Ticket,General,0,France,1,True,73.1,12.1,0.0,False,Cold (<15°C),2025-07-08 13:07:00,0,9
2025-07-07,10,Court 5,Gate_6,No.2 Court,Reserved,2,UK,0,True,92.6,24.1,0.0,False,Hot (>23°C),2025-07-07 11:39:00,34,8
2025-07-07,9,Court 6,Gate_5,Grounds Pass,General,1,France,1,False,96.9,22.2,0.0,False,Warm (19–23°C),2025-07-07 11:10:00,0,8
2025-07-03,11,Centre Court,Gate_3,Grounds Pass,General,1,UK,0,False,65.3,20.3,0.0,False,Warm (19–23°C),2025-07-03 13:02:00,0,4
2025-07-10,10,Court 7,Gate_2,Grounds Pass,General,1,USA,1,True,60.3,24.9,0.0,False,Hot (>23°C),2025-07-10 11:13:00,0,11
2025-07-11,11,No.1 Court,Gate_6,Grounds Pass,General,1,UK,0,True,95.6,19.3,0.0,False,Warm (19–23°C),2025-07-11 13:01:00,0,12
2025-07-06,9,Court 7,Gate_8,Grounds Pass,General,1,Japan,1,False,80.9,11.9,0.0,False,Cold (<15°C),2025-07-06 11:12:00,0,7
2025-07-12,12,No.1 Court,Gate_5,Centre Court,Premium,4,Australia,1,False,32.1,25.1,0.95,True,Hot (>23°C),2025-07-12 13:04:00,0,13
2025-07-12,9,Court 18,Gate_7,No.2 Court,Reserved,2,UK,0,False,105.5,25.3,0.0,True,Hot (>23°C),2025-07-12 11:23:00,0,13
2025-07-01,10,Court 12,Gate_8,No.1 Court,Reserved,3,UK,0,True,76.7,19.4,0.0,True,Warm (19–23°C),2025-07-01 11:21:00,0,2
2025-07-12,9,Court 4,Gate_2,Queue Ticket,General,0,Japan,1,True,106.3,25.3,0.0,True,Hot (>23°C),2025-07-12 11:45:00,0,13
2025-07-06,10,No.3 Court,Gate_8,Grounds Pass,General,1,UK,0,True,121.9,15.5,0.0,False,Cool (15–19°C),2025-07-06 12:21:00,0,7
2025-07-08,11,No.1 Court,Gate_4,Grounds Pass,General,1,Japan,1,False,124.9,12.1,0.0,False,Cold (<15°C),2025-07-08 13:07:00,0,9
2025-07-11,12,No.1 Court,Gate_5,No.2 Court,Reserved,2,France,1,False,53.1,19.8,0.0,False,Warm (19–23°C),2025-07-11 13:01:00,0,12
2025-07-09,10,Court 5,Gate_1,Queue Ticket,General,0,Spain,1,True,103.9,22.9,0.0,True,Warm (19–23°C),2025-07-09 11:54:00,0,10
2025-07-08,11,Court 8,Gate_2,Centre Court,Premium,4,Australia,1,False,28.5,12.1,0.0,False,Cold (<15°C),2025-07-08 11:31:00,56,9
2025-07-03,9,Court 18,Gate_7,Queue Ticket,General,0,France,1,True,107.8,17.0,0.0,False,Cool (15–19°C),2025-07-03 11:05:00,0,4
2025-07-05,10,Court 18,Gate_3,Grounds Pass,General,1,UK,0,False,90.4,23.2,0.0,True,Hot (>23°C),2025-07-05 11:57:00,0,6
2025-07-04,10,No.2 Court,Gate_2,No.2 Court,Reserved,2,UK,0,True,73.5,21.2,0.0,False,Warm (19–23°C),2025-07-04 12:13:00,0,5
2025-07-06,10,No.1 Court,Gate_4,Queue Ticket,General,0,UK,0,False,124.2,15.5,0.0,False,Cool (15–19°C),2025-07-06 13:03:00,0,7
2025-07-11,10,No.3 Court,Gate_2,Grounds Pass,General,1,UK,0,False,111.2,19.9,0.0,False,Warm (19–23°C),2025-07-11 12:28:00,26,12
2025-07-08,11,No.2 Court,Gate_1,No.2 Court,Reserved,2,USA,1,True,48.0,12.1,0.0,False,Cold (<15°C),2025-07-08 12:23:00,0,9
2025-07-01,9,Court 5,Gate_7,Grounds Pass,General,1,UK,0,True,148.4,18.5,0.0,True,Cool (15–19°C),2025-07-01 11:53:00,0,2
2025-07-02,11,Court 4,Gate_2,Centre Court,Premium,4,UK,0,True,49.4,26.8,0.0,False,Hot (>23°C),2025-07-02 11:56:00,0,3
2025-07-06,10,Court 8,Gate_6,Grounds Pass,General,1,Switzerland,1,False,90.2,15.5,0.0,False,Cool (15–19°C),2025-07-06 11:32:00,0,7
2025-07-12,9,Court 6,Gate_3,Centre Court,Premium,4,UK,0,True,118.3,25.3,0.0,True,Hot (>23°C),2025-07-12 11:01:00,0,13
2025-07-02,10,Court 5,Gate_3,Grounds Pass,General,1,UK,0,True,55.3,27.9,0.0,False,Hot (>23°C),2025-07-02 11:26:00,0,3
2025-07-11,10,No.2 Court,Gate_8,Queue Ticket,General,0,USA,1,True,113.1,19.9,0.0,False,Warm (19–23°C),2025-07-11 12:00:00,0,12
2025-07-06,10,Court 4,Gate_4,Queue Ticket,General,0,Japan,1,False,48.7,15.5,0.0,False,Cool (15–19°C),2025-07-06 11:04:00,0,7
2025-06-30,10,Court 12,Gate_5,No.2 Court,Reserved,2,UK,0,False,85.0,17.2,0.0,False,Cool (15–19°C),2025-06-30 11:32:00,0,1
2025-07-04,10,No.1 Court,Gate_8,Queue Ticket,General,0,UK,0,False,139.9,21.2,0.0,False,Warm (19–23°C),2025-07-04 13:05:00,0,5
2025-06-30,10,Court 12,Gate_6,No.1 Court,Reserved,3,UK,0,False,87.1,17.2,0.0,False,Cool (15–19°C),2025-06-30 11:32:00,0,1
2025-07-11,9,Court 7,Gate_8,Queue Ticket,General,0,USA,1,True,88.1,19.8,0.0,False,Warm (19–23°C),2025-07-11 11:02:00,0,12
2025-07-13,11,No.2 Court,Gate_5,No.2 Court,Reserved,2,Australia,1,False,85.6,20.9,0.0,False,Warm (19–23°C),2025-07-13 12:28:00,112,14
2025-07-01,10,Court 4,Gate_8,Centre Court,Premium,4,Australia,1,False,73.0,19.4,0.0,True,Warm (19–23°C),2025-07-01 11:26:00,0,2
2025-07-11,11,No.3 Court,Gate_6,Centre Court Debenture,Premium,5,Switzerland,1,True,30.1,19.3,0.0,False,Warm (19–23°C),2025-07-11 12:28:00,26,12
2025-07-11,11,No.1 Court,Gate_7,Queue Ticket,General,0,Australia,1,False,108.4,19.3,0.0,False,Warm (19–23°C),2025-07-11 13:01:00,0,12
2025-07-13,11,Centre Court,Gate_1,Queue Ticket,General,0,UK,0,False,91.8,20.9,0.0,False,Warm (19–23°C),2025-07-13 13:07:00,0,14
2025-07-13,10,Court 4,Gate_6,Centre Court,Premium,4,UK,0,True,48.2,19.2,0.0,False,Warm (19–23°C),2025-07-13 11:33:00,92,14
2025-07-10,9,Court 5,Gate_6,Grounds Pass,General,1,UK,0,True,71.5,26.4,0.0,False,Hot (>23°C),2025-07-10 11:09:00,0,11
2025-07-10,11,No.1 Court,Gate_8,No.2 Court,Reserved,2,UK,0,True,113.2,23.8,0.0,False,Hot (>23°C),2025-07-10 13:13:00,0,11
2025-07-09,9,Court 12,Gate_4,Grounds Pass,General,1,UK,0,True,131.9,23.5,0.0,True,Hot (>23°C),2025-07-09 11:49:00,0,10
2025-07-09,8,Court 6,Gate_3,Queue Ticket,General,0,France,1,True,167.0,22.8,0.0,True,Warm (19–23°C),2025-07-09 11:14:00,0,10
2025-07-05,9,Court 7,Gate_4,Queue Ticket,General,0,UK,0,False,128.7,26.0,0.0,True,Hot (>23°C),2025-07-05 11:18:00,0,6
2025-07-10,10,Court 5,Gate_2,Centre Court,Premium,4,Australia,1,False,22.4,24.9,0.0,False,Hot (>23°C),2025-07-10 11:09:00,0,11
2025-07-04,12,No.1 Court,Gate_2,No.2 Court,Reserved,2,UK,0,True,56.9,21.9,0.0,False,Warm (19–23°C),2025-07-04 13:05:00,0,5
2025-07-05,11,No.1 Court,Gate_1,No.2 Court,Reserved,2,UK,0,False,108.3,25.0,11.35,True,Hot (>23°C),2025-07-05 13:01:00,0,6
2025-07-12,12,No.1 Court,Gate_4,No.1 Court,Reserved,3,France,1,True,61.2,25.1,0.95,True,Hot (>23°C),2025-07-12 13:04:00,0,13
2025-07-06,9,Court 5,Gate_1,Queue Ticket,General,0,UK,0,True,94.0,11.9,0.0,False,Cold (<15°C),2025-07-06 11:05:00,0,7
2025-06-30,10,No.3 Court,Gate_1,Queue Ticket,General,0,Australia,1,True,81.6,17.2,0.0,False,Cool (15–19°C),2025-06-30 12:15:00,0,1
2025-07-05,10,Court 18,Gate_2,Grounds Pass,General,1,Spain,1,False,69.0,23.2,0.0,True,Hot (>23°C),2025-07-05 11:57:00,0,6
2025-07-07,10,Court 12,Gate_5,Grounds Pass,General,1,UK,0,False,85.3,24.1,0.0,False,Hot (>23°C),2025-07-07 11:34:00,0,8
2025-06-30,12,No.1 Court,Gate_6,Grounds Pass,General,1,USA,1,True,44.3,17.4,0.0,False,Cool (15–19°C),2025-06-30 13:11:00,0,1
2025-07-09,9,Court 7,Gate_6,Queue Ticket,General,0,Switzerland,1,True,120.8,23.5,0.0,True,Hot (>23°C),2025-07-09 11:02:00,0,10
2025-07-07,10,No.3 Court,Gate_6,Grounds Pass,General,1,UK,0,False,87.0,24.1,0.0,False,Hot (>23°C),2025-07-07 12:12:00,37,8
2025-07-06,12,Centre Court,Gate_2,Grounds Pass,General,1,USA,1,True,52.5,14.8,0.0,False,Cold (<15°C),2025-07-06 13:06:00,0,7
2025-07-02,10,Court 6,Gate_1,No.2 Court,Reserved,2,UK,0,True,56.3,27.9,0.0,False,Hot (>23°C),2025-07-02 11:05:00,0,3
2025-07-03,12,No.1 Court,Gate_6,Queue Ticket,General,0,Australia,1,False,47.4,20.5,0.0,False,Warm (19–23°C),2025-07-03 13:11:00,0,4
2025-07-05,10,No.2 Court,Gate_2,Grounds Pass,General,1,UK,0,True,97.6,23.2,0.0,True,Hot (>23°C),2025-07-05 12:21:00,0,6
2025-07-02,10,Court 12,Gate_6,Queue Ticket,General,0,Spain,1,True,60.7,27.9,0.0,False,Hot (>23°C),2025-07-02 11:23:00,0,3
2025-07-01,11,Centre Court,Gate_7,Grounds Pass,General,1,UK,0,False,132.1,20.6,0.76,True,Warm (19–23°C),2025-07-01 13:13:00,0,2
2025-07-02,11,Court 4,Gate_1,Grounds Pass,General,1,Canada,1,False,46.4,26.8,0.0,False,Hot (>23°C),2025-07-02 11:56:00,0,3
2025-07-01,9,Court 7,Gate_1,Grounds Pass,General,1,UK,0,False,124.8,18.5,0.0,True,Cool (15–19°C),2025-07-01 11:32:00,0,2
2025-07-09,11,No.1 Court,Gate_4,Grounds Pass,General,1,UK,0,True,77.3,23.2,0.8,True,Hot (>23°C),2025-07-09 13:09:00,0,10
2025-07-13,9,Court 4,Gate_5,Queue Ticket,General,0,Switzerland,1,True,112.1,20.3,0.0,False,Warm (19–23°C),2025-07-13 11:33:00,92,14
2025-07-04,9,Court 6,Gate_5,Centre Court,Premium,4,UK,0,True,94.3,21.9,0.0,False,Warm (19–23°C),2025-07-04 11:26:00,0,5
2025-07-13,10,Court 8,Gate_2,No.2 Court,Reserved,2,USA,1,False,70.7,19.2,0.0,False,Warm (19–23°C),2025-07-13 11:44:00,0,14
2025-07-06,10,Court 4,Gate_5,Grounds Pass,General,1,France,1,True,19.7,15.5,0.0,False,Cool (15–19°C),2025-07-06 11:04:00,0,7
2025-07-01,11,Centre Court,Gate_8,No.1 Court,Reserved,3,USA,1,True,78.2,20.6,0.76,True,Warm (19–23°C),2025-07-01 13:13:00,0,2
2025-07-06,11,Centre Court,Gate_5,Grounds Pass,General,1,UK,0,True,107.0,14.2,0.0,False,Cold (<15°C),2025-07-06 13:06:00,0,7
2025-07-11,10,No.2 Court,Gate_2,No.2 Court,Reserved,2,UK,0,False,77.4,19.9,0.0,False,Warm (19–23°C),2025-07-11 12:00:00,0,12
2025-07-01,9,Court 12,Gate_6,Centre Court Debenture,Premium,5,UK,0,False,82.4,18.5,0.0,True,Cool (15–19°C),2025-07-01 11:21:00,0,2
2025-07-13,11,Court 7,Gate_3,No.1 Court,Reserved,3,USA,1,False,42.4,20.9,0.0,False,Warm (19–23°C),2025-07-13 11:57:00,0,14
2025-07-12,10,No.1 Court,Gate_1,Queue Ticket,General,0,UK,0,True,136.9,27.2,0.0,True,Hot (>23°C),2025-07-12 13:04:00,0,13
2025-07-11,10,Court 18,Gate_3,Grounds Pass,General,1,UK,0,False,96.7,19.9,0.0,False,Warm (19–23°C),2025-07-11 11:58:00,113,12
2025-07-03,9,Court 6,Gate_1,Grounds Pass,General,1,UK,0,False,129.3,17.0,0.0,False,Cool (15–19°C),2025-07-03 11:26:00,0,4
2025-07-03,10,Court 6,Gate_4,Grounds Pass,General,1,USA,1,True,72.7,19.8,0.0,False,Warm (19–23°C),2025-07-03 11:26:00,0,4
2025-06-30,11,No.1 Court,Gate_2,Grounds Pass,General,1,UK,0,False,75.8,17.8,0.0,False,Cool (15–19°C),2025-06-30 13:11:00,0,1
2025-07-08,11,Centre Court,Gate_4,No.2 Court,Reserved,2,UK,0,False,87.9,12.1,0.0,False,Cold (<15°C),2025-07-08 13:00:00,0,9
2025-07-07,11,Centre Court,Gate_4,Grounds Pass,General,1,UK,0,False,98.1,21.4,0.0,False,Warm (19–23°C),2025-07-07 13:10:00,0,8
2025-07-13,10,Court 18,Gate_3,Queue Ticket,General,0,Germany,1,True,86.4,19.2,0.0,False,Warm (19–23°C),2025-07-13 11:50:00,21,14
2025-07-03,10,Court 7,Gate_1,Grounds Pass,General,1,UK,0,True,68.4,19.8,0.0,False,Warm (19–23°C),2025-07-03 11:40:00,0,4
2025-07-08,12,No.1 Court,Gate_1,Centre Court,Premium,4,Other,1,True,49.7,12.5,0.0,False,Cold (<15°C),2025-07-08 13:07:00,0,9
2025-07-13,11,Court 8,Gate_4,Centre Court Debenture,Premium,5,Australia,1,True,32.2,20.9,0.0,False,Warm (19–23°C),2025-07-13 11:44:00,0,14
2025-07-10,10,Court 18,Gate_3,No.1 Court,Reserved,3,Japan,1,True,56.2,24.9,0.0,False,Hot (>23°C),2025-07-10 11:46:00,0,11
2025-07-09,11,No.1 Court,Gate_8,No.1 Court,Reserved,3,UK,0,False,75.6,23.2,0.8,True,Hot (>23°C),2025-07-09 13:09:00,0,10
2025-07-09,12,No.1 Court,Gate_7,Centre Court,Premium,4,Germany,1,False,55.2,22.4,5.44,True,Warm (19–23°C),2025-07-09 13:09:00,0,10
2025-07-05,8,Court 5,Gate_2,Queue Ticket,General,0,UK,0,True,167.3,27.3,0.0,True,Hot (>23°C),2025-07-05 11:41:00,0,6
2025-07-08,10,Court 8,Gate_7,Centre Court,Premium,4,UK,0,True,90.4,15.6,0.0,False,Cool (15–19°C),2025-07-08 11:31:00,56,9
2025-07-13,10,No.3 Court,Gate_6,Queue Ticket,General,0,Other,1,True,90.5,19.2,0.0,False,Warm (19–23°C),2025-07-13 12:17:00,0,14
2025-07-03,10,Court 7,Gate_1,Queue Ticket,General,0,USA,1,False,69.2,19.8,0.0,False,Warm (19–23°C),2025-07-03 11:40:00,0,4
2025-07-13,10,Court 4,Gate_4,Centre Court,Premium,4,USA,1,False,78.8,19.2,0.0,False,Warm (19–23°C),2025-07-13 11:33:00,92,14
2025-07-09,9,Court 8,Gate_4,Grounds Pass,General,1,UK,0,False,118.7,23.5,0.0,True,Hot (>23°C),2025-07-09 11:18:00,0,10
2025-07-11,10,Court 6,Gate_5,Centre Court Debenture,Premium,5,UK,0,True,21.7,19.9,0.0,False,Warm (19–23°C),2025-07-11 11:10:00,0,12
2025-07-08,10,No.3 Court,Gate_7,Grounds Pass,General,1,Other,1,True,93.1,15.6,0.0,False,Cool (15–19°C),2025-07-08 12:20:00,0,9
2025-07-08,9,Court 5,Gate_2,Grounds Pass,General,1,UK,0,True,114.9,14.1,0.0,False,Cold (<15°C),2025-07-08 11:32:00,0,9
2025-07-08,11,Centre Court,Gate_7,Grounds Pass,General,1,UK,0,True,109.2,12.1,0.0,False,Cold (<15°C),2025-07-08 13:00:00,0,9
2025-07-11,10,No.2 Court,Gate_4,No.2 Court,Reserved,2,UK,0,False,79.4,19.9,0.0,False,Warm (19–23°C),2025-07-11 12:00:00,0,12
2025-07-02,10,No.3 Court,Gate_7,Grounds Pass,General,1,UK,0,False,101.2,27.9,0.0,False,Hot (>23°C),2025-07-02 12:14:00,0,3
2025-07-07,10,No.2 Court,Gate_5,Queue Ticket,General,0,Other,1,True,114.8,24.1,0.0,False,Hot (>23°C),2025-07-07 12:17:00,95,8
2025-07-10,10,Court 5,Gate_1,Centre Court,Premium,4,UK,0,False,43.9,24.9,0.0,False,Hot (>23°C),2025-07-10 11:09:00,0,11
2025-07-11,10,No.3 Court,Gate_2,Grounds Pass,General,1,USA,1,True,106.9,19.9,0.0,False,Warm (19–23°C),2025-07-11 12:28:00,26,12
2025-07-04,10,Court 5,Gate_7,No.2 Court,Reserved,2,Other,1,False,40.7,21.2,0.0,False,Warm (19–23°C),2025-07-04 11:16:00,0,5
2025-07-13,10,No.2 Court,Gate_1,Queue Ticket,General,0,UK,0,False,89.8,19.2,0.0,False,Warm (19–23°C),2025-07-13 12:28:00,112,14
2025-07-08,9,Court 12,Gate_4,Queue Ticket,General,0,UK,0,False,126.6,14.1,0.0,False,Cold (<15°C),2025-07-08 11:49:00,0,9
2025-07-12,10,Court 18,Gate_7,No.1 Court,Reserved,3,UK,0,True,66.1,27.2,0.0,True,Hot (>23°C),2025-07-12 11:23:00,0,13
2025-07-11,10,No.2 Court,Gate_2,Queue Ticket,General,0,Switzerland,1,False,110.1,19.9,0.0,False,Warm (19–23°C),2025-07-11 12:00:00,0,12
2025-07-01,9,Court 18,Gate_8,Queue Ticket,General,0,UK,0,True,128.9,18.5,0.0,True,Cool (15–19°C),2025-07-01 11:58:00,0,2
2025-06-30,10,Court 4,Gate_2,Grounds Pass,General,1,UK,0,False,110.1,17.2,0.0,False,Cool (15–19°C),2025-06-30 11:58:00,0,1
2025-07-10,9,Court 5,Gate_8,Grounds Pass,General,1,UK,0,True,85.1,26.4,0.0,False,Hot (>23°C),2025-07-10 11:09:00,0,11
2025-07-07,10,Court 5,Gate_8,Grounds Pass,General,1,UK,0,False,71.5,24.1,0.0,False,Hot (>23°C),2025-07-07 11:39:00,34,8
2025-07-02,12,No.1 Court,Gate_5,No.2 Court,Reserved,2,UK,0,True,47.3,27.1,0.0,False,Hot (>23°C),2025-07-02 13:07:00,0,3
2025-07-06,11,No.1 Court,Gate_5,Grounds Pass,General,1,USA,1,True,84.3,14.2,0.0,False,Cold (<15°C),2025-07-06 13:03:00,0,7
2025-07-12,10,No.2 Court,Gate_5,Grounds Pass,General,1,UK,0,False,114.8,27.2,0.0,True,Hot (>23°C),2025-07-12 12:03:00,49,13
2025-07-05,9,Court 4,Gate_6,Grounds Pass,General,1,UK,0,True,97.3,26.0,0.0,True,Hot (>23°C),2025-07-05 11:29:00,0,6
2025-07-12,11,Centre Court,Gate_4,Grounds Pass,General,1,USA,1,True,98.3,27.4,0.06,True,Hot (>23°C),2025-07-12 13:00:00,0,13
2025-06-30,9,Court 6,Gate_2,Grounds Pass,General,1,Japan,1,False,74.7,18.3,0.0,False,Cool (15–19°C),2025-06-30 11:07:00,0,1
2025-07-13,11,No.3 Court,Gate_6,No.2 Court,Reserved,2,UK,0,True,67.5,20.9,0.0,False,Warm (19–23°C),2025-07-13 12:17:00,0,14
2025-07-13,9,Court 18,Gate_8,Queue Ticket,General,0,UK,0,False,115.3,20.3,0.0,False,Warm (19–23°C),2025-07-13 11:50:00,21,14
2025-07-05,10,Court 12,Gate_7,Centre Court Debenture,Premium,5,UK,0,False,68.9,23.2,0.0,True,Hot (>23°C),2025-07-05 11:20:00,0,6
2025-07-07,10,No.2 Court,Gate_7,Grounds Pass,General,1,Japan,1,True,89.6,24.1,0.0,False,Hot (>23°C),2025-07-07 12:17:00,95,8
2025-06-30,11,Centre Court,Gate_3,Queue Ticket,General,0,Germany,1,True,89.2,17.8,0.0,False,Cool (15–19°C),2025-06-30 13:01:00,0,1
2025-07-04,11,No.1 Court,Gate_8,No.2 Court,Reserved,2,Germany,1,True,104.3,20.4,0.0,False,Warm (19–23°C),2025-07-04 13:05:00,0,5
2025-07-06,10,No.2 Court,Gate_3,Centre Court,Premium,4,UK,0,True,100.4,15.5,0.0,False,Cool (15–19°C),2025-07-06 12:07:00,0,7
2025-07-08,9,Court 7,Gate_5,Grounds Pass,General,1,UK,0,True,113.8,14.1,0.0,False,Cold (<15°C),2025-07-08 11:32:00,0,9
2025-07-03,10,No.2 Court,Gate_7,Queue Ticket,General,0,USA,1,True,102.2,19.8,0.0,False,Warm (19–23°C),2025-07-03 12:23:00,0,4
2025-07-05,9,Court 18,Gate_1,Queue Ticket,General,0,UK,0,False,159.1,26.0,0.0,True,Hot (>23°C),2025-07-05 11:57:00,0,6
2025-07-02,10,No.2 Court,Gate_2,Queue Ticket,General,0,USA,1,False,86.3,27.9,0.0,False,Hot (>23°C),2025-07-02 12:20:00,0,3
2025-07-09,9,Court 6,Gate_6,Queue Ticket,General,0,UK,0,True,110.3,23.5,0.0,True,Hot (>23°C),2025-07-09 11:14:00,0,10
2025-07-03,12,No.2 Court,Gate_1,Centre Court,Premium,4,Australia,1,True,18.6,20.5,0.0,False,Warm (19–23°C),2025-07-03 12:23:00,0,4
2025-06-30,11,No.1 Court,Gate_3,Queue Ticket,General,0,France,1,True,80.1,17.8,0.0,False,Cool (15–19°C),2025-06-30 13:11:00,0,1
2025-07-05,11,No.2 Court,Gate_3,No.1 Court,Reserved,3,France,1,False,62.5,25.0,11.35,True,Hot (>23°C),2025-07-05 12:21:00,0,6
2025-07-13,9,Court 6,Gate_6,Grounds Pass,General,1,UK,0,False,92.0,20.3,0.0,False,Warm (19–23°C),2025-07-13 11:00:00,0,14
2025-07-13,12,No.1 Court,Gate_7,Centre Court Debenture,Premium,5,UK,0,True,34.9,18.2,0.0,False,Cool (15–19°C),2025-07-13 13:09:00,0,14
2025-07-13,12,No.1 Court,Gate_7,No.2 Court,Reserved,2,USA,1,True,54.1,18.2,0.0,False,Cool (15–19°C),2025-07-13 13:09:00,0,14
2025-07-07,10,Court 4,Gate_8,No.2 Court,Reserved,2,UK,0,False,72.4,24.1,0.0,False,Hot (>23°C),2025-07-07 11:29:00,0,8
2025-07-08,9,Court 4,Gate_1,Grounds Pass,General,1,UK,0,True,124.6,14.1,0.0,False,Cold (<15°C),2025-07-08 11:29:00,0,9
2025-07-04,10,Court 4,Gate_5,No.2 Court,Reserved,2,UK,0,True,75.2,21.2,0.0,False,Warm (19–23°C),2025-07-04 11:51:00,105,5
2025-07-12,8,Court 6,Gate_6,Grounds Pass,General,1,UK,0,True,127.8,24.7,0.0,True,Hot (>23°C),2025-07-12 11:01:00,0,13
2025-07-06,10,Court 7,Gate_3,Centre Court Debenture,Premium,5,Other,1,False,66.4,15.5,0.0,False,Cool (15–19°C),2025-07-06 11:12:00,0,7
2025-07-10,10,Court 7,Gate_2,Centre Court,Premium,4,UK,0,False,69.8,24.9,0.0,False,Hot (>23°C),2025-07-10 11:13:00,0,11
2025-07-07,10,Court 4,Gate_4,Centre Court,Premium,4,UK,0,False,74.5,24.1,0.0,False,Hot (>23°C),2025-07-07 11:29:00,0,8
2025-07-09,9,Court 18,Gate_6,No.1 Court,Reserved,3,UK,0,True,100.2,23.5,0.0,True,Hot (>23°C),2025-07-09 11:12:00,0,10
2025-07-08,10,Court 8,Gate_4,Centre Court,Premium,4,UK,0,False,78.4,15.6,0.0,False,Cool (15–19°C),2025-07-08 11:31:00,56,9
2025-07-02,11,Court 4,Gate_8,Grounds Pass,General,1,USA,1,True,47.3,26.8,0.0,False,Hot (>23°C),2025-07-02 11:56:00,0,3
2025-07-11,10,Court 18,Gate_6,No.1 Court,Reserved,3,UK,0,False,100.3,19.9,0.0,False,Warm (19–23°C),2025-07-11 11:58:00,113,12
2025-07-04,10,Court 4,Gate_1,Grounds Pass,General,1,UK,0,True,85.5,21.2,0.0,False,Warm (19–23°C),2025-07-04 11:51:00,105,5
2025-07-09,9,Court 6,Gate_5,Centre Court,Premium,4,France,1,False,75.5,23.5,0.0,True,Hot (>23°C),2025-07-09 11:14:00,0,10
2025-07-11,10,Court 4,Gate_4,No.1 Court,Reserved,3,France,1,True,58.1,19.9,0.0,False,Warm (19–23°C),2025-07-11 11:49:00,0,12
2025-07-04,9,Court 4,Gate_7,Queue Ticket,General,0,Japan,1,False,124.5,21.9,0.0,False,Warm (19–23°C),2025-07-04 11:51:00,105,5
2025-07-12,11,Centre Court,Gate_7,No.2 Court,Reserved,2,UK,0,True,107.2,27.4,0.06,True,Hot (>23°C),2025-07-12 13:00:00,0,13
2025-07-09,10,Court 4,Gate_4,No.1 Court,Reserved,3,Switzerland,1,True,67.6,22.9,0.0,True,Warm (19–23°C),2025-07-09 11:43:00,81,10
2025-07-07,10,Court 8,Gate_2,No.2 Court,Reserved,2,UK,0,True,73.8,24.1,0.0,False,Hot (>23°C),2025-07-07 11:59:00,0,8
2025-07-12,9,Court 4,Gate_7,Grounds Pass,General,1,Canada,1,True,134.2,25.3,0.0,True,Hot (>23°C),2025-07-12 11:45:00,0,13
2025-07-04,12,Centre Court,Gate_7,No.1 Court,Reserved,3,UK,0,True,54.4,21.9,0.0,False,Warm (19–23°C),2025-07-04 13:08:00,0,5
2025-07-03,10,Court 4,Gate_6,No.1 Court,Reserved,3,France,1,False,71.5,19.8,0.0,False,Warm (19–23°C),2025-07-03 11:46:00,0,4
2025-07-09,10,No.3 Court,Gate_4,No.2 Court,Reserved,2,UK,0,True,101.9,22.9,0.0,True,Warm (19–23°C),2025-07-09 12:21:00,0,10
2025-07-08,10,Court 7,Gate_6,Centre Court,Premium,4,UK,0,False,87.7,15.6,0.0,False,Cool (15–19°C),2025-07-08 11:32:00,0,9
2025-07-11,11,No.1 Court,Gate_2,No.2 Court,Reserved,2,UK,0,True,70.4,19.3,0.0,False,Warm (19–23°C),2025-07-11 13:01:00,0,12
2025-07-04,11,No.2 Court,Gate_6,Grounds Pass,General,1,Japan,1,True,64.6,20.4,0.0,False,Warm (19–23°C),2025-07-04 12:13:00,0,5
2025-07-07,10,No.2 Court,Gate_8,Queue Ticket,General,0,UK,0,True,102.4,24.1,0.0,False,Hot (>23°C),2025-07-07 12:17:00,95,8
2025-07-10,9,Court 4,Gate_8,Grounds Pass,General,1,UK,0,False,75.3,26.4,0.0,False,Hot (>23°C),2025-07-10 11:02:00,0,11
2025-07-07,12,Centre Court,Gate_7,Centre Court Debenture,Premium,5,UK,0,False,45.6,21.4,0.0,False,Warm (19–23°C),2025-07-07 13:10:00,0,8
2025-07-08,9,Court 7,Gate_7,Grounds Pass,General,1,UK,0,True,119.9,14.1,0.0,False,Cold (<15°C),2025-07-08 11:32:00,0,9
2025-07-04,10,No.2 Court,Gate_5,Queue Ticket,General,0,Japan,1,False,89.9,21.2,0.0,False,Warm (19–23°C),2025-07-04 12:13:00,0,5
2025-07-03,9,Court 5,Gate_6,Queue Ticket,General,0,Australia,1,True,100.8,17.0,0.0,False,Cool (15–19°C),2025-07-03 11:02:00,33,4
2025-06-30,10,Court 5,Gate_8,Grounds Pass,General,1,Spain,1,True,79.4,17.2,0.0,False,Cool (15–19°C),2025-06-30 11:30:00,0,1
2025-07-13,11,No.2 Court,Gate_7,Grounds Pass,General,1,Germany,1,False,84.9,20.9,0.0,False,Warm (19–23°C),2025-07-13 12:28:00,112,14
2025-07-03,9,Court 4,Gate_4,Grounds Pass,General,1,UK,0,False,150.2,17.0,0.0,False,Cool (15–19°C),2025-07-03 11:46:00,0,4
2025-07-13,9,Court 18,Gate_3,Grounds Pass,General,1,UK,0,True,115.9,20.3,0.0,False,Warm (19–23°C),2025-07-13 11:50:00,21,14
2025-07-04,11,Centre Court,Gate_1,Grounds Pass,General,1,UK,0,False,91.7,20.4,0.0,False,Warm (19–23°C),2025-07-04 13:08:00,0,5
2025-07-07,11,No.1 Court,Gate_2,Grounds Pass,General,1,UK,0,False,105.7,21.4,0.0,False,Warm (19–23°C),2025-07-07 13:02:00,0,8
2025-07-08,12,Centre Court,Gate_1,No.1 Court,Reserved,3,Switzerland,1,True,26.7,12.5,0.0,False,Cold (<15°C),2025-07-08 13:00:00,0,9
2025-07-02,10,Court 6,Gate_7,Grounds Pass,General,1,USA,1,False,49.2,27.9,0.0,False,Hot (>23°C),2025-07-02 11:05:00,0,3
2025-07-02,10,Court 4,Gate_5,Grounds Pass,General,1,USA,1,False,77.6,27.9,0.0,False,Hot (>23°C),2025-07-02 11:56:00,0,3
2025-07-03,10,No.2 Court,Gate_2,Grounds Pass,General,1,USA,1,False,98.4,19.8,0.0,False,Warm (19–23°C),2025-07-03 12:23:00,0,4
2025-07-06,10,Court 5,Gate_3,Grounds Pass,General,1,France,1,False,60.3,15.5,0.0,False,Cool (15–19°C),2025-07-06 11:05:00,0,7
2025-07-03,10,Court 4,Gate_6,Centre Court,Premium,4,UK,0,False,55.4,19.8,0.0,False,Warm (19–23°C),2025-07-03 11:46:00,0,4
2025-07-01,10,Centre Court,Gate_7,Grounds Pass,General,1,UK,0,False,165.1,19.4,0.0,True,Warm (19–23°C),2025-07-01 13:13:00,0,2
2025-07-02,11,No.3 Court,Gate_3,No.2 Court,Reserved,2,Canada,1,False,31.5,26.8,0.0,False,Hot (>23°C),2025-07-02 12:14:00,0,3
2025-07-05,10,No.1 Court,Gate_1,Queue Ticket,General,0,Switzerland,1,True,133.0,23.2,0.0,True,Hot (>23°C),2025-07-05 13:01:00,0,6
2025-07-09,9,Court 5,Gate_1,Queue Ticket,General,0,UK,0,True,125.8,23.5,0.0,True,Hot (>23°C),2025-07-09 11:54:00,0,10
2025-07-12,10,No.2 Court,Gate_1,Grounds Pass,General,1,UK,0,True,95.6,27.2,0.0,True,Hot (>23°C),2025-07-12 12:03:00,49,13
2025-06-30,11,Centre Court,Gate_4,Grounds Pass,General,1,UK,0,True,89.9,17.8,0.0,False,Cool (15–19°C),2025-06-30 13:01:00,0,1
2025-07-09,10,No.3 Court,Gate_1,Grounds Pass,General,1,USA,1,False,104.8,22.9,0.0,True,Warm (19–23°C),2025-07-09 12:21:00,0,10
2025-07-02,10,Court 12,Gate_4,Grounds Pass,General,1,Other,1,True,74.2,27.9,0.0,False,Hot (>23°C),2025-07-02 11:23:00,0,3
2025-07-10,9,Court 12,Gate_6,Queue Ticket,General,0,UK,0,True,116.8,26.4,0.0,False,Hot (>23°C),2025-07-10 11:01:00,0,11
2025-07-07,11,Centre Court,Gate_5,Queue Ticket,General,0,UK,0,True,121.8,21.4,0.0,False,Warm (19–23°C),2025-07-07 13:10:00,0,8
2025-07-05,11,Centre Court,Gate_7,No.2 Court,Reserved,2,UK,0,True,89.4,25.0,11.35,True,Hot (>23°C),2025-07-05 13:01:00,0,6
2025-07-05,12,No.1 Court,Gate_4,No.1 Court,Reserved,3,Other,1,True,57.8,24.5,2.94,True,Hot (>23°C),2025-07-05 13:01:00,0,6
2025-07-09,11,No.2 Court,Gate_3,No.2 Court,Reserved,2,UK,0,True,78.5,23.2,0.8,True,Hot (>23°C),2025-07-09 12:20:00,0,10
2025-07-11,13,Centre Court,Gate_4,No.1 Court,Reserved,3,USA,1,True,6.8,21.1,0.0,False,Warm (19–23°C),2025-07-11 13:13:00,0,12
2025-07-10,10,Court 5,Gate_8,No.1 Court,Reserved,3,UK,0,True,53.5,24.9,0.0,False,Hot (>23°C),2025-07-10 11:09:00,0,11
2025-07-09,10,Court 5,Gate_6,Queue Ticket,General,0,Canada,1,True,96.5,22.9,0.0,True,Warm (19–23°C),2025-07-09 11:54:00,0,10
2025-07-06,11,No.3 Court,Gate_6,No.2 Court,Reserved,2,UK,0,True,32.2,14.2,0.0,False,Cold (<15°C),2025-07-06 12:21:00,0,7
2025-07-03,10,Court 4,Gate_5,No.2 Court,Reserved,2,UK,0,False,57.0,19.8,0.0,False,Warm (19–23°C),2025-07-03 11:46:00,0,4
2025-07-03,10,Court 12,Gate_8,Grounds Pass,General,1,UK,0,True,87.5,19.8,0.0,False,Warm (19–23°C),2025-07-03 11:45:00,0,4
2025-07-04,10,No.2 Court,Gate_3,Centre Court,Premium,4,UK,0,True,73.3,21.2,0.0,False,Warm (19–23°C),2025-07-04 12:13:00,0,5
2025-07-05,10,Centre Court,Gate_8,Grounds Pass,General,1,Japan,1,True,138.5,23.2,0.0,True,Hot (>23°C),2025-07-05 13:01:00,0,6
2025-07-07,12,Centre Court,Gate_4,No.2 Court,Reserved,2,Germany,1,True,55.9,21.4,0.0,False,Warm (19–23°C),2025-07-07 13:10:00,0,8
2025-07-04,10,Court 8,Gate_6,No.1 Court,Reserved,3,UK,0,False,78.6,21.2,0.0,False,Warm (19–23°C),2025-07-04 11:59:00,0,5
2025-07-09,10,No.1 Court,Gate_6,Grounds Pass,General,1,USA,1,True,132.3,22.9,0.0,True,Warm (19–23°C),2025-07-09 13:09:00,0,10
2025-07-01,9,Court 4,Gate_1,Centre Court,Premium,4,UK,0,False,96.3,18.5,0.0,True,Cool (15–19°C),2025-07-01 11:26:00,0,2
2025-07-03,10,No.3 Court,Gate_6,Queue Ticket,General,0,USA,1,False,85.7,19.8,0.0,False,Warm (19–23°C),2025-07-03 12:08:00,0,4
2025-07-04,10,Centre Court,Gate_8,Queue Ticket,General,0,UK,0,False,149.2,21.2,0.0,False,Warm (19–23°C),2025-07-04 13:08:00,0,5
2025-07-06,11,No.1 Court,Gate_2,Grounds Pass,General,1,UK,0,True,114.4,14.2,0.0,False,Cold (<15°C),2025-07-06 13:03:00,0,7
2025-07-13,10,Court 7,Gate_1,No.2 Court,Reserved,2,UK,0,True,79.9,19.2,0.0,False,Warm (19–23°C),2025-07-13 11:57:00,0,14
2025-07-08,9,Court 7,Gate_2,Queue Ticket,General,0,Australia,1,True,131.9,14.1,0.0,False,Cold (<15°C),2025-07-08 11:32:00,0,9
2025-07-07,11,Centre Court,Gate_2,No.2 Court,Reserved,2,UK,0,True,75.5,21.4,0.0,False,Warm (19–23°C),2025-07-07 13:10:00,0,8
2025-07-07,9,Court 7,Gate_1,Grounds Pass,General,1,Japan,1,True,102.7,22.2,0.0,False,Warm (19–23°C),2025-07-07 11:35:00,0,8
2025-07-02,10,Court 5,Gate_1,Grounds Pass,General,1,Other,1,True,72.0,27.9,0.0,False,Hot (>23°C),2025-07-02 11:26:00,0,3
2025-07-09,12,No.1 Court,Gate_7,Centre Court Debenture,Premium,5,Japan,1,True,25.3,22.4,5.44,True,Warm (19–23°C),2025-07-09 13:09:00,0,10
2025-07-02,12,No.1 Court,Gate_2,Grounds Pass,General,1,Australia,1,True,57.4,27.1,0.0,False,Hot (>23°C),2025-07-02 13:07:00,0,3
2025-07-04,10,Court 5,Gate_5,Grounds Pass,General,1,UK,0,True,75.0,21.2,0.0,False,Warm (19–23°C),2025-07-04 11:16:00,0,5
2025-07-11,10,No.2 Court,Gate_7,Queue Ticket,General,0,USA,1,True,69.9,19.9,0.0,False,Warm (19–23°C),2025-07-11 12:00:00,0,12
2025-07-08,9,Court 12,Gate_7,Grounds Pass,General,1,UK,0,True,133.0,14.1,0.0,False,Cold (<15°C),2025-07-08 11:49:00,0,9
2025-07-11,10,Court 18,Gate_3,Queue Ticket,General,0,Other,1,True,104.2,19.9,0.0,False,Warm (19–23°C),2025-07-11 11:58:00,113,12
2025-07-03,9,Court 8,Gate_8,Centre Court,Premium,4,UK,0,True,114.9,17.0,0.0,False,Cool (15–19°C),2025-07-03 11:04:00,0,4
2025-07-11,9,Court 8,Gate_8,Grounds Pass,General,1,UK,0,False,79.7,19.8,0.0,False,Warm (19–23°C),2025-07-11 11:11:00,0,12
2025-07-04,10,Court 5,Gate_8,No.1 Court,Reserved,3,Australia,1,False,63.6,21.2,0.0,False,Warm (19–23°C),2025-07-04 11:16:00,0,5
2025-07-10,10,No.3 Court,Gate_7,No.1 Court,Reserved,3,UK,0,False,82.3,24.9,0.0,False,Hot (>23°C),2025-07-10 12:15:00,0,11
2025-07-01,10,Centre Court,Gate_8,Queue Ticket,General,0,Other,1,True,161.2,19.4,0.0,True,Warm (19–23°C),2025-07-01 13:13:00,0,2
2025-07-01,9,Court 5,Gate_8,Queue Ticket,General,0,UK,0,True,165.5,18.5,0.0,True,Cool (15–19°C),2025-07-01 11:53:00,0,2
2025-07-06,9,Court 12,Gate_8,Grounds Pass,General,1,USA,1,False,96.8,11.9,0.0,False,Cold (<15°C),2025-07-06 11:10:00,0,7
2025-07-06,10,No.2 Court,Gate_5,Grounds Pass,General,1,Australia,1,True,73.2,15.5,0.0,False,Cool (15–19°C),2025-07-06 12:07:00,0,7
2025-07-02,10,No.3 Court,Gate_4,Grounds Pass,General,1,UK,0,False,76.2,27.9,0.0,False,Hot (>23°C),2025-07-02 12:14:00,0,3
2025-07-04,10,No.2 Court,Gate_5,Grounds Pass,General,1,Germany,1,True,86.4,21.2,0.0,False,Warm (19–23°C),2025-07-04 12:13:00,0,5
2025-07-03,11,Centre Court,Gate_1,Grounds Pass,General,1,Australia,1,True,77.8,20.3,0.0,False,Warm (19–23°C),2025-07-03 13:02:00,0,4
2025-07-02,10,Court 6,Gate_6,No.2 Court,Reserved,2,USA,1,False,62.5,27.9,0.0,False,Hot (>23°C),2025-07-02 11:05:00,0,3
2025-07-02,11,Court 4,Gate_3,No.1 Court,Reserved,3,Germany,1,True,30.3,26.8,0.0,False,Hot (>23°C),2025-07-02 11:56:00,0,3
2025-07-05,10,No.2 Court,Gate_8,No.1 Court,Reserved,3,Other,1,False,94.2,23.2,0.0,True,Hot (>23°C),2025-07-05 12:21:00,0,6
2025-06-30,10,Court 8,Gate_1,Queue Ticket,General,0,Switzerland,1,False,63.8,17.2,0.0,False,Cool (15–19°C),2025-06-30 11:55:00,0,1
2025-07-08,10,No.3 Court,Gate_6,No.2 Court,Reserved,2,USA,1,True,100.9,15.6,0.0,False,Cool (15–19°C),2025-07-08 12:20:00,0,9
2025-07-10,11,Centre Court,Gate_3,No.2 Court,Reserved,2,UK,0,True,75.2,23.8,0.0,False,Hot (>23°C),2025-07-10 13:14:00,0,11
2025-07-10,10,Court 6,Gate_7,Grounds Pass,General,1,UK,0,True,76.5,24.9,0.0,False,Hot (>23°C),2025-07-10 11:53:00,0,11
2025-07-02,11,Court 4,Gate_6,Centre Court Debenture,Premium,5,UK,0,False,34.5,26.8,0.0,False,Hot (>23°C),2025-07-02 11:56:00,0,3
2025-07-07,10,Court 7,Gate_7,No.1 Court,Reserved,3,UK,0,True,40.5,24.1,0.0,False,Hot (>23°C),2025-07-07 11:35:00,0,8
2025-07-10,10,Court 12,Gate_8,No.2 Court,Reserved,2,UK,0,False,57.1,24.9,0.0,False,Hot (>23°C),2025-07-10 11:01:00,0,11
2025-07-08,12,No.1 Court,Gate_5,No.1 Court,Reserved,3,UK,0,True,59.6,12.5,0.0,False,Cold (<15°C),2025-07-08 13:07:00,0,9
2025-07-07,10,Court 4,Gate_1,No.2 Court,Reserved,2,Other,1,True,81.5,24.1,0.0,False,Hot (>23°C),2025-07-07 11:29:00,0,8
2025-07-07,10,Court 4,Gate_1,Grounds Pass,General,1,Canada,1,True,65.2,24.1,0.0,False,Hot (>23°C),2025-07-07 11:29:00,0,8
2025-07-07,10,No.3 Court,Gate_3,Queue Ticket,General,0,USA,1,False,101.4,24.1,0.0,False,Hot (>23°C),2025-07-07 12:12:00,37,8
2025-07-02,12,Centre Court,Gate_1,No.2 Court,Reserved,2,UK,0,True,39.2,27.1,0.0,False,Hot (>23°C),2025-07-02 13:01:00,0,3
2025-07-05,10,No.2 Court,Gate_5,No.2 Court,Reserved,2,UK,0,True,106.7,23.2,0.0,True,Hot (>23°C),2025-07-05 12:21:00,0,6
2025-07-04,10,Court 4,Gate_1,Centre Court,Premium,4,UK,0,False,73.1,21.2,0.0,False,Warm (19–23°C),2025-07-04 11:51:00,105,5
2025-07-02,12,Centre Court,Gate_4,Queue Ticket,General,0,Other,1,True,59.2,27.1,0.0,False,Hot (>23°C),2025-07-02 13:01:00,0,3
2025-07-07,10,Court 4,Gate_3,Grounds Pass,General,1,UK,0,True,80.7,24.1,0.0,False,Hot (>23°C),2025-07-07 11:29:00,0,8
2025-07-08,11,No.3 Court,Gate_3,No.2 Court,Reserved,2,UK,0,True,54.2,12.1,0.0,False,Cold (<15°C),2025-07-08 12:20:00,0,9
2025-07-05,10,No.2 Court,Gate_4,Queue Ticket,General,0,USA,1,True,86.2,23.2,0.0,True,Hot (>23°C),2025-07-05 12:21:00,0,6
2025-07-09,10,Court 12,Gate_5,Centre Court,Premium,4,UK,0,True,102.5,22.9,0.0,True,Warm (19–23°C),2025-07-09 11:49:00,0,10
2025-07-07,9,Court 4,Gate_2,No.2 Court,Reserved,2,UK,0,True,111.4,22.2,0.0,False,Warm (19–23°C),2025-07-07 11:29:00,0,8
2025-07-01,8,Court 7,Gate_2,Queue Ticket,General,0,UK,0,True,156.3,21.8,0.0,True,Warm (19–23°C),2025-07-01 11:32:00,0,2
2025-07-07,11,Court 8,Gate_8,Grounds Pass,General,1,UK,0,True,58.1,21.4,0.0,False,Warm (19–23°C),2025-07-07 11:59:00,0,8
2025-07-01,10,No.1 Court,Gate_6,Queue Ticket,General,0,UK,0,False,145.6,19.4,0.0,True,Warm (19–23°C),2025-07-01 13:00:00,0,2
2025-07-07,9,Court 6,Gate_7,Centre Court,Premium,4,UK,0,True,109.0,22.2,0.0,False,Warm (19–23°C),2025-07-07 11:10:00,0,8
2025-07-07,12,Centre Court,Gate_8,No.2 Court,Reserved,2,Australia,1,True,37.4,21.4,0.0,False,Warm (19–23°C),2025-07-07 13:10:00,0,8
2025-07-05,11,Centre Court,Gate_7,Grounds Pass,General,1,UK,0,True,77.9,25.0,11.35,True,Hot (>23°C),2025-07-05 13:01:00,0,6
2025-07-06,12,Centre Court,Gate_6,Centre Court,Premium,4,Switzerland,1,True,29.8,14.8,0.0,False,Cold (<15°C),2025-07-06 13:06:00,0,7
2025-07-11,10,No.3 Court,Gate_6,Grounds Pass,General,1,Japan,1,False,95.4,19.9,0.0,False,Warm (19–23°C),2025-07-11 12:28:00,26,12
2025-07-05,11,No.2 Court,Gate_1,No.2 Court,Reserved,2,Australia,1,False,38.1,25.0,11.35,True,Hot (>23°C),2025-07-05 12:21:00,0,6
2025-07-10,11,Court 18,Gate_7,No.1 Court,Reserved,3,USA,1,False,5.0,23.8,0.0,False,Hot (>23°C),2025-07-10 11:46:00,0,11
2025-07-05,10,No.2 Court,Gate_3,No.2 Court,Reserved,2,France,1,True,115.7,23.2,0.0,True,Hot (>23°C),2025-07-05 12:21:00,0,6
2025-07-03,10,No.2 Court,Gate_8,Queue Ticket,General,0,USA,1,False,93.3,19.8,0.0,False,Warm (19–23°C),2025-07-03 12:23:00,0,4
2025-07-03,9,Court 5,Gate_3,Grounds Pass,General,1,Germany,1,True,99.8,17.0,0.0,False,Cool (15–19°C),2025-07-03 11:02:00,33,4
2025-07-13,9,Court 5,Gate_6,Queue Ticket,General,0,UK,0,True,80.5,20.3,0.0,False,Warm (19–23°C),2025-07-13 11:08:00,0,14
2025-07-04,9,Court 6,Gate_6,Queue Ticket,General,0,UK,0,True,125.1,21.9,0.0,False,Warm (19–23°C),2025-07-04 11:26:00,0,5
2025-07-01,11,Centre Court,Gate_8,Centre Court,Premium,4,Germany,1,False,89.5,20.6,0.76,True,Warm (19–23°C),2025-07-01 13:13:00,0,2
2025-07-02,11,No.1 Court,Gate_8,Queue Ticket,General,0,France,1,False,89.6,26.8,0.0,False,Hot (>23°C),2025-07-02 13:07:00,0,3
2025-07-02,11,Court 8,Gate_7,Grounds Pass,General,1,UK,0,True,39.4,26.8,0.0,False,Hot (>23°C),2025-07-02 11:50:00,0,3
2025-07-08,9,Court 7,Gate_6,Queue Ticket,General,0,UK,0,False,96.8,14.1,0.0,False,Cold (<15°C),2025-07-08 11:32:00,0,9
2025-07-03,9,Court 5,Gate_8,No.2 Court,Reserved,2,UK,0,True,65.5,17.0,0.0,False,Cool (15–19°C),2025-07-03 11:02:00,33,4
2025-07-01,11,No.1 Court,Gate_5,Grounds Pass,General,1,Japan,1,False,89.6,20.6,0.76,True,Warm (19–23°C),2025-07-01 13:00:00,0,2
2025-07-02,10,Court 5,Gate_6,Queue Ticket,General,0,UK,0,True,55.7,27.9,0.0,False,Hot (>23°C),2025-07-02 11:26:00,0,3
2025-07-01,9,No.2 Court,Gate_5,Queue Ticket,General,0,Germany,1,False,124.7,18.5,0.0,True,Cool (15–19°C),2025-07-01 12:04:00,0,2
2025-07-13,9,Court 6,Gate_3,Queue Ticket,General,0,Other,1,True,78.1,20.3,0.0,False,Warm (19–23°C),2025-07-13 11:00:00,0,14
2025-07-12,11,Centre Court,Gate_5,Grounds Pass,General,1,Australia,1,False,105.4,27.4,0.06,True,Hot (>23°C),2025-07-12 13:00:00,0,13
2025-07-05,9,Court 5,Gate_1,Grounds Pass,General,1,USA,1,False,103.8,26.0,0.0,True,Hot (>23°C),2025-07-05 11:41:00,0,6
2025-07-06,10,Court 7,Gate_7,No.2 Court,Reserved,2,UK,0,True,44.6,15.5,0.0,False,Cool (15–19°C),2025-07-06 11:12:00,0,7
2025-07-02,10,No.3 Court,Gate_3,Grounds Pass,General,1,UK,0,True,81.1,27.9,0.0,False,Hot (>23°C),2025-07-02 12:14:00,0,3
2025-07-06,11,No.1 Court,Gate_8,Queue Ticket,General,0,UK,0,True,80.7,14.2,0.0,False,Cold (<15°C),2025-07-06 13:03:00,0,7
2025-07-05,9,Court 6,Gate_8,Queue Ticket,General,0,UK,0,False,90.9,26.0,0.0,True,Hot (>23°C),2025-07-05 11:14:00,0,6
2025-07-06,9,Court 4,Gate_8,Queue Ticket,General,0,Other,1,True,79.9,11.9,0.0,False,Cold (<15°C),2025-07-06 11:04:00,0,7
2025-07-09,9,Court 7,Gate_2,Centre Court,Premium,4,UK,0,True,121.3,23.5,0.0,True,Hot (>23°C),2025-07-09 11:02:00,0,10
2025-07-10,9,Court 4,Gate_4,Grounds Pass,General,1,UK,0,True,81.7,26.4,0.0,False,Hot (>23°C),2025-07-10 11:02:00,0,11
2025-07-13,9,Court 6,Gate_1,Grounds Pass,General,1,UK,0,False,94.1,20.3,0.0,False,Warm (19–23°C),2025-07-13 11:00:00,0,14
2025-07-09,8,Court 8,Gate_4,No.1 Court,Reserved,3,UK,0,True,142.1,22.8,0.0,True,Warm (19–23°C),2025-07-09 11:18:00,0,10
2025-07-13,11,No.2 Court,Gate_6,Centre Court Debenture,Premium,5,Canada,1,True,34.2,20.9,0.0,False,Warm (19–23°C),2025-07-13 12:28:00,112,14
2025-07-01,9,Court 12,Gate_8,Centre Court,Premium,4,UK,0,True,104.5,18.5,0.0,True,Cool (15–19°C),2025-07-01 11:21:00,0,2
2025-07-07,11,Court 6,Gate_4,Centre Court,Premium,4,Canada,1,True,5.0,21.4,0.0,False,Warm (19–23°C),2025-07-07 11:10:00,0,8
2025-06-30,10,Court 4,Gate_1,Centre Court,Premium,4,UK,0,False,88.0,17.2,0.0,False,Cool (15–19°C),2025-06-30 11:58:00,0,1
2025-06-30,11,Court 12,Gate_3,Centre Court,Premium,4,USA,1,False,24.3,17.8,0.0,False,Cool (15–19°C),2025-06-30 11:32:00,0,1
2025-06-30,9,Court 7,Gate_3,Grounds Pass,General,1,UK,0,False,105.4,18.3,0.0,False,Cool (15–19°C),2025-06-30 11:10:00,0,1
2025-07-01,9,Court 4,Gate_7,Grounds Pass,General,1,UK,0,True,134.4,18.5,0.0,True,Cool (15–19°C),2025-07-01 11:26:00,0,2
2025-07-09,10,Centre Court,Gate_4,Grounds Pass,General,1,Other,1,True,153.6,22.9,0.0,True,Warm (19–23°C),2025-07-09 13:02:00,0,10
2025-07-12,10,Court 5,Gate_7,No.2 Court,Reserved,2,UK,0,True,84.6,27.2,0.0,True,Hot (>23°C),2025-07-12 11:34:00,0,13
2025-07-06,10,Court 8,Gate_1,No.2 Court,Reserved,2,Australia,1,True,51.4,15.5,0.0,False,Cool (15–19°C),2025-07-06 11:32:00,0,7
2025-07-07,10,Court 7,Gate_5,Centre Court,Premium,4,UK,0,True,49.6,24.1,0.0,False,Hot (>23°C),2025-07-07 11:35:00,0,8
2025-07-02,11,Court 7,Gate_3,Centre Court,Premium,4,Japan,1,False,13.0,26.8,0.0,False,Hot (>23°C),2025-07-02 11:18:00,0,3
2025-07-01,9,Court 4,Gate_5,Grounds Pass,General,1,Japan,1,False,127.1,18.5,0.0,True,Cool (15–19°C),2025-07-01 11:26:00,0,2
2025-07-02,12,Centre Court,Gate_6,No.1 Court,Reserved,3,Germany,1,False,58.2,27.1,0.0,False,Hot (>23°C),2025-07-02 13:01:00,0,3
2025-07-09,9,Court 7,Gate_3,No.2 Court,Reserved,2,UK,0,False,99.2,23.5,0.0,True,Hot (>23°C),2025-07-09 11:02:00,0,10
2025-07-08,10,Court 5,Gate_7,No.2 Court,Reserved,2,UK,0,True,85.8,15.6,0.0,False,Cool (15–19°C),2025-07-08 11:32:00,0,9
2025-07-03,11,No.3 Court,Gate_4,No.1 Court,Reserved,3,Japan,1,True,41.8,20.3,0.0,False,Warm (19–23°C),2025-07-03 12:08:00,0,4
2025-07-03,12,No.1 Court,Gate_6,No.1 Court,Reserved,3,France,1,True,29.9,20.5,0.0,False,Warm (19–23°C),2025-07-03 13:11:00,0,4
2025-07-09,9,Court 8,Gate_1,Queue Ticket,General,0,Other,1,False,94.9,23.5,0.0,True,Hot (>23°C),2025-07-09 11:18:00,0,10
2025-07-05,12,No.2 Court,Gate_8,Centre Court Debenture,Premium,5,Australia,1,True,10.3,24.5,2.94,True,Hot (>23°C),2025-07-05 12:21:00,0,6
2025-07-13,11,Centre Court,Gate_1,No.1 Court,Reserved,3,UK,0,True,96.5,20.9,0.0,False,Warm (19–23°C),2025-07-13 13:07:00,0,14
2025-06-30,8,Court 6,Gate_6,Queue Ticket,General,0,UK,0,False,141.9,15.9,0.0,False,Cool (15–19°C),2025-06-30 11:07:00,0,1
2025-07-12,11,No.1 Court,Gate_8,No.2 Court,Reserved,2,UK,0,True,90.7,27.4,0.06,True,Hot (>23°C),2025-07-12 13:04:00,0,13
2025-07-11,11,No.2 Court,Gate_1,Centre Court Debenture,Premium,5,UK,0,True,20.7,19.3,0.0,False,Warm (19–23°C),2025-07-11 12:00:00,0,12
2025-07-12,10,No.2 Court,Gate_7,Centre Court,Premium,4,UK,0,True,113.2,27.2,0.0,True,Hot (>23°C),2025-07-12 12:03:00,49,13
2025-07-01,12,Centre Court,Gate_7,Centre Court,Premium,4,Switzerland,1,False,63.8,19.3,0.5,True,Warm (19–23°C),2025-07-01 13:13:00,0,2
2025-06-30,11,No.2 Court,Gate_2,Centre Court,Premium,4,UK,0,True,49.7,17.8,0.0,False,Cool (15–19°C),2025-06-30 12:02:00,89,1
2025-07-07,11,Court 4,Gate_3,No.2 Court,Reserved,2,France,1,False,10.5,21.4,0.0,False,Warm (19–23°C),2025-07-07 11:29:00,0,8
2025-07-11,11,No.1 Court,Gate_3,No.1 Court,Reserved,3,UK,0,False,62.9,19.3,0.0,False,Warm (19–23°C),2025-07-11 13:01:00,0,12
2025-07-11,11,No.1 Court,Gate_6,Queue Ticket,General,0,UK,0,True,87.8,19.3,0.0,False,Warm (19–23°C),2025-07-11 13:01:00,0,12
2025-07-06,11,No.3 Court,Gate_1,Grounds Pass,General,1,Japan,1,False,58.8,14.2,0.0,False,Cold (<15°C),2025-07-06 12:21:00,0,7
2025-07-07,10,Court 6,Gate_6,Grounds Pass,General,1,UK,0,True,59.2,24.1,0.0,False,Hot (>23°C),2025-07-07 11:10:00,0,8
2025-07-10,10,Court 6,Gate_8,No.1 Court,Reserved,3,UK,0,True,64.9,24.9,0.0,False,Hot (>23°C),2025-07-10 11:53:00,0,11
2025-07-12,11,No.1 Court,Gate_1,Grounds Pass,General,1,USA,1,False,70.7,27.4,0.06,True,Hot (>23°C),2025-07-12 13:04:00,0,13
2025-07-12,10,Court 5,Gate_4,Centre Court Debenture,Premium,5,UK,0,True,49.6,27.2,0.0,True,Hot (>23°C),2025-07-12 11:34:00,0,13
2025-07-02,11,No.1 Court,Gate_7,No.1 Court,Reserved,3,UK,0,False,69.3,26.8,0.0,False,Hot (>23°C),2025-07-02 13:07:00,0,3
2025-07-07,10,No.2 Court,Gate_2,Queue Ticket,General,0,UK,0,False,117.9,24.1,0.0,False,Hot (>23°C),2025-07-07 12:17:00,95,8
2025-07-07,9,Court 5,Gate_2,Queue Ticket,General,0,UK,0,False,112.8,22.2,0.0,False,Warm (19–23°C),2025-07-07 11:39:00,34,8
2025-07-12,10,Court 5,Gate_4,No.1 Court,Reserved,3,Switzerland,1,False,54.6,27.2,0.0,True,Hot (>23°C),2025-07-12 11:34:00,0,13
2025-07-12,11,Centre Court,Gate_8,No.2 Court,Reserved,2,USA,1,True,88.2,27.4,0.06,True,Hot (>23°C),2025-07-12 13:00:00,0,13
2025-07-11,10,Court 6,Gate_1,Centre Court,Premium,4,Japan,1,True,55.0,19.9,0.0,False,Warm (19–23°C),2025-07-11 11:10:00,0,12
2025-07-06,10,Court 6,Gate_4,No.2 Court,Reserved,2,UK,0,True,68.0,15.5,0.0,False,Cool (15–19°C),2025-07-06 11:42:00,0,7
2025-07-13,10,Court 12,Gate_4,Queue Ticket,General,0,UK,0,True,72.7,19.2,0.0,False,Warm (19–23°C),2025-07-13 11:48:00,0,14
2025-07-04,12,No.1 Court,Gate_7,No.2 Court,Reserved,2,USA,1,False,44.9,21.9,0.0,False,Warm (19–23°C),2025-07-04 13:05:00,0,5
2025-07-05,10,No.1 Court,Gate_8,Grounds Pass,General,1,USA,1,True,126.7,23.2,0.0,True,Hot (>23°C),2025-07-05 13:01:00,0,6
2025-07-09,9,Court 7,Gate_1,No.1 Court,Reserved,3,UK,0,True,96.6,23.5,0.0,True,Hot (>23°C),2025-07-09 11:02:00,0,10
2025-07-05,10,No.2 Court,Gate_7,Queue Ticket,General,0,Australia,1,True,131.4,23.2,0.0,True,Hot (>23°C),2025-07-05 12:21:00,0,6
2025-07-03,11,Centre Court,Gate_7,Grounds Pass,General,1,France,1,True,76.2,20.3,0.0,False,Warm (19–23°C),2025-07-03 13:02:00,0,4
2025-07-07,11,Court 8,Gate_5,Grounds Pass,General,1,USA,1,False,52.1,21.4,0.0,False,Warm (19–23°C),2025-07-07 11:59:00,0,8
2025-07-09,9,Court 4,Gate_1,Grounds Pass,General,1,UK,0,True,147.6,23.5,0.0,True,Hot (>23°C),2025-07-09 11:43:00,81,10
2025-07-07,11,No.3 Court,Gate_6,Grounds Pass,General,1,France,1,True,58.5,21.4,0.0,False,Warm (19–23°C),2025-07-07 12:12:00,37,8
2025-07-10,11,No.3 Court,Gate_8,Centre Court,Premium,4,Spain,1,True,55.0,23.8,0.0,False,Hot (>23°C),2025-07-10 12:15:00,0,11
2025-07-02,9,Court 5,Gate_2,Grounds Pass,General,1,UK,0,True,103.5,25.2,0.0,False,Hot (>23°C),2025-07-02 11:26:00,0,3
2025-07-07,10,No.2 Court,Gate_1,Queue Ticket,General,0,UK,0,False,101.3,24.1,0.0,False,Hot (>23°C),2025-07-07 12:17:00,95,8
2025-07-06,9,Court 8,Gate_5,Grounds Pass,General,1,UK,0,True,115.9,11.9,0.0,False,Cold (<15°C),2025-07-06 11:32:00,0,7
2025-07-03,10,Court 6,Gate_4,No.1 Court,Reserved,3,Japan,1,True,41.3,19.8,0.0,False,Warm (19–23°C),2025-07-03 11:26:00,0,4
2025-07-03,11,No.2 Court,Gate_2,Centre Court Debenture,Premium,5,UK,0,True,56.0,20.3,0.0,False,Warm (19–23°C),2025-07-03 12:23:00,0,4
2025-07-12,9,No.1 Court,Gate_3,Queue Ticket,General,0,UK,0,True,186.3,25.3,0.0,True,Hot (>23°C),2025-07-12 13:04:00,0,13
2025-07-03,12,No.1 Court,Gate_8,Grounds Pass,General,1,France,1,True,49.2,20.5,0.0,False,Warm (19–23°C),2025-07-03 13:11:00,0,4
2025-06-30,11,Court 12,Gate_1,Grounds Pass,General,1,Australia,1,True,23.7,17.8,0.0,False,Cool (15–19°C),2025-06-30 11:32:00,0,1
2025-07-13,10,Court 6,Gate_3,No.2 Court,Reserved,2,UK,0,True,55.0,19.2,0.0,False,Warm (19–23°C),2025-07-13 11:00:00,0,14
2025-07-13,10,Court 18,Gate_7,Grounds Pass,General,1,USA,1,False,100.2,19.2,0.0,False,Warm (19–23°C),2025-07-13 11:50:00,21,14
2025-07-02,9,Court 8,Gate_4,Queue Ticket,General,0,UK,0,True,126.9,25.2,0.0,False,Hot (>23°C),2025-07-02 11:50:00,0,3
2025-07-01,10,Centre Court,Gate_5,Grounds Pass,General,1,Other,1,False,133.5,19.4,0.0,True,Warm (19–23°C),2025-07-01 13:13:00,0,2
2025-06-30,10,Court 4,Gate_8,No.2 Court,Reserved,2,Germany,1,True,85.4,17.2,0.0,False,Cool (15–19°C),2025-06-30 11:58:00,0,1
2025-07-03,10,No.3 Court,Gate_4,Grounds Pass,General,1,France,1,False,88.0,19.8,0.0,False,Warm (19–23°C),2025-07-03 12:08:00,0,4
2025-07-06,11,Centre Court,Gate_2,Grounds Pass,General,1,USA,1,True,91.5,14.2,0.0,False,Cold (<15°C),2025-07-06 13:06:00,0,7
2025-07-01,9,Court 5,Gate_7,Queue Ticket,General,0,UK,0,False,165.0,18.5,0.0,True,Cool (15–19°C),2025-07-01 11:53:00,0,2
2025-07-05,8,Court 5,Gate_7,Grounds Pass,General,1,UK,0,True,163.4,27.3,0.0,True,Hot (>23°C),2025-07-05 11:41:00,0,6
2025-06-30,9,Court 18,Gate_5,Queue Ticket,General,0,UK,0,False,99.8,18.3,0.0,False,Cool (15–19°C),2025-06-30 11:26:00,0,1
2025-07-04,10,Court 4,Gate_3,Queue Ticket,General,0,UK,0,True,99.2,21.2,0.0,False,Warm (19–23°C),2025-07-04 11:51:00,105,5
2025-07-05,10,Court 8,Gate_5,Grounds Pass,General,1,Australia,1,True,78.4,23.2,0.0,True,Hot (>23°C),2025-07-05 11:57:00,28,6
2025-07-07,11,No.1 Court,Gate_2,Queue Ticket,General,0,UK,0,True,120.9,21.4,0.0,False,Warm (19–23°C),2025-07-07 13:02:00,0,8
2025-07-09,9,Court 8,Gate_2,No.1 Court,Reserved,3,UK,0,True,85.5,23.5,0.0,True,Hot (>23°C),2025-07-09 11:18:00,0,10
2025-07-09,9,Court 8,Gate_2,No.2 Court,Reserved,2,Other,1,True,106.8,23.5,0.0,True,Hot (>23°C),2025-07-09 11:18:00,0,10
2025-07-09,11,Centre Court,Gate_7,Grounds Pass,General,1,UK,0,True,116.2,23.2,0.8,True,Hot (>23°C),2025-07-09 13:02:00,0,10
2025-07-12,10,Court 5,Gate_6,Queue Ticket,General,0,France,1,True,89.7,27.2,0.0,True,Hot (>23°C),2025-07-12 11:34:00,0,13
2025-06-30,11,No.1 Court,Gate_8,Grounds Pass,General,1,UK,0,True,92.1,17.8,0.0,False,Cool (15–19°C),2025-06-30 13:11:00,0,1
2025-07-02,10,No.3 Court,Gate_3,No.2 Court,Reserved,2,Germany,1,True,80.4,27.9,0.0,False,Hot (>23°C),2025-07-02 12:14:00,0,3
2025-07-01,9,Court 5,Gate_7,Grounds Pass,General,1,Germany,1,True,148.8,18.5,0.0,True,Cool (15–19°C),2025-07-01 11:53:00,0,2
2025-07-02,11,No.3 Court,Gate_3,No.1 Court,Reserved,3,UK,0,False,45.8,26.8,0.0,False,Hot (>23°C),2025-07-02 12:14:00,0,3
2025-07-07,10,No.3 Court,Gate_3,Queue Ticket,General,0,France,1,True,104.5,24.1,0.0,False,Hot (>23°C),2025-07-07 12:12:00,37,8
2025-07-02,9,Court 12,Gate_8,Queue Ticket,General,0,Japan,1,True,103.4,25.2,0.0,False,Hot (>23°C),2025-07-02 11:23:00,0,3
2025-06-30,9,Court 7,Gate_3,Grounds Pass,General,1,Switzerland,1,True,99.0,18.3,0.0,False,Cool (15–19°C),2025-06-30 11:10:00,0,1
2025-07-12,11,Centre Court,Gate_7,No.1 Court,Reserved,3,UK,0,False,62.4,27.4,0.06,True,Hot (>23°C),2025-07-12 13:00:00,0,13
2025-07-02,11,No.1 Court,Gate_1,Centre Court,Premium,4,UK,0,False,99.1,26.8,0.0,False,Hot (>23°C),2025-07-02 13:07:00,0,3
2025-07-12,10,No.2 Court,Gate_1,No.1 Court,Reserved,3,UK,0,True,109.4,27.2,0.0,True,Hot (>23°C),2025-07-12 12:03:00,49,13
2025-07-13,9,Court 5,Gate_3,Grounds Pass,General,1,Switzerland,1,False,103.2,20.3,0.0,False,Warm (19–23°C),2025-07-13 11:08:00,0,14
2025-07-09,10,Centre Court,Gate_8,Queue Ticket,General,0,UK,0,False,158.4,22.9,0.0,True,Warm (19–23°C),2025-07-09 13:02:00,0,10
2025-07-10,9,Court 7,Gate_4,No.1 Court,Reserved,3,UK,0,True,104.6,26.4,0.0,False,Hot (>23°C),2025-07-10 11:13:00,0,11
2025-07-05,10,Centre Court,Gate_5,Grounds Pass,General,1,UK,0,True,123.4,23.2,0.0,True,Hot (>23°C),2025-07-05 13:01:00,0,6
2025-07-10,9,Court 12,Gate_4,Queue Ticket,General,0,UK,0,True,110.6,26.4,0.0,False,Hot (>23°C),2025-07-10 11:01:00,0,11
2025-07-11,9,Court 4,Gate_1,Grounds Pass,General,1,UK,0,True,114.4,19.8,0.0,False,Warm (19–23°C),2025-07-11 11:49:00,0,12
2025-07-13,11,No.2 Court,Gate_7,Grounds Pass,General,1,UK,0,True,87.9,20.9,0.0,False,Warm (19–23°C),2025-07-13 12:28:00,112,14
2025-07-13,11,No.1 Court,Gate_2,Grounds Pass,General,1,USA,1,False,85.4,20.9,0.0,False,Warm (19–23°C),2025-07-13 13:09:00,0,14
2025-07-06,10,Court 6,Gate_1,Grounds Pass,General,1,USA,1,False,98.2,15.5,0.0,False,Cool (15–19°C),2025-07-06 11:42:00,0,7
2025-07-03,10,Centre Court,Gate_7,Queue Ticket,General,0,Germany,1,True,134.7,19.8,0.0,False,Warm (19–23°C),2025-07-03 13:02:00,0,4
2025-07-11,11,No.3 Court,Gate_7,No.2 Court,Reserved,2,UK,0,False,85.3,19.3,0.0,False,Warm (19–23°C),2025-07-11 12:28:00,26,12
2025-07-08,10,Court 5,Gate_2,Queue Ticket,General,0,Germany,1,True,53.9,15.6,0.0,False,Cool (15–19°C),2025-07-08 11:32:00,0,9
2025-07-06,11,No.3 Court,Gate_2,Grounds Pass,General,1,Australia,1,False,75.5,14.2,0.0,False,Cold (<15°C),2025-07-06 12:21:00,0,7
2025-06-30,9,Court 7,Gate_1,Centre Court,Premium,4,UK,0,True,73.2,18.3,0.0,False,Cool (15–19°C),2025-06-30 11:10:00,0,1
2025-07-03,11,No.1 Court,Gate_8,Queue Ticket,General,0,Spain,1,True,88.8,20.3,0.0,False,Warm (19–23°C),2025-07-03 13:11:00,0,4
2025-07-01,11,Centre Court,Gate_3,Grounds Pass,General,1,Australia,1,False,75.7,20.6,0.76,True,Warm (19–23°C),2025-07-01 13:13:00,0,2
2025-07-12,9,Court 4,Gate_7,Queue Ticket,General,0,Japan,1,True,160.6,25.3,0.0,True,Hot (>23°C),2025-07-12 11:45:00,0,13
2025-07-06,9,Court 7,Gate_8,Grounds Pass,General,1,UK,0,False,108.4,11.9,0.0,False,Cold (<15°C),2025-07-06 11:12:00,0,7
2025-07-08,9,Court 5,Gate_6,Grounds Pass,General,1,UK,0,True,106.9,14.1,0.0,False,Cold (<15°C),2025-07-08 11:32:00,0,9
2025-07-08,11,No.1 Court,Gate_1,Queue Ticket,General,0,Australia,1,False,108.5,12.1,0.0,False,Cold (<15°C),2025-07-08 13:07:00,0,9
2025-07-11,11,Centre Court,Gate_4,Grounds Pass,General,1,UK,0,True,116.9,19.3,0.0,False,Warm (19–23°C),2025-07-11 13:13:00,0,12
2025-07-04,9,Court 7,Gate_3,No.2 Court,Reserved,2,UK,0,False,101.1,21.9,0.0,False,Warm (19–23°C),2025-07-04 11:39:00,0,5
2025-07-07,10,Court 7,Gate_1,Grounds Pass,General,1,Australia,1,True,41.5,24.1,0.0,False,Hot (>23°C),2025-07-07 11:35:00,0,8
2025-07-11,12,No.1 Court,Gate_6,Grounds Pass,General,1,UK,0,True,57.3,19.8,0.0,False,Warm (19–23°C),2025-07-11 13:01:00,0,12
2025-07-09,11,No.1 Court,Gate_4,Grounds Pass,General,1,UK,0,True,128.0,23.2,0.8,True,Hot (>23°C),2025-07-09 13:09:00,0,10
2025-07-02,10,Court 6,Gate_4,Grounds Pass,General,1,UK,0,True,65.0,27.9,0.0,False,Hot (>23°C),2025-07-02 11:05:00,0,3
2025-07-06,10,Court 6,Gate_6,No.2 Court,Reserved,2,UK,0,True,60.4,15.5,0.0,False,Cool (15–19°C),2025-07-06 11:42:00,0,7
2025-07-11,9,Court 5,Gate_6,Queue Ticket,General,0,UK,0,False,104.2,19.8,0.0,False,Warm (19–23°C),2025-07-11 11:44:00,0,12
2025-07-09,9,Court 12,Gate_2,Grounds Pass,General,1,UK,0,False,159.5,23.5,0.0,True,Hot (>23°C),2025-07-09 11:49:00,0,10
2025-07-10,10,Court 5,Gate_6,Centre Court,Premium,4,UK,0,True,12.5,24.9,0.0,False,Hot (>23°C),2025-07-10 11:09:00,0,11
2025-07-02,10,Court 6,Gate_4,No.2 Court,Reserved,2,Other,1,True,44.9,27.9,0.0,False,Hot (>23°C),2025-07-02 11:05:00,0,3
2025-07-05,11,No.1 Court,Gate_4,Centre Court,Premium,4,UK,0,True,65.2,25.0,11.35,True,Hot (>23°C),2025-07-05 13:01:00,0,6
2025-07-05,11,No.1 Court,Gate_8,Queue Ticket,General,0,USA,1,False,75.4,25.0,11.35,True,Hot (>23°C),2025-07-05 13:01:00,0,6
2025-07-02,11,Centre Court,Gate_1,No.2 Court,Reserved,2,UK,0,True,74.3,26.8,0.0,False,Hot (>23°C),2025-07-02 13:01:00,0,3
2025-07-12,9,Court 5,Gate_4,Grounds Pass,General,1,USA,1,True,114.9,25.3,0.0,True,Hot (>23°C),2025-07-12 11:34:00,0,13
2025-07-12,10,Court 4,Gate_2,Grounds Pass,General,1,UK,0,True,101.6,27.2,0.0,True,Hot (>23°C),2025-07-12 11:45:00,0,13
2025-07-04,11,Court 4,Gate_6,Grounds Pass,General,1,Spain,1,False,46.9,20.4,0.0,False,Warm (19–23°C),2025-07-04 11:51:00,105,5
2025-07-07,10,Court 18,Gate_2,Grounds Pass,General,1,Spain,1,False,67.4,24.1,0.0,False,Hot (>23°C),2025-07-07 11:17:00,0,8
2025-07-07,10,Court 5,Gate_6,Grounds Pass,General,1,UK,0,True,79.8,24.1,0.0,False,Hot (>23°C),2025-07-07 11:39:00,34,8
2025-07-13,10,No.3 Court,Gate_8,No.1 Court,Reserved,3,UK,0,False,78.8,19.2,0.0,False,Warm (19–23°C),2025-07-13 12:17:00,0,14
2025-07-07,10,Court 18,Gate_6,Grounds Pass,General,1,USA,1,True,41.3,24.1,0.0,False,Hot (>23°C),2025-07-07 11:17:00,0,8
2025-07-01,8,Court 7,Gate_3,Grounds Pass,General,1,UK,0,False,173.3,21.8,0.0,True,Warm (19–23°C),2025-07-01 11:32:00,0,2
2025-07-03,11,Centre Court,Gate_4,Grounds Pass,General,1,UK,0,False,84.1,20.3,0.0,False,Warm (19–23°C),2025-07-03 13:02:00,0,4
2025-07-05,10,No.2 Court,Gate_5,Grounds Pass,General,1,UK,0,True,108.3,23.2,0.0,True,Hot (>23°C),2025-07-05 12:21:00,0,6
2025-06-30,9,Court 5,Gate_3,Grounds Pass,General,1,USA,1,False,112.7,18.3,0.0,False,Cool (15–19°C),2025-06-30 11:30:00,0,1
2025-07-07,10,Court 18,Gate_7,Grounds Pass,General,1,USA,1,True,55.7,24.1,0.0,False,Hot (>23°C),2025-07-07 11:17:00,0,8
2025-07-10,10,Court 4,Gate_6,No.2 Court,Reserved,2,UK,0,True,37.6,24.9,0.0,False,Hot (>23°C),2025-07-10 11:02:00,0,11
2025-07-10,11,No.1 Court,Gate_8,Centre Court,Premium,4,UK,0,True,75.1,23.8,0.0,False,Hot (>23°C),2025-07-10 13:13:00,0,11
2025-07-01,10,No.2 Court,Gate_8,Grounds Pass,General,1,UK,0,True,89.4,19.4,0.0,True,Warm (19–23°C),2025-07-01 12:04:00,0,2
2025-07-12,9,Court 7,Gate_4,Queue Ticket,General,0,UK,0,False,157.6,25.3,0.0,True,Hot (>23°C),2025-07-12 11:42:00,63,13
2025-07-01,9,Court 8,Gate_1,Grounds Pass,General,1,France,1,True,71.7,18.5,0.0,True,Cool (15–19°C),2025-07-01 11:09:00,0,2
2025-07-06,9,Court 8,Gate_2,Queue Ticket,General,0,Switzerland,1,True,92.0,11.9,0.0,False,Cold (<15°C),2025-07-06 11:32:00,0,7
2025-07-05,10,No.3 Court,Gate_4,Grounds Pass,General,1,USA,1,False,72.1,23.2,0.0,True,Hot (>23°C),2025-07-05 12:04:00,0,6
2025-07-04,11,Centre Court,Gate_1,Grounds Pass,General,1,UK,0,False,81.2,20.4,0.0,False,Warm (19–23°C),2025-07-04 13:08:00,0,5
2025-07-05,10,No.2 Court,Gate_5,Queue Ticket,General,0,UK,0,False,115.0,23.2,0.0,True,Hot (>23°C),2025-07-05 12:21:00,0,6
2025-07-10,12,Centre Court,Gate_3,Centre Court,Premium,4,UK,0,False,51.3,24.1,0.0,False,Hot (>23°C),2025-07-10 13:14:00,0,11
2025-07-09,9,Court 4,Gate_7,Queue Ticket,General,0,UK,0,True,139.5,23.5,0.0,True,Hot (>23°C),2025-07-09 11:43:00,81,10
2025-07-05,9,No.3 Court,Gate_1,Grounds Pass,General,1,UK,0,False,135.3,26.0,0.0,True,Hot (>23°C),2025-07-05 12:04:00,0,6
2025-07-01,9,Court 12,Gate_4,No.2 Court,Reserved,2,UK,0,False,93.5,18.5,0.0,True,Cool (15–19°C),2025-07-01 11:21:00,0,2
2025-07-10,12,Centre Court,Gate_6,Grounds Pass,General,1,Canada,1,True,48.9,24.1,0.0,False,Hot (>23°C),2025-07-10 13:14:00,0,11
2025-07-13,11,No.1 Court,Gate_7,Grounds Pass,General,1,UK,0,True,93.4,20.9,0.0,False,Warm (19–23°C),2025-07-13 13:09:00,0,14
2025-07-05,10,Court 18,Gate_7,Queue Ticket,General,0,Germany,1,True,108.9,23.2,0.0,True,Hot (>23°C),2025-07-05 11:57:00,0,6
2025-07-02,11,No.2 Court,Gate_3,Grounds Pass,General,1,UK,0,False,49.6,26.8,0.0,False,Hot (>23°C),2025-07-02 12:20:00,0,3
2025-07-13,10,Court 4,Gate_6,Centre Court,Premium,4,UK,0,True,72.4,19.2,0.0,False,Warm (19–23°C),2025-07-13 11:33:00,92,14
2025-07-12,10,Centre Court,Gate_5,Queue Ticket,General,0,UK,0,False,171.2,27.2,0.0,True,Hot (>23°C),2025-07-12 13:00:00,0,13
2025-07-09,10,Court 5,Gate_3,No.1 Court,Reserved,3,Australia,1,True,64.8,22.9,0.0,True,Warm (19–23°C),2025-07-09 11:54:00,0,10
2025-07-07,9,Court 6,Gate_3,No.2 Court,Reserved,2,UK,0,False,101.3,22.2,0.0,False,Warm (19–23°C),2025-07-07 11:10:00,0,8
2025-06-30,12,No.1 Court,Gate_1,Grounds Pass,General,1,Australia,1,False,65.6,17.4,0.0,False,Cool (15–19°C),2025-06-30 13:11:00,0,1
2025-07-11,10,No.3 Court,Gate_8,Grounds Pass,General,1,UK,0,True,104.4,19.9,0.0,False,Warm (19–23°C),2025-07-11 12:28:00,26,12
2025-07-06,10,Court 12,Gate_4,No.2 Court,Reserved,2,Other,1,True,63.6,15.5,0.0,False,Cool (15–19°C),2025-07-06 11:10:00,0,7
2025-07-12,9,Court 6,Gate_3,No.2 Court,Reserved,2,USA,1,True,74.6,25.3,0.0,True,Hot (>23°C),2025-07-12 11:01:00,0,13
2025-07-06,10,No.2 Court,Gate_5,Queue Ticket,General,0,France,1,True,102.7,15.5,0.0,False,Cool (15–19°C),2025-07-06 12:07:00,0,7
2025-06-30,10,Court 18,Gate_7,Grounds Pass,General,1,Australia,1,False,38.3,17.2,0.0,False,Cool (15–19°C),2025-06-30 11:26:00,0,1
2025-07-12,9,Court 4,Gate_7,No.1 Court,Reserved,3,UK,0,False,122.3,25.3,0.0,True,Hot (>23°C),2025-07-12 11:45:00,0,13
2025-07-02,11,No.3 Court,Gate_1,No.2 Court,Reserved,2,Canada,1,True,69.9,26.8,0.0,False,Hot (>23°C),2025-07-02 12:14:00,0,3
2025-07-07,10,Court 7,Gate_2,Grounds Pass,General,1,UK,0,True,47.8,24.1,0.0,False,Hot (>23°C),2025-07-07 11:35:00,0,8
2025-07-03,11,Centre Court,Gate_2,Grounds Pass,General,1,UK,0,True,100.7,20.3,0.0,False,Warm (19–23°C),2025-07-03 13:02:00,0,4
2025-07-11,10,Court 8,Gate_7,No.1 Court,Reserved,3,Other,1,True,30.2,19.9,0.0,False,Warm (19–23°C),2025-07-11 11:11:00,0,12
2025-06-30,12,No.1 Court,Gate_1,Centre Court Debenture,Premium,5,UK,0,True,59.0,17.4,0.0,False,Cool (15–19°C),2025-06-30 13:11:00,0,1
2025-07-06,10,Court 7,Gate_6,Centre Court Debenture,Premium,5,UK,0,False,28.5,15.5,0.0,False,Cool (15–19°C),2025-07-06 11:12:00,0,7
2025-07-06,11,Centre Court,Gate_1,Queue Ticket,General,0,Germany,1,True,96.6,14.2,0.0,False,Cold (<15°C),2025-07-06 13:06:00,0,7
2025-07-13,10,Court 6,Gate_2,Queue Ticket,General,0,Canada,1,True,41.9,19.2,0.0,False,Warm (19–23°C),2025-07-13 11:00:00,0,14
2025-07-13,10,No.3 Court,Gate_6,Centre Court Debenture,Premium,5,USA,1,True,79.1,19.2,0.0,False,Warm (19–23°C),2025-07-13 12:17:00,0,14
2025-07-07,11,No.1 Court,Gate_1,Centre Court,Premium,4,UK,0,True,85.4,21.4,0.0,False,Warm (19–23°C),2025-07-07 13:02:00,0,8
2025-07-02,11,Court 8,Gate_1,Queue Ticket,General,0,Germany,1,False,39.1,26.8,0.0,False,Hot (>23°C),2025-07-02 11:50:00,0,3
2025-07-08,10,Court 6,Gate_4,Grounds Pass,General,1,Australia,1,False,71.4,15.6,0.0,False,Cool (15–19°C),2025-07-08 11:28:00,0,9
2025-07-13,11,No.1 Court,Gate_5,Queue Ticket,General,0,Spain,1,True,88.4,20.9,0.0,False,Warm (19–23°C),2025-07-13 13:09:00,0,14
2025-07-04,12,No.1 Court,Gate_2,Centre Court,Premium,4,UK,0,True,55.5,21.9,0.0,False,Warm (19–23°C),2025-07-04 13:05:00,0,5
2025-07-10,9,Court 6,Gate_6,Queue Ticket,General,0,UK,0,True,114.1,26.4,0.0,False,Hot (>23°C),2025-07-10 11:53:00,0,11
2025-07-01,9,Court 12,Gate_4,Queue Ticket,General,0,UK,0,False,122.7,18.5,0.0,True,Cool (15–19°C),2025-07-01 11:21:00,0,2
2025-07-02,10,No.3 Court,Gate_1,Queue Ticket,General,0,UK,0,True,119.4,27.9,0.0,False,Hot (>23°C),2025-07-02 12:14:00,0,3
2025-07-01,10,No.3 Court,Gate_2,No.1 Court,Reserved,3,Canada,1,True,133.7,19.4,0.0,True,Warm (19–23°C),2025-07-01 12:22:00,0,2
2025-07-08,11,No.1 Court,Gate_5,Grounds Pass,General,1,UK,0,False,115.4,12.1,0.0,False,Cold (<15°C),2025-07-08 13:07:00,0,9
2025-07-07,11,No.1 Court,Gate_2,No.1 Court,Reserved,3,UK,0,False,63.2,21.4,0.0,False,Warm (19–23°C),2025-07-07 13:02:00,0,8
2025-07-03,10,No.2 Court,Gate_1,Queue Ticket,General,0,UK,0,False,96.1,19.8,0.0,False,Warm (19–23°C),2025-07-03 12:23:00,0,4
2025-07-11,10,No.2 Court,Gate_6,No.1 Court,Reserved,3,UK,0,False,63.8,19.9,0.0,False,Warm (19–23°C),2025-07-11 12:00:00,0,12
2025-07-09,9,Court 12,Gate_2,Grounds Pass,General,1,USA,1,False,131.0,23.5,0.0,True,Hot (>23°C),2025-07-09 11:49:00,0,10
2025-07-04,12,Centre Court,Gate_6,No.1 Court,Reserved,3,UK,0,True,41.1,21.9,0.0,False,Warm (19–23°C),2025-07-04 13:08:00,0,5
2025-07-05,9,Court 6,Gate_3,Grounds Pass,General,1,USA,1,False,102.1,26.0,0.0,True,Hot (>23°C),2025-07-05 11:14:00,0,6
2025-07-03,9,Court 6,Gate_7,Grounds Pass,General,1,UK,0,True,92.2,17.0,0.0,False,Cool (15–19°C),2025-07-03 11:26:00,0,4
2025-07-10,10,No.2 Court,Gate_4,Grounds Pass,General,1,UK,0,True,97.0,24.9,0.0,False,Hot (>23°C),2025-07-10 12:07:00,0,11
2025-07-03,10,Court 12,Gate_3,Centre Court,Premium,4,Japan,1,True,48.8,19.8,0.0,False,Warm (19–23°C),2025-07-03 11:45:00,0,4
2025-07-01,8,Court 18,Gate_4,Queue Ticket,General,0,UK,0,True,187.3,21.8,0.0,True,Warm (19–23°C),2025-07-01 11:58:00,0,2
2025-07-12,12,No.1 Court,Gate_5,No.1 Court,Reserved,3,Germany,1,True,49.4,25.1,0.95,True,Hot (>23°C),2025-07-12 13:04:00,0,13
2025-07-02,11,Court 18,Gate_7,No.2 Court,Reserved,2,Japan,1,True,34.7,26.8,0.0,False,Hot (>23°C),2025-07-02 11:38:00,0,3
2025-07-09,9,Court 5,Gate_4,Grounds Pass,General,1,UK,0,True,137.9,23.5,0.0,True,Hot (>23°C),2025-07-09 11:54:00,0,10
2025-07-01,10,No.3 Court,Gate_8,Centre Court,Premium,4,UK,0,False,115.0,19.4,0.0,True,Warm (19–23°C),2025-07-01 12:22:00,0,2
2025-07-12,9,Court 8,Gate_7,Grounds Pass,General,1,Switzerland,1,False,108.3,25.3,0.0,True,Hot (>23°C),2025-07-12 11:07:00,0,13
2025-07-08,11,Centre Court,Gate_2,Queue Ticket,General,0,Japan,1,False,84.2,12.1,0.0,False,Cold (<15°C),2025-07-08 13:00:00,0,9
2025-07-08,10,No.2 Court,Gate_8,Grounds Pass,General,1,Australia,1,True,112.0,15.6,0.0,False,Cool (15–19°C),2025-07-08 12:23:00,0,9
2025-07-13,11,Centre Court,Gate_8,Grounds Pass,General,1,UK,0,True,98.0,20.9,0.0,False,Warm (19–23°C),2025-07-13 13:07:00,0,14
2025-07-04,9,Court 18,Gate_6,Queue Ticket,General,0,USA,1,False,113.0,21.9,0.0,False,Warm (19–23°C),2025-07-04 11:19:00,36,5
2025-07-02,10,No.2 Court,Gate_6,Queue Ticket,General,0,UK,0,False,119.6,27.9,0.0,False,Hot (>23°C),2025-07-02 12:20:00,0,3
2025-07-04,10,Court 18,Gate_5,Queue Ticket,General,0,Other,1,False,65.0,21.2,0.0,False,Warm (19–23°C),2025-07-04 11:19:00,36,5
2025-07-12,10,Court 5,Gate_4,Grounds Pass,General,1,Australia,1,True,52.1,27.2,0.0,True,Hot (>23°C),2025-07-12 11:34:00,0,13
2025-06-30,9,Court 7,Gate_7,No.1 Court,Reserved,3,UK,0,False,100.0,18.3,0.0,False,Cool (15–19°C),2025-06-30 11:10:00,0,1
2025-07-08,10,Court 6,Gate_1,Centre Court,Premium,4,Germany,1,True,29.0,15.6,0.0,False,Cool (15–19°C),2025-07-08 11:28:00,0,9
2025-07-06,11,No.2 Court,Gate_8,Centre Court,Premium,4,USA,1,True,50.4,14.2,0.0,False,Cold (<15°C),2025-07-06 12:07:00,0,7
2025-07-03,11,No.1 Court,Gate_2,Queue Ticket,General,0,Other,1,False,89.2,20.3,0.0,False,Warm (19–23°C),2025-07-03 13:11:00,0,4
2025-07-09,9,Court 8,Gate_6,No.2 Court,Reserved,2,USA,1,False,78.3,23.5,0.0,True,Hot (>23°C),2025-07-09 11:18:00,0,10
2025-07-02,11,Court 4,Gate_7,Grounds Pass,General,1,Germany,1,True,38.9,26.8,0.0,False,Hot (>23°C),2025-07-02 11:56:00,0,3
2025-07-04,10,Court 4,Gate_1,Centre Court,Premium,4,UK,0,True,57.1,21.2,0.0,False,Warm (19–23°C),2025-07-04 11:51:00,105,5
2025-07-10,10,Court 7,Gate_3,No.2 Court,Reserved,2,Other,1,True,72.3,24.9,0.0,False,Hot (>23°C),2025-07-10 11:13:00,0,11
2025-07-08,11,Centre Court,Gate_6,Grounds Pass,General,1,France,1,False,78.0,12.1,0.0,False,Cold (<15°C),2025-07-08 13:00:00,0,9
2025-07-10,11,No.1 Court,Gate_2,No.1 Court,Reserved,3,UK,0,True,77.0,23.8,0.0,False,Hot (>23°C),2025-07-10 13:13:00,0,11
2025-07-04,10,No.2 Court,Gate_3,Queue Ticket,General,0,France,1,True,97.9,21.2,0.0,False,Warm (19–23°C),2025-07-04 12:13:00,0,5
2025-07-07,11,No.2 Court,Gate_1,Queue Ticket,General,0,USA,1,False,48.1,21.4,0.0,False,Warm (19–23°C),2025-07-07 12:17:00,95,8
2025-07-04,11,No.3 Court,Gate_1,Grounds Pass,General,1,Other,1,False,38.5,20.4,0.0,False,Warm (19–23°C),2025-07-04 12:29:00,0,5
2025-07-10,11,No.3 Court,Gate_6,No.2 Court,Reserved,2,UK,0,True,45.2,23.8,0.0,False,Hot (>23°C),2025-07-10 12:15:00,0,11
2025-07-09,9,No.3 Court,Gate_5,Grounds Pass,General,1,UK,0,True,141.5,23.5,0.0,True,Hot (>23°C),2025-07-09 12:21:00,0,10
2025-07-08,11,No.2 Court,Gate_4,No.1 Court,Reserved,3,USA,1,False,49.3,12.1,0.0,False,Cold (<15°C),2025-07-08 12:23:00,0,9
2025-07-03,10,No.3 Court,Gate_1,Queue Ticket,General,0,UK,0,False,114.9,19.8,0.0,False,Warm (19–23°C),2025-07-03 12:08:00,0,4
2025-07-07,12,No.1 Court,Gate_5,Centre Court,Premium,4,UK,0,True,61.7,21.4,0.0,False,Warm (19–23°C),2025-07-07 13:02:00,0,8
2025-07-05,10,No.1 Court,Gate_7,Queue Ticket,General,0,UK,0,True,156.2,23.2,0.0,True,Hot (>23°C),2025-07-05 13:01:00,0,6
2025-07-05,11,No.1 Court,Gate_1,No.1 Court,Reserved,3,UK,0,True,78.0,25.0,11.35,True,Hot (>23°C),2025-07-05 13:01:00,0,6
2025-06-30,11,No.3 Court,Gate_1,Grounds Pass,General,1,UK,0,True,71.9,17.8,0.0,False,Cool (15–19°C),2025-06-30 12:15:00,0,1
2025-07-07,10,No.3 Court,Gate_7,Queue Ticket,General,0,UK,0,True,79.7,24.1,0.0,False,Hot (>23°C),2025-07-07 12:12:00,37,8
2025-07-01,10,Court 18,Gate_6,Queue Ticket,General,0,France,1,False,98.4,19.4,0.0,True,Warm (19–23°C),2025-07-01 11:58:00,0,2
2025-07-04,11,No.3 Court,Gate_5,No.2 Court,Reserved,2,UK,0,True,77.4,20.4,0.0,False,Warm (19–23°C),2025-07-04 12:29:00,0,5
2025-06-30,11,Court 4,Gate_7,Centre Court,Premium,4,Other,1,False,18.6,17.8,0.0,False,Cool (15–19°C),2025-06-30 11:58:00,0,1
2025-07-03,11,No.1 Court,Gate_2,Queue Ticket,General,0,Other,1,True,120.0,20.3,0.0,False,Warm (19–23°C),2025-07-03 13:11:00,0,4
2025-07-06,10,Court 7,Gate_5,Grounds Pass,General,1,Other,1,True,53.0,15.5,0.0,False,Cool (15–19°C),2025-07-06 11:12:00,0,7
2025-07-11,12,No.1 Court,Gate_7,No.1 Court,Reserved,3,Switzerland,1,False,46.3,19.8,0.0,False,Warm (19–23°C),2025-07-11 13:01:00,0,12
2025-06-30,10,Court 4,Gate_7,Grounds Pass,General,1,UK,0,False,116.8,17.2,0.0,False,Cool (15–19°C),2025-06-30 11:58:00,0,1
2025-07-13,11,No.1 Court,Gate_5,No.1 Court,Reserved,3,Other,1,True,81.9,20.9,0.0,False,Warm (19–23°C),2025-07-13 13:09:00,0,14
2025-07-12,9,Court 4,Gate_7,No.1 Court,Reserved,3,UK,0,False,111.1,25.3,0.0,True,Hot (>23°C),2025-07-12 11:45:00,0,13
2025-07-02,10,No.2 Court,Gate_2,No.1 Court,Reserved,3,UK,0,True,88.1,27.9,0.0,False,Hot (>23°C),2025-07-02 12:20:00,0,3
2025-07-13,11,No.2 Court,Gate_8,Grounds Pass,General,1,UK,0,False,71.0,20.9,0.0,False,Warm (19–23°C),2025-07-13 12:28:00,112,14
2025-07-04,11,Centre Court,Gate_2,Queue Ticket,General,0,UK,0,True,94.5,20.4,0.0,False,Warm (19–23°C),2025-07-04 13:08:00,0,5
2025-07-07,10,Court 8,Gate_6,Grounds Pass,General,1,Spain,1,True,114.7,24.1,0.0,False,Hot (>23°C),2025-07-07 11:59:00,0,8
2025-07-05,9,Court 4,Gate_1,Grounds Pass,General,1,France,1,True,102.9,26.0,0.0,True,Hot (>23°C),2025-07-05 11:29:00,0,6
2025-07-07,11,Court 7,Gate_6,Centre Court,Premium,4,Germany,1,False,33.3,21.4,0.0,False,Warm (19–23°C),2025-07-07 11:35:00,0,8
2025-07-02,11,No.3 Court,Gate_2,Centre Court,Premium,4,USA,1,False,18.7,26.8,0.0,False,Hot (>23°C),2025-07-02 12:14:00,0,3
2025-07-06,9,Court 8,Gate_6,Grounds Pass,General,1,UK,0,True,98.6,11.9,0.0,False,Cold (<15°C),2025-07-06 11:32:00,0,7
2025-07-07,12,No.1 Court,Gate_4,Centre Court Debenture,Premium,5,UK,0,False,34.2,21.4,0.0,False,Warm (19–23°C),2025-07-07 13:02:00,0,8
2025-07-11,10,Court 6,Gate_1,No.1 Court,Reserved,3,UK,0,True,52.5,19.9,0.0,False,Warm (19–23°C),2025-07-11 11:10:00,0,12
2025-07-06,9,Court 7,Gate_8,Queue Ticket,General,0,Australia,1,True,90.6,11.9,0.0,False,Cold (<15°C),2025-07-06 11:12:00,0,7
2025-07-08,11,Centre Court,Gate_4,Queue Ticket,General,0,Spain,1,False,105.9,12.1,0.0,False,Cold (<15°C),2025-07-08 13:00:00,0,9
2025-06-30,9,Court 6,Gate_4,Centre Court,Premium,4,Canada,1,True,79.3,18.3,0.0,False,Cool (15–19°C),2025-06-30 11:07:00,0,1
2025-07-12,9,Court 18,Gate_5,No.2 Court,Reserved,2,UK,0,True,114.7,25.3,0.0,True,Hot (>23°C),2025-07-12 11:23:00,0,13
2025-07-03,11,No.2 Court,Gate_1,Centre Court,Premium,4,UK,0,True,57.2,20.3,0.0,False,Warm (19–23°C),2025-07-03 12:23:00,0,4
2025-07-06,12,No.1 Court,Gate_3,Centre Court,Premium,4,USA,1,False,55.8,14.8,0.0,False,Cold (<15°C),2025-07-06 13:03:00,0,7
2025-07-11,9,Court 7,Gate_8,No.2 Court,Reserved,2,UK,0,True,77.7,19.8,0.0,False,Warm (19–23°C),2025-07-11 11:02:00,0,12
2025-07-11,11,No.1 Court,Gate_7,Queue Ticket,General,0,USA,1,False,77.9,19.3,0.0,False,Warm (19–23°C),2025-07-11 13:01:00,0,12
2025-07-05,10,No.3 Court,Gate_3,Grounds Pass,General,1,Other,1,True,96.7,23.2,0.0,True,Hot (>23°C),2025-07-05 12:04:00,0,6
2025-07-08,12,Centre Court,Gate_1,Centre Court,Premium,4,Switzerland,1,True,49.9,12.5,0.0,False,Cold (<15°C),2025-07-08 13:00:00,0,9
2025-06-30,10,Court 4,Gate_7,Grounds Pass,General,1,USA,1,False,111.3,17.2,0.0,False,Cool (15–19°C),2025-06-30 11:58:00,0,1
2025-07-10,11,No.2 Court,Gate_8,Queue Ticket,General,0,USA,1,False,65.4,23.8,0.0,False,Hot (>23°C),2025-07-10 12:07:00,0,11
2025-07-05,10,Court 8,Gate_4,Grounds Pass,General,1,UK,0,True,100.7,23.2,0.0,True,Hot (>23°C),2025-07-05 11:57:00,28,6
2025-07-11,10,No.2 Court,Gate_5,Queue Ticket,General,0,UK,0,True,116.8,19.9,0.0,False,Warm (19–23°C),2025-07-11 12:00:00,0,12
2025-07-03,10,No.3 Court,Gate_1,Queue Ticket,General,0,UK,0,False,126.0,19.8,0.0,False,Warm (19–23°C),2025-07-03 12:08:00,0,4
2025-07-13,11,No.1 Court,Gate_5,Grounds Pass,General,1,UK,0,True,117.5,20.9,0.0,False,Warm (19–23°C),2025-07-13 13:09:00,0,14
2025-07-09,10,Centre Court,Gate_7,Queue Ticket,General,0,Australia,1,False,144.6,22.9,0.0,True,Warm (19–23°C),2025-07-09 13:02:00,0,10
2025-07-09,9,Court 4,Gate_2,No.2 Court,Reserved,2,UK,0,True,146.9,23.5,0.0,True,Hot (>23°C),2025-07-09 11:43:00,81,10
2025-07-01,9,Court 8,Gate_1,Centre Court,Premium,4,Spain,1,False,95.7,18.5,0.0,True,Cool (15–19°C),2025-07-01 11:09:00,0,2
2025-07-07,11,No.3 Court,Gate_3,Grounds Pass,General,1,Other,1,True,40.5,21.4,0.0,False,Warm (19–23°C),2025-07-07 12:12:00,37,8
2025-07-05,10,No.1 Court,Gate_5,Grounds Pass,General,1,USA,1,True,132.8,23.2,0.0,True,Hot (>23°C),2025-07-05 13:01:00,0,6
2025-07-04,10,Court 12,Gate_1,Grounds Pass,General,1,USA,1,False,98.4,21.2,0.0,False,Warm (19–23°C),2025-07-04 11:39:00,0,5
2025-07-04,10,Court 7,Gate_4,Grounds Pass,General,1,UK,0,True,83.7,21.2,0.0,False,Warm (19–23°C),2025-07-04 11:39:00,0,5
2025-06-30,8,Court 6,Gate_6,Grounds Pass,General,1,UK,0,False,141.6,15.9,0.0,False,Cool (15–19°C),2025-06-30 11:07:00,0,1
2025-07-07,11,Court 8,Gate_1,Centre Court Debenture,Premium,5,Australia,1,True,6.7,21.4,0.0,False,Warm (19–23°C),2025-07-07 11:59:00,0,8
2025-07-05,8,Court 7,Gate_1,Grounds Pass,General,1,UK,0,True,140.4,27.3,0.0,True,Hot (>23°C),2025-07-05 11:18:00,0,6
2025-07-01,9,Court 5,Gate_4,Queue Ticket,General,0,France,1,True,151.5,18.5,0.0,True,Cool (15–19°C),2025-07-01 11:53:00,0,2
2025-06-30,11,Centre Court,Gate_2,Grounds Pass,General,1,Other,1,False,113.9,17.8,0.0,False,Cool (15–19°C),2025-06-30 13:01:00,0,1
2025-07-07,10,No.2 Court,Gate_1,Queue Ticket,General,0,France,1,False,97.4,24.1,0.0,False,Hot (>23°C),2025-07-07 12:17:00,95,8
2025-07-13,9,Court 6,Gate_4,Grounds Pass,General,1,Australia,1,False,93.0,20.3,0.0,False,Warm (19–23°C),2025-07-13 11:00:00,0,14
2025-07-13,10,Court 5,Gate_4,No.1 Court,Reserved,3,UK,0,True,45.4,19.2,0.0,False,Warm (19–23°C),2025-07-13 11:08:00,0,14
2025-07-02,12,Centre Court,Gate_2,No.2 Court,Reserved,2,Japan,1,True,52.2,27.1,0.0,False,Hot (>23°C),2025-07-02 13:01:00,0,3
2025-07-10,11,No.2 Court,Gate_6,Centre Court,Premium,4,UK,0,True,42.8,23.8,0.0,False,Hot (>23°C),2025-07-10 12:07:00,0,11
2025-07-03,11,No.3 Court,Gate_5,Grounds Pass,General,1,USA,1,False,33.5,20.3,0.0,False,Warm (19–23°C),2025-07-03 12:08:00,0,4
2025-07-01,9,Court 6,Gate_8,Grounds Pass,General,1,UK,0,True,116.6,18.5,0.0,True,Cool (15–19°C),2025-07-01 11:21:00,66,2
2025-07-03,11,Centre Court,Gate_3,Queue Ticket,General,0,UK,0,True,121.2,20.3,0.0,False,Warm (19–23°C),2025-07-03 13:02:00,0,4
2025-07-12,11,No.1 Court,Gate_6,No.1 Court,Reserved,3,Australia,1,True,87.8,27.4,0.06,True,Hot (>23°C),2025-07-12 13:04:00,0,13
2025-07-10,11,Court 6,Gate_3,Centre Court,Premium,4,USA,1,True,32.5,23.8,0.0,False,Hot (>23°C),2025-07-10 11:53:00,0,11
2025-07-06,8,Court 5,Gate_5,Grounds Pass,General,1,UK,0,True,129.4,14.5,0.0,False,Cold (<15°C),2025-07-06 11:05:00,0,7
2025-07-02,10,Court 18,Gate_2,Grounds Pass,General,1,UK,0,True,80.9,27.9,0.0,False,Hot (>23°C),2025-07-02 11:38:00,0,3
2025-07-06,12,No.2 Court,Gate_7,No.1 Court,Reserved,3,USA,1,True,5.0,14.8,0.0,False,Cold (<15°C),2025-07-06 12:07:00,0,7
2025-07-09,10,No.2 Court,Gate_3,Grounds Pass,General,1,UK,0,False,109.6,22.9,0.0,True,Warm (19–23°C),2025-07-09 12:20:00,0,10
2025-07-10,11,No.3 Court,Gate_5,No.2 Court,Reserved,2,France,1,True,71.5,23.8,0.0,False,Hot (>23°C),2025-07-10 12:15:00,0,11
2025-07-03,9,Court 7,Gate_8,Queue Ticket,General,0,UK,0,False,102.8,17.0,0.0,False,Cool (15–19°C),2025-07-03 11:40:00,0,4
2025-07-10,10,Court 6,Gate_5,Grounds Pass,General,1,USA,1,False,102.9,24.9,0.0,False,Hot (>23°C),2025-07-10 11:53:00,0,11
2025-07-09,9,Court 12,Gate_2,Queue Ticket,General,0,UK,0,True,142.1,23.5,0.0,True,Hot (>23°C),2025-07-09 11:49:00,0,10
2025-07-05,11,Centre Court,Gate_6,Grounds Pass,General,1,Other,1,True,90.2,25.0,11.35,True,Hot (>23°C),2025-07-05 13:01:00,0,6
2025-06-30,10,Court 8,Gate_3,No.1 Court,Reserved,3,UK,0,True,56.6,17.2,0.0,False,Cool (15–19°C),2025-06-30 11:55:00,0,1
2025-07-04,11,No.3 Court,Gate_8,Grounds Pass,General,1,USA,1,True,53.1,20.4,0.0,False,Warm (19–23°C),2025-07-04 12:29:00,0,5
2025-07-04,11,No.1 Court,Gate_4,Grounds Pass,General,1,UK,0,True,98.0,20.4,0.0,False,Warm (19–23°C),2025-07-04 13:05:00,0,5
2025-07-08,10,No.1 Court,Gate_8,Grounds Pass,General,1,France,1,False,136.6,15.6,0.0,False,Cool (15–19°C),2025-07-08 13:07:00,0,9
2025-07-03,10,Court 6,Gate_2,Centre Court Debenture,Premium,5,UK,0,True,60.6,19.8,0.0,False,Warm (19–23°C),2025-07-03 11:26:00,0,4
2025-07-06,9,Court 8,Gate_8,Grounds Pass,General,1,UK,0,False,135.3,11.9,0.0,False,Cold (<15°C),2025-07-06 11:32:00,0,7
2025-07-13,10,Court 7,Gate_5,Grounds Pass,General,1,France,1,True,97.0,19.2,0.0,False,Warm (19–23°C),2025-07-13 11:57:00,0,14
2025-07-04,10,Court 8,Gate_2,Grounds Pass,General,1,UK,0,True,73.2,21.2,0.0,False,Warm (19–23°C),2025-07-04 11:59:00,0,5
2025-07-03,11,No.2 Court,Gate_4,Centre Court,Premium,4,UK,0,False,34.0,20.3,0.0,False,Warm (19–23°C),2025-07-03 12:23:00,0,4
2025-07-03,10,No.2 Court,Gate_4,Queue Ticket,General,0,USA,1,True,96.1,19.8,0.0,False,Warm (19–23°C),2025-07-03 12:23:00,0,4
2025-07-13,11,No.2 Court,Gate_3,Grounds Pass,General,1,UK,0,True,38.7,20.9,0.0,False,Warm (19–23°C),2025-07-13 12:28:00,112,14
2025-07-12,9,Court 8,Gate_5,Queue Ticket,General,0,Japan,1,True,93.9,25.3,0.0,True,Hot (>23°C),2025-07-12 11:07:00,0,13
2025-07-11,10,Court 7,Gate_7,No.2 Court,Reserved,2,Australia,1,False,41.0,19.9,0.0,False,Warm (19–23°C),2025-07-11 11:02:00,0,12
2025-07-05,11,Centre Court,Gate_7,No.2 Court,Reserved,2,UK,0,True,105.9,25.0,11.35,True,Hot (>23°C),2025-07-05 13:01:00,0,6
2025-07-10,11,Court 8,Gate_3,Centre Court Debenture,Premium,5,Spain,1,True,5.0,23.8,0.0,False,Hot (>23°C),2025-07-10 11:53:00,0,11
2025-07-05,10,No.1 Court,Gate_8,Queue Ticket,General,0,UK,0,True,124.6,23.2,0.0,True,Hot (>23°C),2025-07-05 13:01:00,0,6
2025-07-06,9,Court 5,Gate_7,Grounds Pass,General,1,UK,0,True,75.6,11.9,0.0,False,Cold (<15°C),2025-07-06 11:05:00,0,7
2025-07-09,10,Centre Court,Gate_4,Grounds Pass,General,1,UK,0,True,140.3,22.9,0.0,True,Warm (19–23°C),2025-07-09 13:02:00,0,10
2025-07-06,10,Court 4,Gate_7,Grounds Pass,General,1,UK,0,True,48.0,15.5,0.0,False,Cool (15–19°C),2025-07-06 11:04:00,0,7
2025-07-08,9,Court 6,Gate_7,No.1 Court,Reserved,3,UK,0,False,102.6,14.1,0.0,False,Cold (<15°C),2025-07-08 11:28:00,0,9
2025-07-06,10,Court 5,Gate_5,No.1 Court,Reserved,3,USA,1,True,45.5,15.5,0.0,False,Cool (15–19°C),2025-07-06 11:05:00,0,7
2025-07-07,10,Court 4,Gate_3,Grounds Pass,General,1,Australia,1,False,67.3,24.1,0.0,False,Hot (>23°C),2025-07-07 11:29:00,0,8
2025-07-03,9,Court 8,Gate_4,Grounds Pass,General,1,UK,0,False,93.5,17.0,0.0,False,Cool (15–19°C),2025-07-03 11:04:00,0,4
2025-07-10,9,Court 4,Gate_1,No.1 Court,Reserved,3,UK,0,True,75.6,26.4,0.0,False,Hot (>23°C),2025-07-10 11:02:00,0,11
2025-07-10,11,No.3 Court,Gate_2,Centre Court,Premium,4,UK,0,True,58.5,23.8,0.0,False,Hot (>23°C),2025-07-10 12:15:00,0,11
2025-07-12,11,No.3 Court,Gate_3,Centre Court Debenture,Premium,5,USA,1,False,74.9,27.4,0.06,True,Hot (>23°C),2025-07-12 12:15:00,0,13
2025-07-09,11,No.1 Court,Gate_6,No.2 Court,Reserved,2,USA,1,True,105.1,23.2,0.8,True,Hot (>23°C),2025-07-09 13:09:00,0,10
2025-06-30,9,Court 6,Gate_7,Grounds Pass,General,1,USA,1,False,89.6,18.3,0.0,False,Cool (15–19°C),2025-06-30 11:07:00,0,1
2025-07-09,11,Centre Court,Gate_7,Centre Court,Premium,4,Australia,1,True,63.4,23.2,0.8,True,Hot (>23°C),2025-07-09 13:02:00,0,10
2025-07-11,10,Court 5,Gate_4,No.1 Court,Reserved,3,UK,0,True,57.3,19.9,0.0,False,Warm (19–23°C),2025-07-11 11:44:00,0,12
2025-07-13,11,Centre Court,Gate_3,Queue Ticket,General,0,Australia,1,True,85.9,20.9,0.0,False,Warm (19–23°C),2025-07-13 13:07:00,0,14
2025-06-30,10,Court 4,Gate_3,No.2 Court,Reserved,2,UK,0,False,73.1,17.2,0.0,False,Cool (15–19°C),2025-06-30 11:58:00,0,1
2025-07-05,9,Court 12,Gate_1,Centre Court,Premium,4,UK,0,False,108.0,26.0,0.0,True,Hot (>23°C),2025-07-05 11:20:00,0,6
2025-07-06,9,Court 4,Gate_4,Queue Ticket,General,0,USA,1,True,83.9,11.9,0.0,False,Cold (<15°C),2025-07-06 11:04:00,0,7
2025-07-04,10,Court 7,Gate_6,Centre Court,Premium,4,France,1,True,52.0,21.2,0.0,False,Warm (19–23°C),2025-07-04 11:39:00,0,5
2025-07-01,10,No.3 Court,Gate_4,Queue Ticket,General,0,Switzerland,1,True,87.8,19.4,0.0,True,Warm (19–23°C),2025-07-01 12:22:00,0,2
2025-07-03,10,No.3 Court,Gate_2,Grounds Pass,General,1,Other,1,True,75.0,19.8,0.0,False,Warm (19–23°C),2025-07-03 12:08:00,0,4
2025-07-11,9,Court 5,Gate_5,Grounds Pass,General,1,UK,0,True,132.4,19.8,0.0,False,Warm (19–23°C),2025-07-11 11:44:00,0,12
2025-07-04,9,Court 4,Gate_4,Grounds Pass,General,1,UK,0,True,116.9,21.9,0.0,False,Warm (19–23°C),2025-07-04 11:51:00,105,5
2025-07-01,10,Court 6,Gate_4,Centre Court Debenture,Premium,5,UK,0,True,80.8,19.4,0.0,True,Warm (19–23°C),2025-07-01 11:21:00,66,2
2025-07-03,8,Court 5,Gate_7,Grounds Pass,General,1,UK,0,False,138.0,21.9,0.0,False,Warm (19–23°C),2025-07-03 11:02:00,33,4
2025-07-09,9,Court 4,Gate_6,Grounds Pass,General,1,UK,0,True,127.4,23.5,0.0,True,Hot (>23°C),2025-07-09 11:43:00,81,10
2025-07-12,9,Court 5,Gate_3,Grounds Pass,General,1,USA,1,True,108.0,25.3,0.0,True,Hot (>23°C),2025-07-12 11:34:00,0,13
2025-06-30,11,No.1 Court,Gate_8,Grounds Pass,General,1,UK,0,True,93.4,17.8,0.0,False,Cool (15–19°C),2025-06-30 13:11:00,0,1
2025-07-12,10,No.3 Court,Gate_7,Grounds Pass,General,1,UK,0,True,97.6,27.2,0.0,True,Hot (>23°C),2025-07-12 12:15:00,0,13
2025-07-01,12,No.1 Court,Gate_4,No.1 Court,Reserved,3,Germany,1,True,41.2,19.3,0.5,True,Warm (19–23°C),2025-07-01 13:00:00,0,2
2025-06-30,10,Centre Court,Gate_3,Queue Ticket,General,0,UK,0,False,123.4,17.2,0.0,False,Cool (15–19°C),2025-06-30 13:01:00,0,1
2025-07-06,10,No.2 Court,Gate_4,Grounds Pass,General,1,UK,0,True,109.7,15.5,0.0,False,Cool (15–19°C),2025-07-06 12:07:00,0,7
2025-07-06,9,Court 7,Gate_4,Queue Ticket,General,0,USA,1,True,96.8,11.9,0.0,False,Cold (<15°C),2025-07-06 11:12:00,0,7
2025-07-13,10,Court 7,Gate_6,Queue Ticket,General,0,USA,1,True,72.8,19.2,0.0,False,Warm (19–23°C),2025-07-13 11:57:00,0,14
2025-07-12,10,No.1 Court,Gate_1,Grounds Pass,General,1,UK,0,True,130.4,27.2,0.0,True,Hot (>23°C),2025-07-12 13:04:00,0,13
2025-07-09,11,Centre Court,Gate_7,Queue Ticket,General,0,Germany,1,False,121.6,23.2,0.8,True,Hot (>23°C),2025-07-09 13:02:00,0,10
2025-07-09,10,No.2 Court,Gate_6,Queue Ticket,General,0,France,1,True,137.2,22.9,0.0,True,Warm (19–23°C),2025-07-09 12:20:00,0,10
2025-07-02,10,Court 7,Gate_8,Centre Court Debenture,Premium,5,UK,0,True,19.2,27.9,0.0,False,Hot (>23°C),2025-07-02 11:18:00,0,3
2025-07-03,10,Court 4,Gate_1,Queue Ticket,General,0,USA,1,False,78.9,19.8,0.0,False,Warm (19–23°C),2025-07-03 11:46:00,0,4
2025-07-13,9,Court 4,Gate_3,Grounds Pass,General,1,UK,0,False,104.5,20.3,0.0,False,Warm (19–23°C),2025-07-13 11:33:00,92,14
2025-07-09,10,Court 12,Gate_7,Grounds Pass,General,1,UK,0,True,86.8,22.9,0.0,True,Warm (19–23°C),2025-07-09 11:49:00,0,10
2025-07-02,11,No.1 Court,Gate_5,Queue Ticket,General,0,UK,0,True,77.2,26.8,0.0,False,Hot (>23°C),2025-07-02 13:07:00,0,3
2025-07-03,10,Court 5,Gate_4,No.1 Court,Reserved,3,UK,0,True,57.7,19.8,0.0,False,Warm (19–23°C),2025-07-03 11:02:00,33,4
2025-07-03,11,No.1 Court,Gate_4,Queue Ticket,General,0,France,1,True,77.8,20.3,0.0,False,Warm (19–23°C),2025-07-03 13:11:00,0,4
2025-07-11,10,Court 12,Gate_4,Queue Ticket,General,0,USA,1,True,76.4,19.9,0.0,False,Warm (19–23°C),2025-07-11 11:19:00,0,12
2025-07-03,11,No.1 Court,Gate_1,Queue Ticket,General,0,Australia,1,True,93.6,20.3,0.0,False,Warm (19–23°C),2025-07-03 13:11:00,0,4
2025-07-10,10,Court 6,Gate_6,No.2 Court,Reserved,2,UK,0,True,70.6,24.9,0.0,False,Hot (>23°C),2025-07-10 11:53:00,0,11
2025-07-06,9,Court 4,Gate_6,No.1 Court,Reserved,3,Germany,1,True,67.7,11.9,0.0,False,Cold (<15°C),2025-07-06 11:04:00,0,7
2025-07-10,11,No.2 Court,Gate_3,Queue Ticket,General,0,Germany,1,True,46.0,23.8,0.0,False,Hot (>23°C),2025-07-10 12:07:00,0,11
2025-07-02,10,Court 18,Gate_2,No.2 Court,Reserved,2,USA,1,False,49.2,27.9,0.0,False,Hot (>23°C),2025-07-02 11:38:00,0,3
2025-07-09,10,Centre Court,Gate_7,Queue Ticket,General,0,Spain,1,True,137.6,22.9,0.0,True,Warm (19–23°C),2025-07-09 13:02:00,0,10
2025-07-01,10,No.2 Court,Gate_3,No.1 Court,Reserved,3,UK,0,True,96.4,19.4,0.0,True,Warm (19–23°C),2025-07-01 12:04:00,0,2
2025-07-08,10,Court 8,Gate_1,Grounds Pass,General,1,UK,0,False,80.4,15.6,0.0,False,Cool (15–19°C),2025-07-08 11:31:00,56,9
2025-07-03,10,Centre Court,Gate_3,Queue Ticket,General,0,UK,0,False,162.9,19.8,0.0,False,Warm (19–23°C),2025-07-03 13:02:00,0,4
2025-07-03,11,No.1 Court,Gate_1,No.1 Court,Reserved,3,Switzerland,1,False,80.1,20.3,0.0,False,Warm (19–23°C),2025-07-03 13:11:00,0,4
2025-07-11,9,Court 6,Gate_5,No.2 Court,Reserved,2,UK,0,False,90.8,19.8,0.0,False,Warm (19–23°C),2025-07-11 11:10:00,0,12
2025-07-09,10,Court 5,Gate_5,No.2 Court,Reserved,2,USA,1,False,110.0,22.9,0.0,True,Warm (19–23°C),2025-07-09 11:54:00,0,10
2025-07-13,10,Court 4,Gate_2,Grounds Pass,General,1,UK,0,True,79.8,19.2,0.0,False,Warm (19–23°C),2025-07-13 11:33:00,92,14
2025-07-09,9,Court 4,Gate_6,Grounds Pass,General,1,Canada,1,True,118.3,23.5,0.0,True,Hot (>23°C),2025-07-09 11:43:00,81,10
2025-07-13,12,Centre Court,Gate_4,No.2 Court,Reserved,2,UK,0,True,50.4,18.2,0.0,False,Cool (15–19°C),2025-07-13 13:07:00,0,14
2025-07-04,9,Court 18,Gate_8,Queue Ticket,General,0,Australia,1,False,106.8,21.9,0.0,False,Warm (19–23°C),2025-07-04 11:19:00,36,5
2025-07-10,11,No.3 Court,Gate_8,Centre Court,Premium,4,UK,0,True,72.2,23.8,0.0,False,Hot (>23°C),2025-07-10 12:15:00,0,11
2025-07-01,10,Centre Court,Gate_3,Queue Ticket,General,0,UK,0,False,182.3,19.4,0.0,True,Warm (19–23°C),2025-07-01 13:13:00,0,2
2025-07-03,12,Centre Court,Gate_3,No.1 Court,Reserved,3,Australia,1,True,54.0,20.5,0.0,False,Warm (19–23°C),2025-07-03 13:02:00,0,4
2025-07-01,11,No.1 Court,Gate_1,Grounds Pass,General,1,Germany,1,True,98.6,20.6,0.76,True,Warm (19–23°C),2025-07-01 13:00:00,0,2
2025-07-10,11,No.1 Court,Gate_6,Grounds Pass,General,1,UK,0,False,117.4,23.8,0.0,False,Hot (>23°C),2025-07-10 13:13:00,0,11
2025-07-10,12,Centre Court,Gate_2,Centre Court,Premium,4,UK,0,True,46.4,24.1,0.0,False,Hot (>23°C),2025-07-10 13:14:00,0,11
2025-07-03,11,Court 6,Gate_7,Centre Court,Premium,4,USA,1,True,18.5,20.3,0.0,False,Warm (19–23°C),2025-07-03 11:26:00,0,4
2025-07-06,12,Centre Court,Gate_2,No.2 Court,Reserved,2,Other,1,False,39.2,14.8,0.0,False,Cold (<15°C),2025-07-06 13:06:00,0,7
2025-07-06,11,No.1 Court,Gate_6,Grounds Pass,General,1,UK,0,False,103.5,14.2,0.0,False,Cold (<15°C),2025-07-06 13:03:00,0,7
2025-07-02,10,Court 4,Gate_4,Grounds Pass,General,1,UK,0,False,108.1,27.9,0.0,False,Hot (>23°C),2025-07-02 11:56:00,0,3
2025-07-08,10,Court 12,Gate_2,Queue Ticket,General,0,USA,1,True,93.8,15.6,0.0,False,Cool (15–19°C),2025-07-08 11:49:00,0,9
2025-07-10,11,No.1 Court,Gate_7,Queue Ticket,General,0,USA,1,True,79.2,23.8,0.0,False,Hot (>23°C),2025-07-10 13:13:00,0,11
2025-07-04,11,No.1 Court,Gate_5,Grounds Pass,General,1,UK,0,True,93.1,20.4,0.0,False,Warm (19–23°C),2025-07-04 13:05:00,0,5
2025-07-12,9,Court 8,Gate_5,Grounds Pass,General,1,Australia,1,False,90.8,25.3,0.0,True,Hot (>23°C),2025-07-12 11:07:00,0,13
2025-07-06,11,No.3 Court,Gate_2,Grounds Pass,General,1,Australia,1,True,34.8,14.2,0.0,False,Cold (<15°C),2025-07-06 12:21:00,0,7
2025-07-11,11,No.1 Court,Gate_2,Grounds Pass,General,1,UK,0,True,96.1,19.3,0.0,False,Warm (19–23°C),2025-07-11 13:01:00,0,12
2025-06-30,12,Centre Court,Gate_7,Centre Court,Premium,4,UK,0,False,13.6,17.4,0.0,False,Cool (15–19°C),2025-06-30 13:01:00,0,1
2025-07-13,11,No.2 Court,Gate_3,No.2 Court,Reserved,2,UK,0,False,42.5,20.9,0.0,False,Warm (19–23°C),2025-07-13 12:28:00,112,14
2025-07-12,10,Court 7,Gate_3,Queue Ticket,General,0,Switzerland,1,True,101.9,27.2,0.0,True,Hot (>23°C),2025-07-12 11:42:00,63,13
2025-07-02,10,No.2 Court,Gate_4,Centre Court,Premium,4,UK,0,True,91.3,27.9,0.0,False,Hot (>23°C),2025-07-02 12:20:00,0,3
2025-07-08,10,Court 7,Gate_4,Grounds Pass,General,1,UK,0,True,91.9,15.6,0.0,False,Cool (15–19°C),2025-07-08 11:32:00,0,9
2025-07-05,10,Court 18,Gate_5,Centre Court,Premium,4,UK,0,False,110.7,23.2,0.0,True,Hot (>23°C),2025-07-05 11:57:00,0,6
2025-07-02,11,No.2 Court,Gate_8,No.2 Court,Reserved,2,Canada,1,True,56.9,26.8,0.0,False,Hot (>23°C),2025-07-02 12:20:00,0,3
2025-07-13,11,Centre Court,Gate_3,Queue Ticket,General,0,Germany,1,False,95.0,20.9,0.0,False,Warm (19–23°C),2025-07-13 13:07:00,0,14
2025-07-08,10,Centre Court,Gate_8,Queue Ticket,General,0,UK,0,True,136.2,15.6,0.0,False,Cool (15–19°C),2025-07-08 13:00:00,0,9
2025-06-30,11,Court 8,Gate_3,No.1 Court,Reserved,3,Canada,1,True,34.0,17.8,0.0,False,Cool (15–19°C),2025-06-30 11:55:00,0,1
2025-07-08,10,Court 8,Gate_4,No.1 Court,Reserved,3,USA,1,True,79.1,15.6,0.0,False,Cool (15–19°C),2025-07-08 11:31:00,56,9
2025-06-30,12,No.1 Court,Gate_3,Centre Court,Premium,4,USA,1,True,38.5,17.4,0.0,False,Cool (15–19°C),2025-06-30 13:11:00,0,1
2025-07-09,8,Court 6,Gate_5,Queue Ticket,General,0,USA,1,True,155.7,22.8,0.0,True,Warm (19–23°C),2025-07-09 11:14:00,0,10
2025-07-04,9,Court 12,Gate_1,Queue Ticket,General,0,UK,0,True,144.2,21.9,0.0,False,Warm (19–23°C),2025-07-04 11:39:00,0,5
2025-07-11,10,No.2 Court,Gate_1,Grounds Pass,General,1,Japan,1,True,103.7,19.9,0.0,False,Warm (19–23°C),2025-07-11 12:00:00,0,12
2025-07-07,10,No.3 Court,Gate_7,Grounds Pass,General,1,Other,1,False,81.6,24.1,0.0,False,Hot (>23°C),2025-07-07 12:12:00,37,8
2025-07-05,9,Court 12,Gate_6,Queue Ticket,General,0,UK,0,False,109.2,26.0,0.0,True,Hot (>23°C),2025-07-05 11:20:00,0,6
2025-07-02,11,No.1 Court,Gate_1,Grounds Pass,General,1,UK,0,False,105.0,26.8,0.0,False,Hot (>23°C),2025-07-02 13:07:00,0,3
2025-07-08,11,Centre Court,Gate_5,Grounds Pass,General,1,UK,0,False,105.6,12.1,0.0,False,Cold (<15°C),2025-07-08 13:00:00,0,9
2025-07-08,9,Court 4,Gate_7,Queue Ticket,General,0,UK,0,True,93.4,14.1,0.0,False,Cold (<15°C),2025-07-08 11:29:00,0,9
2025-07-08,10,Court 8,Gate_2,Centre Court,Premium,4,Australia,1,True,43.8,15.6,0.0,False,Cool (15–19°C),2025-07-08 11:31:00,56,9
2025-06-30,9,Court 4,Gate_6,Grounds Pass,General,1,Australia,1,True,119.0,18.3,0.0,False,Cool (15–19°C),2025-06-30 11:58:00,0,1
2025-07-12,9,No.2 Court,Gate_5,Grounds Pass,General,1,UK,0,False,150.8,25.3,0.0,True,Hot (>23°C),2025-07-12 12:03:00,49,13
2025-07-04,10,Court 6,Gate_1,Grounds Pass,General,1,France,1,True,78.5,21.2,0.0,False,Warm (19–23°C),2025-07-04 11:26:00,0,5
2025-07-05,9,Court 6,Gate_3,Grounds Pass,General,1,UK,0,True,104.2,26.0,0.0,True,Hot (>23°C),2025-07-05 11:14:00,0,6
2025-07-08,9,Court 6,Gate_1,Queue Ticket,General,0,UK,0,True,110.7,14.1,0.0,False,Cold (<15°C),2025-07-08 11:28:00,0,9
2025-07-04,12,Centre Court,Gate_8,No.1 Court,Reserved,3,Other,1,True,15.4,21.9,0.0,False,Warm (19–23°C),2025-07-04 13:08:00,0,5
2025-07-13,12,No.1 Court,Gate_7,Grounds Pass,General,1,Germany,1,True,57.1,18.2,0.0,False,Cool (15–19°C),2025-07-13 13:09:00,0,14
2025-07-05,9,Court 5,Gate_7,Queue Ticket,General,0,UK,0,False,142.7,26.0,0.0,True,Hot (>23°C),2025-07-05 11:41:00,0,6
2025-07-10,9,Court 4,Gate_3,Queue Ticket,General,0,UK,0,False,78.7,26.4,0.0,False,Hot (>23°C),2025-07-10 11:02:00,0,11
2025-07-13,8,Court 5,Gate_8,Queue Ticket,General,0,UK,0,True,166.9,19.8,0.0,False,Warm (19–23°C),2025-07-13 11:08:00,0,14
2025-07-07,11,No.1 Court,Gate_3,Grounds Pass,General,1,UK,0,True,64.8,21.4,0.0,False,Warm (19–23°C),2025-07-07 13:02:00,0,8
2025-07-05,10,No.1 Court,Gate_6,No.1 Court,Reserved,3,UK,0,True,122.7,23.2,0.0,True,Hot (>23°C),2025-07-05 13:01:00,0,6
2025-07-01,11,No.3 Court,Gate_2,Grounds Pass,General,1,UK,0,False,73.5,20.6,0.76,True,Warm (19–23°C),2025-07-01 12:22:00,0,2
2025-07-10,11,Court 8,Gate_5,Centre Court,Premium,4,Germany,1,True,19.6,23.8,0.0,False,Hot (>23°C),2025-07-10 11:53:00,0,11
2025-07-02,9,Court 6,Gate_7,Grounds Pass,General,1,UK,0,True,110.1,25.2,0.0,False,Hot (>23°C),2025-07-02 11:05:00,0,3
2025-07-13,11,No.2 Court,Gate_4,Centre Court,Premium,4,UK,0,True,81.9,20.9,0.0,False,Warm (19–23°C),2025-07-13 12:28:00,112,14
2025-06-30,10,No.2 Court,Gate_6,Grounds Pass,General,1,UK,0,True,83.2,17.2,0.0,False,Cool (15–19°C),2025-06-30 12:02:00,89,1
2025-07-05,10,Court 7,Gate_1,No.2 Court,Reserved,2,USA,1,False,70.4,23.2,0.0,True,Hot (>23°C),2025-07-05 11:18:00,0,6
2025-07-09,9,Court 4,Gate_8,Queue Ticket,General,0,UK,0,False,133.6,23.5,0.0,True,Hot (>23°C),2025-07-09 11:43:00,81,10
2025-07-13,11,Court 8,Gate_8,Centre Court,Premium,4,Canada,1,True,27.8,20.9,0.0,False,Warm (19–23°C),2025-07-13 11:44:00,0,14
2025-07-03,11,Centre Court,Gate_5,No.1 Court,Reserved,3,UK,0,True,104.9,20.3,0.0,False,Warm (19–23°C),2025-07-03 13:02:00,0,4
2025-07-03,10,Court 4,Gate_4,Grounds Pass,General,1,Other,1,False,86.2,19.8,0.0,False,Warm (19–23°C),2025-07-03 11:46:00,0,4
2025-06-30,11,Court 4,Gate_8,Queue Ticket,General,0,Japan,1,False,56.4,17.8,0.0,False,Cool (15–19°C),2025-06-30 11:58:00,0,1
2025-07-05,10,Court 5,Gate_1,No.1 Court,Reserved,3,UK,0,False,97.7,23.2,0.0,True,Hot (>23°C),2025-07-05 11:41:00,0,6
2025-07-01,9,Court 18,Gate_6,Grounds Pass,General,1,USA,1,True,125.0,18.5,0.0,True,Cool (15–19°C),2025-07-01 11:58:00,0,2
2025-07-05,9,Court 5,Gate_6,Centre Court,Premium,4,UK,0,True,106.9,26.0,0.0,True,Hot (>23°C),2025-07-05 11:41:00,0,6
2025-07-09,9,Court 6,Gate_5,Queue Ticket,General,0,Australia,1,True,106.8,23.5,0.0,True,Hot (>23°C),2025-07-09 11:14:00,0,10
2025-07-04,9,Court 5,Gate_3,No.2 Court,Reserved,2,UK,0,True,94.5,21.9,0.0,False,Warm (19–23°C),2025-07-04 11:16:00,0,5
2025-07-03,10,Court 5,Gate_4,No.2 Court,Reserved,2,UK,0,True,33.2,19.8,0.0,False,Warm (19–23°C),2025-07-03 11:02:00,33,4
2025-07-10,10,No.2 Court,Gate_8,Queue Ticket,General,0,France,1,True,89.4,24.9,0.0,False,Hot (>23°C),2025-07-10 12:07:00,0,11
2025-07-12,10,No.3 Court,Gate_2,Grounds Pass,General,1,UK,0,False,109.9,27.2,0.0,True,Hot (>23°C),2025-07-12 12:15:00,0,13
2025-07-07,11,No.3 Court,Gate_1,No.2 Court,Reserved,2,UK,0,True,70.4,21.4,0.0,False,Warm (19–23°C),2025-07-07 12:12:00,37,8
2025-07-06,10,Court 4,Gate_1,Grounds Pass,General,1,USA,1,False,58.4,15.5,0.0,False,Cool (15–19°C),2025-07-06 11:04:00,0,7
2025-07-04,12,No.1 Court,Gate_1,No.1 Court,Reserved,3,Spain,1,True,53.3,21.9,0.0,False,Warm (19–23°C),2025-07-04 13:05:00,0,5
2025-07-10,11,No.1 Court,Gate_5,No.2 Court,Reserved,2,UK,0,True,81.8,23.8,0.0,False,Hot (>23°C),2025-07-10 13:13:00,0,11
2025-07-07,10,No.3 Court,Gate_5,Queue Ticket,General,0,UK,0,True,86.1,24.1,0.0,False,Hot (>23°C),2025-07-07 12:12:00,37,8
2025-07-13,12,Centre Court,Gate_4,No.1 Court,Reserved,3,Germany,1,False,65.6,18.2,0.0,False,Cool (15–19°C),2025-07-13 13:07:00,0,14
2025-07-11,10,Court 4,Gate_3,Grounds Pass,General,1,Spain,1,True,60.9,19.9,0.0,False,Warm (19–23°C),2025-07-11 11:49:00,0,12
2025-07-02,10,No.2 Court,Gate_6,Queue Ticket,General,0,UK,0,False,113.5,27.9,0.0,False,Hot (>23°C),2025-07-02 12:20:00,0,3
2025-07-11,9,No.2 Court,Gate_3,Queue Ticket,General,0,UK,0,True,157.1,19.8,0.0,False,Warm (19–23°C),2025-07-11 12:00:00,0,12
2025-07-08,10,No.3 Court,Gate_1,Queue Ticket,General,0,UK,0,False,128.0,15.6,0.0,False,Cool (15–19°C),2025-07-08 12:20:00,0,9
2025-07-07,11,Court 5,Gate_7,Grounds Pass,General,1,Germany,1,True,32.3,21.4,0.0,False,Warm (19–23°C),2025-07-07 11:39:00,34,8
2025-07-04,10,Court 4,Gate_1,No.2 Court,Reserved,2,UK,0,True,100.1,21.2,0.0,False,Warm (19–23°C),2025-07-04 11:51:00,105,5
2025-07-13,9,Court 6,Gate_8,Queue Ticket,General,0,Germany,1,False,111.8,20.3,0.0,False,Warm (19–23°C),2025-07-13 11:00:00,0,14
2025-07-06,10,No.2 Court,Gate_1,Grounds Pass,General,1,UK,0,False,75.2,15.5,0.0,False,Cool (15–19°C),2025-07-06 12:07:00,0,7
2025-07-09,9,Court 18,Gate_1,Queue Ticket,General,0,France,1,False,108.6,23.5,0.0,True,Hot (>23°C),2025-07-09 11:12:00,0,10
2025-07-03,9,Court 7,Gate_1,Grounds Pass,General,1,UK,0,False,103.9,17.0,0.0,False,Cool (15–19°C),2025-07-03 11:40:00,0,4
2025-07-13,11,Centre Court,Gate_5,Queue Ticket,General,0,UK,0,True,117.9,20.9,0.0,False,Warm (19–23°C),2025-07-13 13:07:00,0,14
2025-07-09,10,No.2 Court,Gate_5,Grounds Pass,General,1,Australia,1,True,118.2,22.9,0.0,True,Warm (19–23°C),2025-07-09 12:20:00,0,10
2025-07-08,11,No.1 Court,Gate_6,Queue Ticket,General,0,UK,0,True,81.9,12.1,0.0,False,Cold (<15°C),2025-07-08 13:07:00,0,9
2025-07-13,10,Court 12,Gate_3,Grounds Pass,General,1,UK,0,True,62.5,19.2,0.0,False,Warm (19–23°C),2025-07-13 11:48:00,0,14
2025-07-02,11,Court 4,Gate_5,Grounds Pass,General,1,UK,0,False,20.1,26.8,0.0,False,Hot (>23°C),2025-07-02 11:56:00,0,3
2025-07-08,11,No.1 Court,Gate_2,Queue Ticket,General,0,USA,1,False,75.8,12.1,0.0,False,Cold (<15°C),2025-07-08 13:07:00,0,9
2025-07-11,10,Court 8,Gate_7,No.1 Court,Reserved,3,Other,1,True,20.1,19.9,0.0,False,Warm (19–23°C),2025-07-11 11:11:00,0,12
2025-07-11,10,No.3 Court,Gate_3,Queue Ticket,General,0,UK,0,False,135.0,19.9,0.0,False,Warm (19–23°C),2025-07-11 12:28:00,26,12
2025-07-01,11,Centre Court,Gate_3,Grounds Pass,General,1,Switzerland,1,True,133.0,20.6,0.76,True,Warm (19–23°C),2025-07-01 13:13:00,0,2
2025-07-07,10,No.2 Court,Gate_2,Grounds Pass,General,1,Spain,1,True,86.3,24.1,0.0,False,Hot (>23°C),2025-07-07 12:17:00,95,8
2025-07-09,11,No.3 Court,Gate_1,No.2 Court,Reserved,2,Canada,1,True,77.4,23.2,0.8,True,Hot (>23°C),2025-07-09 12:21:00,0,10
2025-07-10,11,Centre Court,Gate_5,Queue Ticket,General,0,France,1,True,91.2,23.8,0.0,False,Hot (>23°C),2025-07-10 13:14:00,0,11
2025-07-04,9,Court 6,Gate_5,Queue Ticket,General,0,UK,0,True,93.1,21.9,0.0,False,Warm (19–23°C),2025-07-04 11:26:00,0,5
2025-07-01,10,No.2 Court,Gate_4,No.1 Court,Reserved,3,UK,0,False,93.0,19.4,0.0,True,Warm (19–23°C),2025-07-01 12:04:00,0,2
2025-07-05,10,No.2 Court,Gate_6,Queue Ticket,General,0,UK,0,False,135.6,23.2,0.0,True,Hot (>23°C),2025-07-05 12:21:00,0,6
2025-06-30,11,Centre Court,Gate_1,Grounds Pass,General,1,Spain,1,True,63.8,17.8,0.0,False,Cool (15–19°C),2025-06-30 13:01:00,0,1
2025-07-08,12,Centre Court,Gate_6,Centre Court,Premium,4,USA,1,False,43.5,12.5,0.0,False,Cold (<15°C),2025-07-08 13:00:00,0,9
2025-07-07,9,Court 6,Gate_5,Grounds Pass,General,1,UK,0,False,126.8,22.2,0.0,False,Warm (19–23°C),2025-07-07 11:10:00,0,8
2025-07-01,9,No.2 Court,Gate_6,Grounds Pass,General,1,UK,0,False,137.0,18.5,0.0,True,Cool (15–19°C),2025-07-01 12:04:00,0,2
2025-06-30,9,Court 6,Gate_4,Grounds Pass,General,1,UK,0,True,112.4,18.3,0.0,False,Cool (15–19°C),2025-06-30 11:07:00,0,1
2025-07-10,12,Centre Court,Gate_4,No.2 Court,Reserved,2,Japan,1,False,56.1,24.1,0.0,False,Hot (>23°C),2025-07-10 13:14:00,0,11
2025-07-08,11,No.3 Court,Gate_1,Queue Ticket,General,0,France,1,True,73.6,12.1,0.0,False,Cold (<15°C),2025-07-08 12:20:00,0,9
2025-07-04,10,Court 7,Gate_2,Grounds Pass,General,1,Germany,1,True,75.4,21.2,0.0,False,Warm (19–23°C),2025-07-04 11:39:00,0,5
2025-07-10,11,Centre Court,Gate_1,Grounds Pass,General,1,Canada,1,False,88.7,23.8,0.0,False,Hot (>23°C),2025-07-10 13:14:00,0,11
2025-07-09,11,Centre Court,Gate_7,No.2 Court,Reserved,2,Switzerland,1,True,69.0,23.2,0.8,True,Hot (>23°C),2025-07-09 13:02:00,0,10
2025-07-01,10,Court 12,Gate_8,Centre Court,Premium,4,Australia,1,True,77.9,19.4,0.0,True,Warm (19–23°C),2025-07-01 11:21:00,0,2
2025-07-08,11,Centre Court,Gate_7,Grounds Pass,General,1,UK,0,True,104.6,12.1,0.0,False,Cold (<15°C),2025-07-08 13:00:00,0,9
2025-07-05,10,Court 4,Gate_3,Grounds Pass,General,1,Canada,1,False,75.3,23.2,0.0,True,Hot (>23°C),2025-07-05 11:29:00,0,6
2025-07-02,10,Court 5,Gate_6,Grounds Pass,General,1,Spain,1,False,75.7,27.9,0.0,False,Hot (>23°C),2025-07-02 11:26:00,0,3
2025-06-30,11,Court 4,Gate_8,Centre Court Debenture,Premium,5,Spain,1,True,5.0,17.8,0.0,False,Cool (15–19°C),2025-06-30 11:58:00,0,1
2025-07-08,10,Court 8,Gate_4,Centre Court,Premium,4,UK,0,False,82.1,15.6,0.0,False,Cool (15–19°C),2025-07-08 11:31:00,56,9
2025-07-01,11,Centre Court,Gate_7,Grounds Pass,General,1,Australia,1,True,125.7,20.6,0.76,True,Warm (19–23°C),2025-07-01 13:13:00,0,2
2025-07-12,9,Court 6,Gate_3,Grounds Pass,General,1,USA,1,False,90.2,25.3,0.0,True,Hot (>23°C),2025-07-12 11:01:00,0,13
2025-07-04,9,Court 4,Gate_8,Grounds Pass,General,1,UK,0,False,111.1,21.9,0.0,False,Warm (19–23°C),2025-07-04 11:51:00,105,5
2025-07-09,11,Centre Court,Gate_3,Queue Ticket,General,0,France,1,True,112.5,23.2,0.8,True,Hot (>23°C),2025-07-09 13:02:00,0,10
2025-07-10,11,No.3 Court,Gate_6,No.1 Court,Reserved,3,Germany,1,False,44.3,23.8,0.0,False,Hot (>23°C),2025-07-10 12:15:00,0,11
2025-06-30,12,Centre Court,Gate_3,No.1 Court,Reserved,3,UK,0,True,36.9,17.4,0.0,False,Cool (15–19°C),2025-06-30 13:01:00,0,1
2025-07-10,11,No.1 Court,Gate_4,No.2 Court,Reserved,2,Canada,1,False,76.6,23.8,0.0,False,Hot (>23°C),2025-07-10 13:13:00,0,11
2025-07-07,11,No.1 Court,Gate_7,Queue Ticket,General,0,UK,0,False,111.8,21.4,0.0,False,Warm (19–23°C),2025-07-07 13:02:00,0,8
2025-07-01,11,Centre Court,Gate_8,Grounds Pass,General,1,Germany,1,False,95.8,20.6,0.76,True,Warm (19–23°C),2025-07-01 13:13:00,0,2
2025-07-03,11,No.2 Court,Gate_4,Grounds Pass,General,1,Australia,1,True,69.0,20.3,0.0,False,Warm (19–23°C),2025-07-03 12:23:00,0,4
2025-06-30,11,No.1 Court,Gate_8,Grounds Pass,General,1,UK,0,True,86.1,17.8,0.0,False,Cool (15–19°C),2025-06-30 13:11:00,0,1
2025-07-12,11,Centre Court,Gate_4,Centre Court Debenture,Premium,5,Switzerland,1,False,70.2,27.4,0.06,True,Hot (>23°C),2025-07-12 13:00:00,0,13
2025-07-13,9,Court 6,Gate_3,Centre Court,Premium,4,UK,0,True,83.6,20.3,0.0,False,Warm (19–23°C),2025-07-13 11:00:00,0,14
2025-07-01,10,No.2 Court,Gate_8,No.1 Court,Reserved,3,UK,0,True,107.5,19.4,0.0,True,Warm (19–23°C),2025-07-01 12:04:00,0,2
2025-07-02,9,Court 5,Gate_7,Grounds Pass,General,1,Spain,1,True,92.0,25.2,0.0,False,Hot (>23°C),2025-07-02 11:26:00,0,3
2025-07-01,11,Centre Court,Gate_5,No.1 Court,Reserved,3,UK,0,True,114.0,20.6,0.76,True,Warm (19–23°C),2025-07-01 13:13:00,0,2
2025-07-02,9,Court 18,Gate_4,No.2 Court,Reserved,2,UK,0,True,99.3,25.2,0.0,False,Hot (>23°C),2025-07-02 11:38:00,0,3
2025-07-09,8,Court 7,Gate_6,Queue Ticket,General,0,Australia,1,True,132.5,22.8,0.0,True,Warm (19–23°C),2025-07-09 11:02:00,0,10
2025-07-07,11,Court 12,Gate_2,No.2 Court,Reserved,2,USA,1,True,16.0,21.4,0.0,False,Warm (19–23°C),2025-07-07 11:34:00,0,8
2025-07-10,10,Court 7,Gate_3,No.2 Court,Reserved,2,UK,0,False,53.4,24.9,0.0,False,Hot (>23°C),2025-07-10 11:13:00,0,11
2025-07-10,12,No.1 Court,Gate_1,No.2 Court,Reserved,2,UK,0,True,48.1,24.1,0.0,False,Hot (>23°C),2025-07-10 13:13:00,0,11
2025-06-30,11,Court 5,Gate_6,Centre Court,Premium,4,USA,1,False,24.6,17.8,0.0,False,Cool (15–19°C),2025-06-30 11:30:00,0,1
2025-07-10,11,Court 8,Gate_1,Centre Court,Premium,4,Australia,1,False,25.3,23.8,0.0,False,Hot (>23°C),2025-07-10 11:53:00,0,11
2025-06-30,10,Court 4,Gate_7,Queue Ticket,General,0,UK,0,True,71.4,17.2,0.0,False,Cool (15–19°C),2025-06-30 11:58:00,0,1
2025-07-07,10,No.3 Court,Gate_6,Queue Ticket,General,0,Germany,1,False,81.4,24.1,0.0,False,Hot (>23°C),2025-07-07 12:12:00,37,8
2025-07-03,11,Centre Court,Gate_3,Grounds Pass,General,1,USA,1,False,79.0,20.3,0.0,False,Warm (19–23°C),2025-07-03 13:02:00,0,4
2025-07-10,10,No.1 Court,Gate_1,Queue Ticket,General,0,UK,0,True,133.1,24.9,0.0,False,Hot (>23°C),2025-07-10 13:13:00,0,11
2025-06-30,10,No.2 Court,Gate_8,Queue Ticket,General,0,USA,1,False,118.6,17.2,0.0,False,Cool (15–19°C),2025-06-30 12:02:00,89,1
2025-07-13,11,No.3 Court,Gate_7,No.2 Court,Reserved,2,UK,0,True,55.4,20.9,0.0,False,Warm (19–23°C),2025-07-13 12:17:00,0,14
2025-07-06,10,Court 6,Gate_6,Grounds Pass,General,1,UK,0,True,81.7,15.5,0.0,False,Cool (15–19°C),2025-07-06 11:42:00,0,7
2025-07-06,10,No.2 Court,Gate_4,Grounds Pass,General,1,France,1,False,73.2,15.5,0.0,False,Cool (15–19°C),2025-07-06 12:07:00,0,7
2025-07-05,10,No.3 Court,Gate_1,Grounds Pass,General,1,Other,1,True,74.8,23.2,0.0,True,Hot (>23°C),2025-07-05 12:04:00,0,6
2025-07-13,10,No.2 Court,Gate_5,Queue Ticket,General,0,UK,0,True,118.6,19.2,0.0,False,Warm (19–23°C),2025-07-13 12:28:00,112,14
2025-07-11,10,Court 5,Gate_8,Queue Ticket,General,0,Germany,1,False,62.7,19.9,0.0,False,Warm (19–23°C),2025-07-11 11:44:00,0,12
2025-07-04,11,No.1 Court,Gate_7,No.1 Court,Reserved,3,UK,0,True,74.6,20.4,0.0,False,Warm (19–23°C),2025-07-04 13:05:00,0,5
2025-07-05,10,Court 8,Gate_2,No.1 Court,Reserved,3,UK,0,False,116.1,23.2,0.0,True,Hot (>23°C),2025-07-05 11:57:00,28,6
2025-07-08,10,No.2 Court,Gate_3,Queue Ticket,General,0,UK,0,True,134.5,15.6,0.0,False,Cool (15–19°C),2025-07-08 12:23:00,0,9
2025-07-07,12,No.1 Court,Gate_3,No.2 Court,Reserved,2,Other,1,False,35.9,21.4,0.0,False,Warm (19–23°C),2025-07-07 13:02:00,0,8
2025-07-11,10,Court 18,Gate_6,Grounds Pass,General,1,UK,0,False,79.1,19.9,0.0,False,Warm (19–23°C),2025-07-11 11:58:00,113,12
2025-07-06,10,Court 5,Gate_2,Grounds Pass,General,1,Japan,1,True,16.0,15.5,0.0,False,Cool (15–19°C),2025-07-06 11:05:00,0,7
2025-07-07,10,Court 7,Gate_6,Grounds Pass,General,1,USA,1,True,68.1,24.1,0.0,False,Hot (>23°C),2025-07-07 11:35:00,0,8
2025-07-02,11,No.3 Court,Gate_1,Grounds Pass,General,1,UK,0,True,73.5,26.8,0.0,False,Hot (>23°C),2025-07-02 12:14:00,0,3
2025-06-30,11,Centre Court,Gate_5,Queue Ticket,General,0,USA,1,True,68.5,17.8,0.0,False,Cool (15–19°C),2025-06-30 13:01:00,0,1
2025-07-04,12,Centre Court,Gate_6,Centre Court,Premium,4,UK,0,False,52.3,21.9,0.0,False,Warm (19–23°C),2025-07-04 13:08:00,0,5
2025-07-06,9,Court 6,Gate_4,Grounds Pass,General,1,UK,0,True,106.0,11.9,0.0,False,Cold (<15°C),2025-07-06 11:42:00,0,7
2025-07-09,10,Court 12,Gate_8,No.1 Court,Reserved,3,Australia,1,True,106.8,22.9,0.0,True,Warm (19–23°C),2025-07-09 11:49:00,0,10
2025-07-08,10,Court 4,Gate_7,Grounds Pass,General,1,Spain,1,False,85.3,15.6,0.0,False,Cool (15–19°C),2025-07-08 11:29:00,0,9
2025-07-12,10,No.2 Court,Gate_1,No.2 Court,Reserved,2,Japan,1,True,76.1,27.2,0.0,True,Hot (>23°C),2025-07-12 12:03:00,49,13
2025-07-10,12,No.1 Court,Gate_1,No.1 Court,Reserved,3,UK,0,True,56.9,24.1,0.0,False,Hot (>23°C),2025-07-10 13:13:00,0,11
2025-07-04,12,Centre Court,Gate_4,Grounds Pass,General,1,UK,0,True,51.9,21.9,0.0,False,Warm (19–23°C),2025-07-04 13:08:00,0,5
2025-06-30,9,Court 12,Gate_3,Queue Ticket,General,0,Australia,1,False,122.8,18.3,0.0,False,Cool (15–19°C),2025-06-30 11:32:00,0,1
2025-07-09,9,Court 4,Gate_7,No.2 Court,Reserved,2,Canada,1,True,120.4,23.5,0.0,True,Hot (>23°C),2025-07-09 11:43:00,81,10
2025-07-04,12,Centre Court,Gate_6,No.2 Court,Reserved,2,Canada,1,True,40.2,21.9,0.0,False,Warm (19–23°C),2025-07-04 13:08:00,0,5
2025-07-02,10,Court 8,Gate_2,Queue Ticket,General,0,Germany,1,True,60.8,27.9,0.0,False,Hot (>23°C),2025-07-02 11:50:00,0,3
2025-07-09,10,Court 4,Gate_5,Centre Court Debenture,Premium,5,Germany,1,False,61.2,22.9,0.0,True,Warm (19–23°C),2025-07-09 11:43:00,81,10
2025-07-10,12,Centre Court,Gate_6,Grounds Pass,General,1,Germany,1,False,14.5,24.1,0.0,False,Hot (>23°C),2025-07-10 13:14:00,0,11
2025-07-02,11,Court 18,Gate_7,Centre Court Debenture,Premium,5,UK,0,False,5.0,26.8,0.0,False,Hot (>23°C),2025-07-02 11:38:00,0,3
2025-06-30,11,No.2 Court,Gate_5,Grounds Pass,General,1,USA,1,True,61.0,17.8,0.0,False,Cool (15–19°C),2025-06-30 12:02:00,89,1
2025-07-02,10,Court 4,Gate_5,Queue Ticket,General,0,Other,1,True,101.9,27.9,0.0,False,Hot (>23°C),2025-07-02 11:56:00,0,3
2025-07-06,11,No.2 Court,Gate_1,Centre Court,Premium,4,Japan,1,True,18.3,14.2,0.0,False,Cold (<15°C),2025-07-06 12:07:00,0,7
2025-07-01,10,Court 18,Gate_5,Centre Court,Premium,4,UK,0,False,103.1,19.4,0.0,True,Warm (19–23°C),2025-07-01 11:58:00,0,2
2025-07-04,9,Court 7,Gate_6,Queue Ticket,General,0,UK,0,True,105.9,21.9,0.0,False,Warm (19–23°C),2025-07-04 11:39:00,0,5
2025-07-08,11,No.1 Court,Gate_2,Queue Ticket,General,0,Switzerland,1,True,87.8,12.1,0.0,False,Cold (<15°C),2025-07-08 13:07:00,0,9
2025-07-13,12,Centre Court,Gate_6,No.2 Court,Reserved,2,Germany,1,True,43.7,18.2,0.0,False,Cool (15–19°C),2025-07-13 13:07:00,0,14
2025-07-05,9,Court 6,Gate_8,Grounds Pass,General,1,Germany,1,True,82.7,26.0,0.0,True,Hot (>23°C),2025-07-05 11:14:00,0,6
2025-07-11,11,No.3 Court,Gate_1,Queue Ticket,General,0,Canada,1,True,87.8,19.3,0.0,False,Warm (19–23°C),2025-07-11 12:28:00,26,12
2025-07-12,10,No.3 Court,Gate_8,Queue Ticket,General,0,UK,0,True,116.0,27.2,0.0,True,Hot (>23°C),2025-07-12 12:15:00,0,13
2025-07-04,12,Centre Court,Gate_8,Centre Court,Premium,4,Canada,1,False,65.3,21.9,0.0,False,Warm (19–23°C),2025-07-04 13:08:00,0,5
2025-07-04,10,Court 4,Gate_5,No.1 Court,Reserved,3,Canada,1,True,74.0,21.2,0.0,False,Warm (19–23°C),2025-07-04 11:51:00,105,5
2025-07-11,9,Court 7,Gate_8,Queue Ticket,General,0,USA,1,True,121.9,19.8,0.0,False,Warm (19–23°C),2025-07-11 11:02:00,0,12
2025-07-08,10,Court 6,Gate_2,Centre Court Debenture,Premium,5,UK,0,True,39.9,15.6,0.0,False,Cool (15–19°C),2025-07-08 11:28:00,0,9
2025-07-02,12,No.1 Court,Gate_1,Grounds Pass,General,1,UK,0,False,54.0,27.1,0.0,False,Hot (>23°C),2025-07-02 13:07:00,0,3
2025-07-07,10,Court 7,Gate_4,Grounds Pass,General,1,UK,0,False,72.5,24.1,0.0,False,Hot (>23°C),2025-07-07 11:35:00,0,8
2025-07-08,11,No.3 Court,Gate_6,Centre Court,Premium,4,Australia,1,False,74.3,12.1,0.0,False,Cold (<15°C),2025-07-08 12:20:00,0,9
2025-07-05,12,Centre Court,Gate_3,No.2 Court,Reserved,2,France,1,False,57.9,24.5,2.94,True,Hot (>23°C),2025-07-05 13:01:00,0,6
2025-07-07,9,Court 5,Gate_6,Queue Ticket,General,0,Other,1,True,109.7,22.2,0.0,False,Warm (19–23°C),2025-07-07 11:39:00,34,8
2025-07-06,11,Centre Court,Gate_7,Queue Ticket,General,0,UK,0,True,103.7,14.2,0.0,False,Cold (<15°C),2025-07-06 13:06:00,0,7
2025-07-10,10,No.3 Court,Gate_4,Queue Ticket,General,0,USA,1,False,79.1,24.9,0.0,False,Hot (>23°C),2025-07-10 12:15:00,0,11
2025-07-05,11,No.2 Court,Gate_7,Centre Court,Premium,4,Other,1,True,58.0,25.0,11.35,True,Hot (>23°C),2025-07-05 12:21:00,0,6
2025-07-09,9,Court 5,Gate_3,Grounds Pass,General,1,Other,1,True,122.6,23.5,0.0,True,Hot (>23°C),2025-07-09 11:54:00,0,10
2025-07-03,10,Court 6,Gate_3,Grounds Pass,General,1,UK,0,False,64.6,19.8,0.0,False,Warm (19–23°C),2025-07-03 11:26:00,0,4
2025-07-10,9,Court 4,Gate_3,Grounds Pass,General,1,Other,1,True,62.4,26.4,0.0,False,Hot (>23°C),2025-07-10 11:02:00,0,11
2025-07-09,10,No.3 Court,Gate_8,Queue Ticket,General,0,USA,1,True,133.3,22.9,0.0,True,Warm (19–23°C),2025-07-09 12:21:00,0,10
2025-07-09,9,Court 6,Gate_6,No.1 Court,Reserved,3,UK,0,True,101.0,23.5,0.0,True,Hot (>23°C),2025-07-09 11:14:00,0,10
2025-07-13,11,Centre Court,Gate_1,Queue Ticket,General,0,UK,0,False,99.0,20.9,0.0,False,Warm (19–23°C),2025-07-13 13:07:00,0,14
2025-07-01,10,Centre Court,Gate_6,Grounds Pass,General,1,UK,0,True,149.9,19.4,0.0,True,Warm (19–23°C),2025-07-01 13:13:00,0,2
2025-07-08,10,Court 6,Gate_3,Grounds Pass,General,1,Japan,1,False,69.7,15.6,0.0,False,Cool (15–19°C),2025-07-08 11:28:00,0,9
2025-07-08,10,Court 7,Gate_4,Grounds Pass,General,1,Germany,1,True,50.6,15.6,0.0,False,Cool (15–19°C),2025-07-08 11:32:00,0,9
2025-07-10,10,Court 7,Gate_2,No.1 Court,Reserved,3,UK,0,True,50.4,24.9,0.0,False,Hot (>23°C),2025-07-10 11:13:00,0,11
2025-07-01,10,No.1 Court,Gate_2,No.2 Court,Reserved,2,UK,0,True,128.2,19.4,0.0,True,Warm (19–23°C),2025-07-01 13:00:00,0,2
2025-07-06,9,Court 5,Gate_7,Queue Ticket,General,0,UK,0,False,113.9,11.9,0.0,False,Cold (<15°C),2025-07-06 11:05:00,0,7
2025-07-13,11,No.3 Court,Gate_8,No.2 Court,Reserved,2,UK,0,True,44.4,20.9,0.0,False,Warm (19–23°C),2025-07-13 12:17:00,0,14
2025-07-02,12,Centre Court,Gate_7,No.2 Court,Reserved,2,Germany,1,True,60.7,27.1,0.0,False,Hot (>23°C),2025-07-02 13:01:00,0,3
2025-07-06,10,No.3 Court,Gate_7,Queue Ticket,General,0,UK,0,True,107.9,15.5,0.0,False,Cool (15–19°C),2025-07-06 12:21:00,0,7
2025-07-11,10,Court 6,Gate_2,No.1 Court,Reserved,3,UK,0,True,67.6,19.9,0.0,False,Warm (19–23°C),2025-07-11 11:10:00,0,12
2025-07-03,10,Court 4,Gate_7,Queue Ticket,General,0,UK,0,False,102.2,19.8,0.0,False,Warm (19–23°C),2025-07-03 11:46:00,0,4
2025-07-12,11,No.2 Court,Gate_8,Centre Court Debenture,Premium,5,USA,1,False,45.0,27.4,0.06,True,Hot (>23°C),2025-07-12 12:03:00,49,13
2025-07-07,11,No.2 Court,Gate_3,Grounds Pass,General,1,Australia,1,True,47.7,21.4,0.0,False,Warm (19–23°C),2025-07-07 12:17:00,95,8
2025-07-12,9,Court 5,Gate_5,Centre Court,Premium,4,UK,0,True,98.5,25.3,0.0,True,Hot (>23°C),2025-07-12 11:34:00,0,13
2025-07-06,11,No.3 Court,Gate_4,Centre Court,Premium,4,Switzerland,1,False,47.8,14.2,0.0,False,Cold (<15°C),2025-07-06 12:21:00,0,7
2025-07-04,10,Court 12,Gate_5,Grounds Pass,General,1,UK,0,False,95.7,21.2,0.0,False,Warm (19–23°C),2025-07-04 11:39:00,0,5
2025-07-06,10,Centre Court,Gate_4,Queue Ticket,General,0,UK,0,True,135.5,15.5,0.0,False,Cool (15–19°C),2025-07-06 13:06:00,0,7
2025-07-12,10,Court 5,Gate_6,Centre Court,Premium,4,Spain,1,True,41.9,27.2,0.0,True,Hot (>23°C),2025-07-12 11:34:00,0,13
2025-07-13,11,Centre Court,Gate_5,Grounds Pass,General,1,UK,0,False,101.4,20.9,0.0,False,Warm (19–23°C),2025-07-13 13:07:00,0,14
2025-07-12,11,No.1 Court,Gate_2,Grounds Pass,General,1,Germany,1,True,83.5,27.4,0.06,True,Hot (>23°C),2025-07-12 13:04:00,0,13
2025-07-10,12,No.1 Court,Gate_4,No.1 Court,Reserved,3,USA,1,False,31.4,24.1,0.0,False,Hot (>23°C),2025-07-10 13:13:00,0,11
2025-07-05,10,No.2 Court,Gate_4,Grounds Pass,General,1,Japan,1,True,109.4,23.2,0.0,True,Hot (>23°C),2025-07-05 12:21:00,0,6
2025-07-04,10,Court 4,Gate_3,Grounds Pass,General,1,UK,0,False,100.6,21.2,0.0,False,Warm (19–23°C),2025-07-04 11:51:00,105,5
2025-07-13,10,Court 7,Gate_8,Grounds Pass,General,1,UK,0,False,102.9,19.2,0.0,False,Warm (19–23°C),2025-07-13 11:57:00,0,14
2025-07-02,9,Court 8,Gate_4,Grounds Pass,General,1,UK,0,True,121.5,25.2,0.0,False,Hot (>23°C),2025-07-02 11:50:00,0,3
2025-06-30,12,No.1 Court,Gate_6,No.1 Court,Reserved,3,Switzerland,1,True,48.1,17.4,0.0,False,Cool (15–19°C),2025-06-30 13:11:00,0,1
2025-07-05,10,No.3 Court,Gate_6,No.1 Court,Reserved,3,USA,1,True,107.4,23.2,0.0,True,Hot (>23°C),2025-07-05 12:04:00,0,6
2025-07-06,8,Court 5,Gate_1,Queue Ticket,General,0,UK,0,False,126.8,14.5,0.0,False,Cold (<15°C),2025-07-06 11:05:00,0,7
2025-07-13,11,No.2 Court,Gate_3,No.1 Court,Reserved,3,UK,0,True,52.0,20.9,0.0,False,Warm (19–23°C),2025-07-13 12:28:00,112,14
2025-07-04,10,No.3 Court,Gate_6,Grounds Pass,General,1,Other,1,True,91.6,21.2,0.0,False,Warm (19–23°C),2025-07-04 12:29:00,0,5
2025-07-09,9,Court 5,Gate_2,Grounds Pass,General,1,UK,0,False,129.1,23.5,0.0,True,Hot (>23°C),2025-07-09 11:54:00,0,10
2025-07-08,10,Court 4,Gate_3,No.2 Court,Reserved,2,UK,0,True,80.3,15.6,0.0,False,Cool (15–19°C),2025-07-08 11:29:00,0,9
2025-07-10,11,No.1 Court,Gate_2,Queue Ticket,General,0,UK,0,True,83.1,23.8,0.0,False,Hot (>23°C),2025-07-10 13:13:00,0,11
2025-07-05,10,Court 8,Gate_8,No.2 Court,Reserved,2,USA,1,False,102.0,23.2,0.0,True,Hot (>23°C),2025-07-05 11:57:00,28,6
2025-07-03,10,Court 4,Gate_8,Grounds Pass,General,1,USA,1,False,96.9,19.8,0.0,False,Warm (19–23°C),2025-07-03 11:46:00,0,4
2025-07-07,12,No.2 Court,Gate_3,Centre Court,Premium,4,USA,1,True,5.0,21.4,0.0,False,Warm (19–23°C),2025-07-07 12:17:00,95,8
2025-07-09,9,Court 4,Gate_8,Queue Ticket,General,0,Germany,1,False,135.2,23.5,0.0,True,Hot (>23°C),2025-07-09 11:43:00,81,10
2025-07-05,9,Court 5,Gate_8,Grounds Pass,General,1,UK,0,True,114.2,26.0,0.0,True,Hot (>23°C),2025-07-05 11:41:00,0,6
2025-07-02,10,Court 18,Gate_6,Grounds Pass,General,1,USA,1,True,65.4,27.9,0.0,False,Hot (>23°C),2025-07-02 11:38:00,0,3
2025-07-04,10,Court 4,Gate_3,No.2 Court,Reserved,2,UK,0,False,71.7,21.2,0.0,False,Warm (19–23°C),2025-07-04 11:51:00,105,5
2025-07-06,10,No.2 Court,Gate_5,No.2 Court,Reserved,2,UK,0,False,87.8,15.5,0.0,False,Cool (15–19°C),2025-07-06 12:07:00,0,7
2025-07-08,10,No.2 Court,Gate_6,Queue Ticket,General,0,UK,0,True,101.0,15.6,0.0,False,Cool (15–19°C),2025-07-08 12:23:00,0,9
2025-07-08,10,Court 18,Gate_6,Grounds Pass,General,1,USA,1,False,76.9,15.6,0.0,False,Cool (15–19°C),2025-07-08 11:32:00,0,9
2025-07-02,10,Court 6,Gate_5,Centre Court Debenture,Premium,5,USA,1,True,34.2,27.9,0.0,False,Hot (>23°C),2025-07-02 11:05:00,0,3
2025-06-30,11,No.3 Court,Gate_6,No.1 Court,Reserved,3,UK,0,True,72.5,17.8,0.0,False,Cool (15–19°C),2025-06-30 12:15:00,0,1
2025-07-04,11,No.2 Court,Gate_7,Grounds Pass,General,1,UK,0,True,29.2,20.4,0.0,False,Warm (19–23°C),2025-07-04 12:13:00,0,5
2025-07-04,11,Court 12,Gate_4,Centre Court,Premium,4,Germany,1,True,38.8,20.4,0.0,False,Warm (19–23°C),2025-07-04 11:39:00,0,5
2025-07-11,10,No.3 Court,Gate_3,No.2 Court,Reserved,2,UK,0,False,88.4,19.9,0.0,False,Warm (19–23°C),2025-07-11 12:28:00,26,12
2025-07-09,8,Court 7,Gate_5,Grounds Pass,General,1,UK,0,False,134.6,22.8,0.0,True,Warm (19–23°C),2025-07-09 11:02:00,0,10
2025-07-06,10,Court 4,Gate_7,Grounds Pass,General,1,UK,0,False,64.0,15.5,0.0,False,Cool (15–19°C),2025-07-06 11:04:00,0,7
2025-07-10,9,Court 7,Gate_5,Queue Ticket,General,0,UK,0,False,109.6,26.4,0.0,False,Hot (>23°C),2025-07-10 11:13:00,0,11
2025-07-13,11,No.1 Court,Gate_1,Queue Ticket,General,0,France,1,False,109.2,20.9,0.0,False,Warm (19–23°C),2025-07-13 13:09:00,0,14
2025-07-10,10,No.3 Court,Gate_5,Queue Ticket,General,0,Other,1,True,106.1,24.9,0.0,False,Hot (>23°C),2025-07-10 12:15:00,0,11
2025-07-08,11,Court 4,Gate_7,Centre Court,Premium,4,UK,0,True,24.8,12.1,0.0,False,Cold (<15°C),2025-07-08 11:29:00,0,9
2025-07-02,9,Court 6,Gate_2,Grounds Pass,General,1,UK,0,True,98.0,25.2,0.0,False,Hot (>23°C),2025-07-02 11:05:00,0,3
2025-07-01,9,Court 4,Gate_4,No.2 Court,Reserved,2,UK,0,True,110.6,18.5,0.0,True,Cool (15–19°C),2025-07-01 11:26:00,0,2
2025-07-13,10,Court 4,Gate_6,Grounds Pass,General,1,USA,1,True,86.8,19.2,0.0,False,Warm (19–23°C),2025-07-13 11:33:00,92,14
2025-07-09,10,No.2 Court,Gate_5,No.1 Court,Reserved,3,USA,1,True,120.3,22.9,0.0,True,Warm (19–23°C),2025-07-09 12:20:00,0,10
2025-07-05,9,Court 12,Gate_5,Queue Ticket,General,0,Australia,1,True,123.2,26.0,0.0,True,Hot (>23°C),2025-07-05 11:20:00,0,6
2025-07-13,10,Court 8,Gate_1,No.1 Court,Reserved,3,Australia,1,True,96.6,19.2,0.0,False,Warm (19–23°C),2025-07-13 11:44:00,0,14
2025-07-03,10,Court 8,Gate_8,Centre Court Debenture,Premium,5,USA,1,True,61.1,19.8,0.0,False,Warm (19–23°C),2025-07-03 11:04:00,0,4
2025-07-09,10,No.3 Court,Gate_8,Centre Court,Premium,4,UK,0,True,122.7,22.9,0.0,True,Warm (19–23°C),2025-07-09 12:21:00,0,10
2025-06-30,12,Centre Court,Gate_5,No.2 Court,Reserved,2,Germany,1,True,51.2,17.4,0.0,False,Cool (15–19°C),2025-06-30 13:01:00,0,1
2025-07-11,10,Court 18,Gate_4,No.2 Court,Reserved,2,Germany,1,False,79.3,19.9,0.0,False,Warm (19–23°C),2025-07-11 11:58:00,113,12
2025-07-03,12,Centre Court,Gate_3,Queue Ticket,General,0,Spain,1,False,58.9,20.5,0.0,False,Warm (19–23°C),2025-07-03 13:02:00,0,4
2025-07-05,11,No.1 Court,Gate_8,Grounds Pass,General,1,Other,1,False,68.8,25.0,11.35,True,Hot (>23°C),2025-07-05 13:01:00,0,6
2025-06-30,10,Court 5,Gate_2,No.1 Court,Reserved,3,Australia,1,False,55.7,17.2,0.0,False,Cool (15–19°C),2025-06-30 11:30:00,0,1
2025-07-09,9,Court 18,Gate_4,Grounds Pass,General,1,UK,0,False,104.7,23.5,0.0,True,Hot (>23°C),2025-07-09 11:12:00,0,10
2025-06-30,10,No.3 Court,Gate_7,Grounds Pass,General,1,UK,0,True,107.8,17.2,0.0,False,Cool (15–19°C),2025-06-30 12:15:00,0,1
2025-07-07,9,Court 4,Gate_5,Queue Ticket,General,0,UK,0,True,101.7,22.2,0.0,False,Warm (19–23°C),2025-07-07 11:29:00,0,8
2025-07-10,9,Court 4,Gate_2,Queue Ticket,General,0,UK,0,True,97.8,26.4,0.0,False,Hot (>23°C),2025-07-10 11:02:00,0,11
2025-07-06,10,No.2 Court,Gate_3,Grounds Pass,General,1,UK,0,False,116.5,15.5,0.0,False,Cool (15–19°C),2025-07-06 12:07:00,0,7
2025-07-06,11,No.3 Court,Gate_8,Grounds Pass,General,1,Australia,1,False,72.8,14.2,0.0,False,Cold (<15°C),2025-07-06 12:21:00,0,7
2025-06-30,10,No.2 Court,Gate_1,Grounds Pass,General,1,UK,0,False,105.3,17.2,0.0,False,Cool (15–19°C),2025-06-30 12:02:00,89,1
2025-07-11,9,Court 12,Gate_2,Grounds Pass,General,1,Spain,1,False,80.5,19.8,0.0,False,Warm (19–23°C),2025-07-11 11:19:00,0,12
2025-07-11,9,Court 8,Gate_7,Queue Ticket,General,0,UK,0,True,106.5,19.8,0.0,False,Warm (19–23°C),2025-07-11 11:11:00,0,12
2025-07-10,10,Court 7,Gate_3,Centre Court,Premium,4,UK,0,True,69.2,24.9,0.0,False,Hot (>23°C),2025-07-10 11:13:00,0,11
2025-07-05,11,No.1 Court,Gate_1,Grounds Pass,General,1,UK,0,True,106.8,25.0,11.35,True,Hot (>23°C),2025-07-05 13:01:00,0,6
2025-07-13,9,Court 6,Gate_6,Grounds Pass,General,1,Spain,1,False,64.2,20.3,0.0,False,Warm (19–23°C),2025-07-13 11:00:00,0,14
2025-07-01,10,Court 5,Gate_8,No.2 Court,Reserved,2,Australia,1,False,76.6,19.4,0.0,True,Warm (19–23°C),2025-07-01 11:53:00,0,2
2025-07-04,9,Court 5,Gate_2,Grounds Pass,General,1,Australia,1,True,117.7,21.9,0.0,False,Warm (19–23°C),2025-07-04 11:16:00,0,5
2025-07-02,10,Court 8,Gate_7,Grounds Pass,General,1,USA,1,True,60.2,27.9,0.0,False,Hot (>23°C),2025-07-02 11:50:00,0,3
2025-07-09,9,Court 7,Gate_2,Grounds Pass,General,1,USA,1,True,84.2,23.5,0.0,True,Hot (>23°C),2025-07-09 11:02:00,0,10
2025-07-13,11,No.1 Court,Gate_2,Grounds Pass,General,1,Australia,1,True,88.9,20.9,0.0,False,Warm (19–23°C),2025-07-13 13:09:00,0,14
2025-07-10,10,No.3 Court,Gate_6,Grounds Pass,General,1,UK,0,True,105.1,24.9,0.0,False,Hot (>23°C),2025-07-10 12:15:00,0,11
2025-07-02,12,No.1 Court,Gate_2,Queue Ticket,General,0,Germany,1,True,51.6,27.1,0.0,False,Hot (>23°C),2025-07-02 13:07:00,0,3
2025-07-11,10,Court 8,Gate_5,Grounds Pass,General,1,USA,1,False,20.3,19.9,0.0,False,Warm (19–23°C),2025-07-11 11:11:00,0,12
2025-07-02,11,No.3 Court,Gate_1,Queue Ticket,General,0,Japan,1,True,65.9,26.8,0.0,False,Hot (>23°C),2025-07-02 12:14:00,0,3
2025-07-02,9,Court 5,Gate_5,Grounds Pass,General,1,USA,1,True,88.8,25.2,0.0,False,Hot (>23°C),2025-07-02 11:26:00,0,3
2025-07-08,10,Court 8,Gate_1,Grounds Pass,General,1,USA,1,True,54.8,15.6,0.0,False,Cool (15–19°C),2025-07-08 11:31:00,56,9
2025-07-07,9,Court 8,Gate_7,Grounds Pass,General,1,UK,0,True,125.9,22.2,0.0,False,Warm (19–23°C),2025-07-07 11:59:00,0,8
2025-07-01,9,Court 12,Gate_8,Grounds Pass,General,1,USA,1,True,100.8,18.5,0.0,True,Cool (15–19°C),2025-07-01 11:21:00,0,2
2025-07-04,12,Centre Court,Gate_3,No.2 Court,Reserved,2,UK,0,True,23.4,21.9,0.0,False,Warm (19–23°C),2025-07-04 13:08:00,0,5
2025-07-01,10,No.1 Court,Gate_4,Queue Ticket,General,0,USA,1,True,136.8,19.4,0.0,True,Warm (19–23°C),2025-07-01 13:00:00,0,2
2025-07-04,10,Court 8,Gate_2,Grounds Pass,General,1,UK,0,True,78.2,21.2,0.0,False,Warm (19–23°C),2025-07-04 11:59:00,0,5
2025-07-04,11,Centre Court,Gate_4,Grounds Pass,General,1,USA,1,False,74.3,20.4,0.0,False,Warm (19–23°C),2025-07-04 13:08:00,0,5
2025-07-13,9,Court 4,Gate_5,No.2 Court,Reserved,2,UK,0,False,106.3,20.3,0.0,False,Warm (19–23°C),2025-07-13 11:33:00,92,14
2025-07-10,10,Court 5,Gate_8,No.2 Court,Reserved,2,UK,0,True,45.8,24.9,0.0,False,Hot (>23°C),2025-07-10 11:09:00,0,11
2025-07-06,10,Court 18,Gate_6,No.2 Court,Reserved,2,UK,0,True,62.3,15.5,0.0,False,Cool (15–19°C),2025-07-06 11:29:00,0,7
2025-07-06,10,Court 8,Gate_5,No.1 Court,Reserved,3,UK,0,True,77.8,15.5,0.0,False,Cool (15–19°C),2025-07-06 11:32:00,0,7
2025-07-12,11,No.1 Court,Gate_6,Grounds Pass,General,1,Australia,1,False,103.0,27.4,0.06,True,Hot (>23°C),2025-07-12 13:04:00,0,13
2025-07-13,11,Centre Court,Gate_8,Grounds Pass,General,1,UK,0,True,78.9,20.9,0.0,False,Warm (19–23°C),2025-07-13 13:07:00,0,14
2025-07-11,10,Court 4,Gate_6,Grounds Pass,General,1,UK,0,True,57.4,19.9,0.0,False,Warm (19–23°C),2025-07-11 11:49:00,0,12
2025-07-06,10,No.3 Court,Gate_8,Grounds Pass,General,1,Germany,1,False,105.8,15.5,0.0,False,Cool (15–19°C),2025-07-06 12:21:00,0,7
2025-07-07,9,Court 5,Gate_8,Grounds Pass,General,1,Australia,1,True,101.6,22.2,0.0,False,Warm (19–23°C),2025-07-07 11:39:00,34,8
2025-07-02,12,No.1 Court,Gate_3,No.2 Court,Reserved,2,Japan,1,True,61.5,27.1,0.0,False,Hot (>23°C),2025-07-02 13:07:00,0,3
2025-07-05,9,No.2 Court,Gate_3,Grounds Pass,General,1,UK,0,True,158.7,26.0,0.0,True,Hot (>23°C),2025-07-05 12:21:00,0,6
2025-07-05,8,Court 4,Gate_5,Centre Court,Premium,4,UK,0,False,154.1,27.3,0.0,True,Hot (>23°C),2025-07-05 11:29:00,0,6
2025-06-30,11,No.3 Court,Gate_1,No.1 Court,Reserved,3,Germany,1,False,42.3,17.8,0.0,False,Cool (15–19°C),2025-06-30 12:15:00,0,1
2025-07-01,11,Centre Court,Gate_6,Queue Ticket,General,0,France,1,True,98.2,20.6,0.76,True,Warm (19–23°C),2025-07-01 13:13:00,0,2
2025-07-08,12,Centre Court,Gate_4,Grounds Pass,General,1,Canada,1,False,5.0,12.5,0.0,False,Cold (<15°C),2025-07-08 13:00:00,0,9
2025-07-02,12,No.1 Court,Gate_6,Centre Court,Premium,4,Other,1,False,44.2,27.1,0.0,False,Hot (>23°C),2025-07-02 13:07:00,0,3
2025-07-08,9,Court 8,Gate_1,Queue Ticket,General,0,France,1,True,105.8,14.1,0.0,False,Cold (<15°C),2025-07-08 11:31:00,56,9
2025-07-08,11,Centre Court,Gate_3,No.2 Court,Reserved,2,UK,0,True,77.1,12.1,0.0,False,Cold (<15°C),2025-07-08 13:00:00,0,9
2025-07-08,10,Court 5,Gate_8,Grounds Pass,General,1,France,1,True,66.4,15.6,0.0,False,Cool (15–19°C),2025-07-08 11:32:00,0,9
2025-06-30,9,Court 5,Gate_6,Grounds Pass,General,1,Other,1,True,99.8,18.3,0.0,False,Cool (15–19°C),2025-06-30 11:30:00,0,1
2025-07-01,11,No.1 Court,Gate_3,Grounds Pass,General,1,France,1,False,80.8,20.6,0.76,True,Warm (19–23°C),2025-07-01 13:00:00,0,2
2025-07-02,10,Court 8,Gate_8,Centre Court,Premium,4,UK,0,False,109.8,27.9,0.0,False,Hot (>23°C),2025-07-02 11:50:00,0,3
2025-07-08,10,Court 5,Gate_2,Grounds Pass,General,1,UK,0,False,84.4,15.6,0.0,False,Cool (15–19°C),2025-07-08 11:32:00,0,9
2025-07-09,8,Court 6,Gate_8,Grounds Pass,General,1,UK,0,False,158.5,22.8,0.0,True,Warm (19–23°C),2025-07-09 11:14:00,0,10
2025-07-02,12,No.1 Court,Gate_2,Centre Court,Premium,4,UK,0,True,50.6,27.1,0.0,False,Hot (>23°C),2025-07-02 13:07:00,0,3
2025-07-10,11,Centre Court,Gate_5,Grounds Pass,General,1,UK,0,False,82.5,23.8,0.0,False,Hot (>23°C),2025-07-10 13:14:00,0,11
2025-07-01,10,Centre Court,Gate_1,Queue Ticket,General,0,Switzerland,1,True,146.1,19.4,0.0,True,Warm (19–23°C),2025-07-01 13:13:00,0,2
2025-07-05,10,Court 18,Gate_8,Queue Ticket,General,0,Australia,1,False,78.0,23.2,0.0,True,Hot (>23°C),2025-07-05 11:57:00,0,6
2025-06-30,10,No.3 Court,Gate_8,Queue Ticket,General,0,UK,0,False,90.3,17.2,0.0,False,Cool (15–19°C),2025-06-30 12:15:00,0,1
2025-07-02,10,Court 18,Gate_2,Centre Court,Premium,4,Germany,1,False,51.2,27.9,0.0,False,Hot (>23°C),2025-07-02 11:38:00,0,3
2025-07-11,9,Court 12,Gate_6,Queue Ticket,General,0,UK,0,False,124.1,19.8,0.0,False,Warm (19–23°C),2025-07-11 11:19:00,0,12
2025-07-12,10,Court 5,Gate_6,No.2 Court,Reserved,2,USA,1,True,75.7,27.2,0.0,True,Hot (>23°C),2025-07-12 11:34:00,0,13
2025-07-02,11,Court 4,Gate_8,Queue Ticket,General,0,UK,0,True,51.3,26.8,0.0,False,Hot (>23°C),2025-07-02 11:56:00,0,3
2025-07-05,9,Court 18,Gate_1,Grounds Pass,General,1,Other,1,True,123.0,26.0,0.0,True,Hot (>23°C),2025-07-05 11:57:00,0,6
2025-07-07,11,Centre Court,Gate_1,No.1 Court,Reserved,3,UK,0,True,89.6,21.4,0.0,False,Warm (19–23°C),2025-07-07 13:10:00,0,8
2025-07-11,9,Court 6,Gate_6,Grounds Pass,General,1,UK,0,True,107.9,19.8,0.0,False,Warm (19–23°C),2025-07-11 11:10:00,0,12
2025-07-03,10,Court 7,Gate_3,Grounds Pass,General,1,Canada,1,True,65.3,19.8,0.0,False,Warm (19–23°C),2025-07-03 11:40:00,0,4
2025-07-09,10,No.1 Court,Gate_4,No.2 Court,Reserved,2,UK,0,True,159.0,22.9,0.0,True,Warm (19–23°C),2025-07-09 13:09:00,0,10
2025-07-04,11,Centre Court,Gate_3,Queue Ticket,General,0,UK,0,False,124.6,20.4,0.0,False,Warm (19–23°C),2025-07-04 13:08:00,0,5
2025-06-30,9,Court 6,Gate_2,No.2 Court,Reserved,2,Canada,1,True,83.4,18.3,0.0,False,Cool (15–19°C),2025-06-30 11:07:00,0,1
2025-07-06,11,No.3 Court,Gate_3,No.1 Court,Reserved,3,UK,0,True,71.5,14.2,0.0,False,Cold (<15°C),2025-07-06 12:21:00,0,7
2025-06-30,10,No.2 Court,Gate_3,Grounds Pass,General,1,UK,0,False,106.5,17.2,0.0,False,Cool (15–19°C),2025-06-30 12:02:00,89,1
2025-07-11,10,No.2 Court,Gate_6,Grounds Pass,General,1,Australia,1,False,88.1,19.9,0.0,False,Warm (19–23°C),2025-07-11 12:00:00,0,12
2025-07-04,10,Court 18,Gate_8,No.2 Court,Reserved,2,USA,1,True,72.4,21.2,0.0,False,Warm (19–23°C),2025-07-04 11:19:00,36,5
2025-07-13,11,No.2 Court,Gate_7,No.2 Court,Reserved,2,USA,1,True,55.8,20.9,0.0,False,Warm (19–23°C),2025-07-13 12:28:00,112,14
2025-07-11,12,Centre Court,Gate_7,No.1 Court,Reserved,3,UK,0,False,62.7,19.8,0.0,False,Warm (19–23°C),2025-07-11 13:13:00,0,12
2025-07-10,12,No.1 Court,Gate_8,No.2 Court,Reserved,2,UK,0,False,68.0,24.1,0.0,False,Hot (>23°C),2025-07-10 13:13:00,0,11
2025-07-03,11,No.1 Court,Gate_3,Centre Court,Premium,4,UK,0,False,86.3,20.3,0.0,False,Warm (19–23°C),2025-07-03 13:11:00,0,4
2025-07-06,9,Court 5,Gate_4,Grounds Pass,General,1,UK,0,False,84.9,11.9,0.0,False,Cold (<15°C),2025-07-06 11:05:00,0,7
2025-07-05,10,Court 4,Gate_5,Centre Court Debenture,Premium,5,UK,0,False,80.2,23.2,0.0,True,Hot (>23°C),2025-07-05 11:29:00,0,6
2025-07-08,9,Court 5,Gate_3,No.1 Court,Reserved,3,UK,0,True,110.1,14.1,0.0,False,Cold (<15°C),2025-07-08 11:32:00,0,9
2025-07-13,11,Centre Court,Gate_8,Grounds Pass,General,1,Australia,1,False,85.5,20.9,0.0,False,Warm (19–23°C),2025-07-13 13:07:00,0,14
2025-06-30,11,No.1 Court,Gate_3,Queue Ticket,General,0,USA,1,True,111.1,17.8,0.0,False,Cool (15–19°C),2025-06-30 13:11:00,0,1
2025-07-07,10,Court 8,Gate_3,Grounds Pass,General,1,UK,0,False,93.1,24.1,0.0,False,Hot (>23°C),2025-07-07 11:59:00,0,8
2025-07-12,9,Court 4,Gate_4,Queue Ticket,General,0,UK,0,True,123.5,25.3,0.0,True,Hot (>23°C),2025-07-12 11:45:00,0,13
2025-07-10,11,Centre Court,Gate_5,Queue Ticket,General,0,USA,1,True,85.5,23.8,0.0,False,Hot (>23°C),2025-07-10 13:14:00,0,11
2025-07-11,11,No.3 Court,Gate_7,No.2 Court,Reserved,2,Japan,1,True,30.6,19.3,0.0,False,Warm (19–23°C),2025-07-11 12:28:00,26,12
2025-07-12,10,Centre Court,Gate_5,Queue Ticket,General,0,UK,0,False,161.0,27.2,0.0,True,Hot (>23°C),2025-07-12 13:00:00,0,13
2025-07-10,9,Court 4,Gate_1,Queue Ticket,General,0,UK,0,True,110.5,26.4,0.0,False,Hot (>23°C),2025-07-10 11:02:00,0,11
2025-07-08,9,Court 7,Gate_1,Grounds Pass,General,1,UK,0,True,104.6,14.1,0.0,False,Cold (<15°C),2025-07-08 11:32:00,0,9
2025-07-04,11,No.3 Court,Gate_4,Grounds Pass,General,1,USA,1,True,57.3,20.4,0.0,False,Warm (19–23°C),2025-07-04 12:29:00,0,5
2025-07-07,10,Court 5,Gate_7,Grounds Pass,General,1,Canada,1,True,82.0,24.1,0.0,False,Hot (>23°C),2025-07-07 11:39:00,34,8
2025-07-03,10,Court 6,Gate_1,No.2 Court,Reserved,2,Japan,1,True,65.6,19.8,0.0,False,Warm (19–23°C),2025-07-03 11:26:00,0,4
2025-07-11,11,No.3 Court,Gate_8,Grounds Pass,General,1,Spain,1,False,49.1,19.3,0.0,False,Warm (19–23°C),2025-07-11 12:28:00,26,12
2025-07-01,9,Court 6,Gate_3,Queue Ticket,General,0,USA,1,False,133.2,18.5,0.0,True,Cool (15–19°C),2025-07-01 11:21:00,66,2
2025-07-04,9,Court 5,Gate_7,Queue Ticket,General,0,Spain,1,False,126.5,21.9,0.0,False,Warm (19–23°C),2025-07-04 11:16:00,0,5
2025-06-30,9,Court 7,Gate_5,Grounds Pass,General,1,Australia,1,True,95.2,18.3,0.0,False,Cool (15–19°C),2025-06-30 11:10:00,0,1
2025-07-08,10,Court 5,Gate_5,No.2 Court,Reserved,2,UK,0,True,90.6,15.6,0.0,False,Cool (15–19°C),2025-07-08 11:32:00,0,9
2025-07-07,11,No.2 Court,Gate_2,No.1 Court,Reserved,3,Australia,1,True,47.6,21.4,0.0,False,Warm (19–23°C),2025-07-07 12:17:00,95,8
2025-07-12,11,No.1 Court,Gate_4,Grounds Pass,General,1,UK,0,True,116.8,27.4,0.06,True,Hot (>23°C),2025-07-12 13:04:00,0,13
2025-07-12,9,Court 6,Gate_5,No.2 Court,Reserved,2,Other,1,True,82.5,25.3,0.0,True,Hot (>23°C),2025-07-12 11:01:00,0,13
2025-07-05,9,No.3 Court,Gate_2,Grounds Pass,General,1,UK,0,True,154.5,26.0,0.0,True,Hot (>23°C),2025-07-05 12:04:00,0,6
2025-07-10,12,Centre Court,Gate_4,Centre Court Debenture,Premium,5,UK,0,True,70.8,24.1,0.0,False,Hot (>23°C),2025-07-10 13:14:00,0,11
2025-07-12,10,Centre Court,Gate_8,Queue Ticket,General,0,UK,0,True,153.2,27.2,0.0,True,Hot (>23°C),2025-07-12 13:00:00,0,13
2025-07-08,11,Court 4,Gate_3,Grounds Pass,General,1,Japan,1,False,20.7,12.1,0.0,False,Cold (<15°C),2025-07-08 11:29:00,0,9
2025-07-06,11,No.3 Court,Gate_6,Grounds Pass,General,1,UK,0,True,72.3,14.2,0.0,False,Cold (<15°C),2025-07-06 12:21:00,0,7
2025-07-01,11,No.1 Court,Gate_2,Grounds Pass,General,1,Australia,1,False,89.7,20.6,0.76,True,Warm (19–23°C),2025-07-01 13:00:00,0,2
2025-07-06,11,No.1 Court,Gate_2,Queue Ticket,General,0,Spain,1,True,94.8,14.2,0.0,False,Cold (<15°C),2025-07-06 13:03:00,0,7
2025-07-01,10,No.2 Court,Gate_6,Centre Court Debenture,Premium,5,Other,1,True,92.8,19.4,0.0,True,Warm (19–23°C),2025-07-01 12:04:00,0,2
2025-07-09,9,Court 7,Gate_8,No.1 Court,Reserved,3,UK,0,False,98.2,23.5,0.0,True,Hot (>23°C),2025-07-09 11:02:00,0,10
2025-07-02,11,No.1 Court,Gate_6,Grounds Pass,General,1,UK,0,False,68.1,26.8,0.0,False,Hot (>23°C),2025-07-02 13:07:00,0,3
2025-07-06,10,No.3 Court,Gate_8,No.1 Court,Reserved,3,UK,0,False,81.4,15.5,0.0,False,Cool (15–19°C),2025-07-06 12:21:00,0,7
2025-07-13,10,Court 5,Gate_5,No.2 Court,Reserved,2,UK,0,True,53.1,19.2,0.0,False,Warm (19–23°C),2025-07-13 11:08:00,0,14
2025-06-30,10,Centre Court,Gate_1,Queue Ticket,General,0,UK,0,True,123.8,17.2,0.0,False,Cool (15–19°C),2025-06-30 13:01:00,0,1
2025-07-12,11,No.1 Court,Gate_1,Grounds Pass,General,1,Spain,1,True,91.9,27.4,0.06,True,Hot (>23°C),2025-07-12 13:04:00,0,13
2025-07-07,10,Court 4,Gate_3,No.2 Court,Reserved,2,Australia,1,True,84.3,24.1,0.0,False,Hot (>23°C),2025-07-07 11:29:00,0,8
2025-07-05,11,No.1 Court,Gate_8,Centre Court,Premium,4,Japan,1,True,76.9,25.0,11.35,True,Hot (>23°C),2025-07-05 13:01:00,0,6
2025-07-07,11,Centre Court,Gate_5,Queue Ticket,General,0,UK,0,True,104.2,21.4,0.0,False,Warm (19–23°C),2025-07-07 13:10:00,0,8
2025-07-02,11,No.1 Court,Gate_8,Queue Ticket,General,0,UK,0,False,122.5,26.8,0.0,False,Hot (>23°C),2025-07-02 13:07:00,0,3
2025-07-09,10,No.3 Court,Gate_4,Grounds Pass,General,1,UK,0,False,111.4,22.9,0.0,True,Warm (19–23°C),2025-07-09 12:21:00,0,10
2025-07-06,9,Court 4,Gate_7,Grounds Pass,General,1,Australia,1,False,76.4,11.9,0.0,False,Cold (<15°C),2025-07-06 11:04:00,0,7
2025-07-07,9,Court 6,Gate_6,Queue Ticket,General,0,UK,0,False,105.5,22.2,0.0,False,Warm (19–23°C),2025-07-07 11:10:00,0,8
2025-07-13,11,Court 7,Gate_7,Centre Court,Premium,4,UK,0,True,47.3,20.9,0.0,False,Warm (19–23°C),2025-07-13 11:57:00,0,14
2025-07-04,11,Court 8,Gate_1,Centre Court,Premium,4,Canada,1,False,20.3,20.4,0.0,False,Warm (19–23°C),2025-07-04 11:59:00,0,5
2025-07-11,11,No.1 Court,Gate_1,Grounds Pass,General,1,UK,0,False,73.2,19.3,0.0,False,Warm (19–23°C),2025-07-11 13:01:00,0,12
2025-07-02,11,No.3 Court,Gate_1,Grounds Pass,General,1,Switzerland,1,True,61.0,26.8,0.0,False,Hot (>23°C),2025-07-02 12:14:00,0,3
2025-07-02,11,No.1 Court,Gate_6,Queue Ticket,General,0,UK,0,True,92.1,26.8,0.0,False,Hot (>23°C),2025-07-02 13:07:00,0,3
2025-07-13,11,Court 8,Gate_4,Centre Court,Premium,4,Other,1,True,6.2,20.9,0.0,False,Warm (19–23°C),2025-07-13 11:44:00,0,14
2025-07-12,10,Court 4,Gate_1,Grounds Pass,General,1,Australia,1,True,103.4,27.2,0.0,True,Hot (>23°C),2025-07-12 11:45:00,0,13
2025-07-05,9,Court 12,Gate_8,Queue Ticket,General,0,USA,1,False,121.5,26.0,0.0,True,Hot (>23°C),2025-07-05 11:20:00,0,6
2025-07-10,11,Centre Court,Gate_5,No.1 Court,Reserved,3,UK,0,False,75.6,23.8,0.0,False,Hot (>23°C),2025-07-10 13:14:00,0,11
2025-07-02,12,No.2 Court,Gate_3,Centre Court Debenture,Premium,5,UK,0,True,13.8,27.1,0.0,False,Hot (>23°C),2025-07-02 12:20:00,0,3
2025-06-30,9,Court 7,Gate_8,Grounds Pass,General,1,USA,1,False,78.2,18.3,0.0,False,Cool (15–19°C),2025-06-30 11:10:00,0,1
2025-07-05,10,Court 8,Gate_6,No.2 Court,Reserved,2,UK,0,False,83.3,23.2,0.0,True,Hot (>23°C),2025-07-05 11:57:00,28,6
2025-07-10,10,Court 8,Gate_2,Grounds Pass,General,1,UK,0,False,95.1,24.9,0.0,False,Hot (>23°C),2025-07-10 11:53:00,0,11
2025-07-06,10,No.2 Court,Gate_8,Grounds Pass,General,1,UK,0,False,110.8,15.5,0.0,False,Cool (15–19°C),2025-07-06 12:07:00,0,7
2025-07-04,12,Centre Court,Gate_1,No.1 Court,Reserved,3,UK,0,False,63.8,21.9,0.0,False,Warm (19–23°C),2025-07-04 13:08:00,0,5
2025-07-03,10,No.3 Court,Gate_7,No.2 Court,Reserved,2,Other,1,True,83.7,19.8,0.0,False,Warm (19–23°C),2025-07-03 12:08:00,0,4
2025-07-13,11,No.3 Court,Gate_6,No.2 Court,Reserved,2,UK,0,False,71.2,20.9,0.0,False,Warm (19–23°C),2025-07-13 12:17:00,0,14
2025-07-06,10,Court 7,Gate_6,Grounds Pass,General,1,Australia,1,True,39.3,15.5,0.0,False,Cool (15–19°C),2025-07-06 11:12:00,0,7
2025-07-12,9,Court 5,Gate_3,No.2 Court,Reserved,2,UK,0,True,120.7,25.3,0.0,True,Hot (>23°C),2025-07-12 11:34:00,0,13
2025-07-11,10,Court 4,Gate_4,Grounds Pass,General,1,Australia,1,True,72.5,19.9,0.0,False,Warm (19–23°C),2025-07-11 11:49:00,0,12
2025-06-30,11,Court 8,Gate_8,No.2 Court,Reserved,2,USA,1,False,46.3,17.8,0.0,False,Cool (15–19°C),2025-06-30 11:55:00,0,1
2025-07-04,10,Court 12,Gate_1,Queue Ticket,General,0,UK,0,False,95.5,21.2,0.0,False,Warm (19–23°C),2025-07-04 11:39:00,0,5
2025-07-03,10,No.3 Court,Gate_2,Queue Ticket,General,0,UK,0,True,106.1,19.8,0.0,False,Warm (19–23°C),2025-07-03 12:08:00,0,4
2025-07-01,10,Court 6,Gate_8,Centre Court,Premium,4,Japan,1,True,66.3,19.4,0.0,True,Warm (19–23°C),2025-07-01 11:21:00,66,2
2025-07-07,11,Centre Court,Gate_8,Queue Ticket,General,0,UK,0,False,125.7,21.4,0.0,False,Warm (19–23°C),2025-07-07 13:10:00,0,8
2025-07-03,10,Court 4,Gate_1,Centre Court,Premium,4,Canada,1,True,62.6,19.8,0.0,False,Warm (19–23°C),2025-07-03 11:46:00,0,4
2025-06-30,11,Court 4,Gate_2,Grounds Pass,General,1,USA,1,True,48.7,17.8,0.0,False,Cool (15–19°C),2025-06-30 11:58:00,0,1
2025-07-11,10,Court 12,Gate_8,No.1 Court,Reserved,3,UK,0,False,57.0,19.9,0.0,False,Warm (19–23°C),2025-07-11 11:19:00,0,12
2025-07-13,11,Court 8,Gate_4,Grounds Pass,General,1,Australia,1,True,42.9,20.9,0.0,False,Warm (19–23°C),2025-07-13 11:44:00,0,14
2025-07-06,11,Centre Court,Gate_8,Queue Ticket,General,0,Australia,1,False,97.3,14.2,0.0,False,Cold (<15°C),2025-07-06 13:06:00,0,7
2025-07-03,9,Court 5,Gate_4,Queue Ticket,General,0,UK,0,True,86.3,17.0,0.0,False,Cool (15–19°C),2025-07-03 11:02:00,33,4
2025-07-10,10,No.2 Court,Gate_4,Queue Ticket,General,0,UK,0,False,103.4,24.9,0.0,False,Hot (>23°C),2025-07-10 12:07:00,0,11
2025-06-30,11,Centre Court,Gate_1,Grounds Pass,General,1,UK,0,True,68.2,17.8,0.0,False,Cool (15–19°C),2025-06-30 13:01:00,0,1
2025-07-11,10,Court 4,Gate_2,No.2 Court,Reserved,2,UK,0,True,81.7,19.9,0.0,False,Warm (19–23°C),2025-07-11 11:49:00,0,12
2025-07-02,10,No.2 Court,Gate_2,No.1 Court,Reserved,3,UK,0,False,96.7,27.9,0.0,False,Hot (>23°C),2025-07-02 12:20:00,0,3
2025-07-10,11,Centre Court,Gate_1,Grounds Pass,General,1,UK,0,False,79.1,23.8,0.0,False,Hot (>23°C),2025-07-10 13:14:00,0,11
2025-07-11,11,No.3 Court,Gate_7,No.1 Court,Reserved,3,UK,0,True,75.5,19.3,0.0,False,Warm (19–23°C),2025-07-11 12:28:00,26,12
2025-07-03,10,Court 12,Gate_2,Queue Ticket,General,0,USA,1,True,79.2,19.8,0.0,False,Warm (19–23°C),2025-07-03 11:45:00,0,4
2025-07-06,11,No.2 Court,Gate_4,No.1 Court,Reserved,3,UK,0,True,40.6,14.2,0.0,False,Cold (<15°C),2025-07-06 12:07:00,0,7
2025-07-11,9,Court 8,Gate_5,Queue Ticket,General,0,USA,1,False,95.5,19.8,0.0,False,Warm (19–23°C),2025-07-11 11:11:00,0,12
2025-07-06,11,No.1 Court,Gate_6,No.2 Court,Reserved,2,UK,0,True,89.3,14.2,0.0,False,Cold (<15°C),2025-07-06 13:03:00,0,7
2025-07-13,10,Court 18,Gate_6,Grounds Pass,General,1,UK,0,True,50.2,19.2,0.0,False,Warm (19–23°C),2025-07-13 11:50:00,21,14
2025-07-02,9,Court 5,Gate_8,Grounds Pass,General,1,UK,0,False,132.8,25.2,0.0,False,Hot (>23°C),2025-07-02 11:26:00,0,3
2025-07-04,10,Centre Court,Gate_3,Grounds Pass,General,1,USA,1,True,129.6,21.2,0.0,False,Warm (19–23°C),2025-07-04 13:08:00,0,5
2025-07-05,10,Court 6,Gate_1,No.2 Court,Reserved,2,France,1,True,60.4,23.2,0.0,True,Hot (>23°C),2025-07-05 11:14:00,0,6
2025-06-30,11,No.2 Court,Gate_7,Grounds Pass,General,1,USA,1,True,25.6,17.8,0.0,False,Cool (15–19°C),2025-06-30 12:02:00,89,1
2025-07-01,9,No.2 Court,Gate_1,Grounds Pass,General,1,USA,1,False,132.7,18.5,0.0,True,Cool (15–19°C),2025-07-01 12:04:00,0,2
2025-07-13,10,Court 7,Gate_4,No.1 Court,Reserved,3,UK,0,True,101.7,19.2,0.0,False,Warm (19–23°C),2025-07-13 11:57:00,0,14
2025-07-06,12,No.1 Court,Gate_4,Centre Court,Premium,4,UK,0,True,38.4,14.8,0.0,False,Cold (<15°C),2025-07-06 13:03:00,0,7
2025-07-06,11,Centre Court,Gate_4,Grounds Pass,General,1,UK,0,True,109.5,14.2,0.0,False,Cold (<15°C),2025-07-06 13:06:00,0,7
2025-07-03,11,Centre Court,Gate_7,Grounds Pass,General,1,UK,0,False,91.5,20.3,0.0,False,Warm (19–23°C),2025-07-03 13:02:00,0,4
2025-07-08,11,No.3 Court,Gate_7,No.1 Court,Reserved,3,Canada,1,True,55.4,12.1,0.0,False,Cold (<15°C),2025-07-08 12:20:00,0,9
2025-07-09,9,Court 5,Gate_7,No.2 Court,Reserved,2,UK,0,False,118.3,23.5,0.0,True,Hot (>23°C),2025-07-09 11:54:00,0,10
2025-07-06,10,Court 8,Gate_1,Queue Ticket,General,0,Spain,1,True,76.2,15.5,0.0,False,Cool (15–19°C),2025-07-06 11:32:00,0,7
2025-07-09,11,Centre Court,Gate_8,No.1 Court,Reserved,3,Australia,1,True,98.1,23.2,0.8,True,Hot (>23°C),2025-07-09 13:02:00,0,10
2025-07-11,10,No.3 Court,Gate_5,Grounds Pass,General,1,UK,0,False,106.8,19.9,0.0,False,Warm (19–23°C),2025-07-11 12:28:00,26,12
2025-07-02,11,No.3 Court,Gate_7,No.1 Court,Reserved,3,UK,0,False,54.9,26.8,0.0,False,Hot (>23°C),2025-07-02 12:14:00,0,3
2025-07-05,10,Court 7,Gate_8,Centre Court,Premium,4,UK,0,True,55.0,23.2,0.0,True,Hot (>23°C),2025-07-05 11:18:00,0,6
2025-07-10,11,Centre Court,Gate_3,Queue Ticket,General,0,UK,0,True,97.7,23.8,0.0,False,Hot (>23°C),2025-07-10 13:14:00,0,11
2025-07-03,12,No.1 Court,Gate_8,No.2 Court,Reserved,2,France,1,False,28.7,20.5,0.0,False,Warm (19–23°C),2025-07-03 13:11:00,0,4
2025-07-04,11,No.2 Court,Gate_8,No.1 Court,Reserved,3,USA,1,False,55.1,20.4,0.0,False,Warm (19–23°C),2025-07-04 12:13:00,0,5
2025-07-10,10,No.3 Court,Gate_8,Queue Ticket,General,0,USA,1,True,99.7,24.9,0.0,False,Hot (>23°C),2025-07-10 12:15:00,0,11
2025-06-30,10,No.2 Court,Gate_8,Grounds Pass,General,1,UK,0,True,107.5,17.2,0.0,False,Cool (15–19°C),2025-06-30 12:02:00,89,1
2025-07-08,9,Court 4,Gate_2,Grounds Pass,General,1,UK,0,True,93.2,14.1,0.0,False,Cold (<15°C),2025-07-08 11:29:00,0,9
2025-07-01,11,No.1 Court,Gate_4,No.1 Court,Reserved,3,UK,0,False,103.2,20.6,0.76,True,Warm (19–23°C),2025-07-01 13:00:00,0,2
2025-07-02,11,Court 8,Gate_4,Centre Court,Premium,4,UK,0,True,28.1,26.8,0.0,False,Hot (>23°C),2025-07-02 11:50:00,0,3
2025-07-08,11,No.3 Court,Gate_4,Centre Court Debenture,Premium,5,Germany,1,True,44.6,12.1,0.0,False,Cold (<15°C),2025-07-08 12:20:00,0,9
2025-07-05,11,Court 8,Gate_3,Centre Court Debenture,Premium,5,Japan,1,True,26.9,25.0,11.35,True,Hot (>23°C),2025-07-05 11:57:00,28,6
2025-07-13,11,No.3 Court,Gate_8,Centre Court,Premium,4,UK,0,False,44.7,20.9,0.0,False,Warm (19–23°C),2025-07-13 12:17:00,0,14
2025-07-10,10,No.2 Court,Gate_1,Grounds Pass,General,1,UK,0,False,84.5,24.9,0.0,False,Hot (>23°C),2025-07-10 12:07:00,0,11
2025-07-13,11,No.3 Court,Gate_2,Grounds Pass,General,1,USA,1,False,66.8,20.9,0.0,False,Warm (19–23°C),2025-07-13 12:17:00,0,14
2025-07-10,10,No.3 Court,Gate_5,Grounds Pass,General,1,USA,1,False,103.5,24.9,0.0,False,Hot (>23°C),2025-07-10 12:15:00,0,11
2025-07-10,9,Court 7,Gate_4,Queue Ticket,General,0,UK,0,True,80.3,26.4,0.0,False,Hot (>23°C),2025-07-10 11:13:00,0,11
2025-07-06,12,No.1 Court,Gate_1,Centre Court Debenture,Premium,5,Germany,1,False,32.7,14.8,0.0,False,Cold (<15°C),2025-07-06 13:03:00,0,7
2025-07-05,11,Centre Court,Gate_7,Centre Court,Premium,4,UK,0,True,87.0,25.0,11.35,True,Hot (>23°C),2025-07-05 13:01:00,0,6
2025-07-10,11,No.2 Court,Gate_1,Queue Ticket,General,0,UK,0,True,62.8,23.8,0.0,False,Hot (>23°C),2025-07-10 12:07:00,0,11
2025-07-08,9,Court 5,Gate_8,Grounds Pass,General,1,Spain,1,False,99.2,14.1,0.0,False,Cold (<15°C),2025-07-08 11:32:00,0,9
2025-07-10,12,No.1 Court,Gate_6,Grounds Pass,General,1,USA,1,True,46.6,24.1,0.0,False,Hot (>23°C),2025-07-10 13:13:00,0,11
2025-07-10,10,No.3 Court,Gate_4,Grounds Pass,General,1,UK,0,False,102.8,24.9,0.0,False,Hot (>23°C),2025-07-10 12:15:00,0,11
2025-07-08,10,Court 4,Gate_5,Centre Court Debenture,Premium,5,UK,0,True,31.0,15.6,0.0,False,Cool (15–19°C),2025-07-08 11:29:00,0,9
2025-07-06,11,No.2 Court,Gate_3,No.2 Court,Reserved,2,UK,0,False,53.6,14.2,0.0,False,Cold (<15°C),2025-07-06 12:07:00,0,7
2025-07-11,10,Court 4,Gate_5,Queue Ticket,General,0,Other,1,True,94.7,19.9,0.0,False,Warm (19–23°C),2025-07-11 11:49:00,0,12
2025-07-02,12,Centre Court,Gate_3,No.1 Court,Reserved,3,UK,0,True,54.5,27.1,0.0,False,Hot (>23°C),2025-07-02 13:01:00,0,3
2025-07-09,11,No.3 Court,Gate_8,Centre Court,Premium,4,UK,0,False,68.8,23.2,0.8,True,Hot (>23°C),2025-07-09 12:21:00,0,10
2025-07-04,9,Court 4,Gate_7,Queue Ticket,General,0,UK,0,False,117.0,21.9,0.0,False,Warm (19–23°C),2025-07-04 11:51:00,105,5
2025-07-04,10,Court 12,Gate_1,No.1 Court,Reserved,3,UK,0,True,44.2,21.2,0.0,False,Warm (19–23°C),2025-07-04 11:39:00,0,5
2025-07-01,9,Court 7,Gate_4,Grounds Pass,General,1,UK,0,True,141.6,18.5,0.0,True,Cool (15–19°C),2025-07-01 11:32:00,0,2
2025-07-08,11,Centre Court,Gate_4,Centre Court,Premium,4,UK,0,True,71.2,12.1,0.0,False,Cold (<15°C),2025-07-08 13:00:00,0,9
2025-07-06,9,Court 4,Gate_1,Grounds Pass,General,1,UK,0,False,96.0,11.9,0.0,False,Cold (<15°C),2025-07-06 11:04:00,0,7
2025-07-06,12,No.1 Court,Gate_8,Centre Court,Premium,4,Spain,1,True,56.3,14.8,0.0,False,Cold (<15°C),2025-07-06 13:03:00,0,7
2025-07-04,11,No.1 Court,Gate_5,No.2 Court,Reserved,2,Canada,1,True,69.4,20.4,0.0,False,Warm (19–23°C),2025-07-04 13:05:00,0,5
2025-07-08,9,Court 8,Gate_4,Queue Ticket,General,0,UK,0,True,115.7,14.1,0.0,False,Cold (<15°C),2025-07-08 11:31:00,56,9
2025-07-05,11,Centre Court,Gate_6,Grounds Pass,General,1,Switzerland,1,True,97.8,25.0,11.35,True,Hot (>23°C),2025-07-05 13:01:00,0,6
2025-07-08,10,Court 5,Gate_6,Queue Ticket,General,0,UK,0,True,88.7,15.6,0.0,False,Cool (15–19°C),2025-07-08 11:32:00,0,9
2025-07-07,10,Court 12,Gate_5,Grounds Pass,General,1,UK,0,False,73.8,24.1,0.0,False,Hot (>23°C),2025-07-07 11:34:00,0,8
2025-07-06,10,Court 4,Gate_6,No.2 Court,Reserved,2,USA,1,True,49.1,15.5,0.0,False,Cool (15–19°C),2025-07-06 11:04:00,0,7
2025-07-06,10,No.2 Court,Gate_3,No.1 Court,Reserved,3,UK,0,False,99.4,15.5,0.0,False,Cool (15–19°C),2025-07-06 12:07:00,0,7
2025-07-02,10,Court 5,Gate_4,Queue Ticket,General,0,Germany,1,False,56.0,27.9,0.0,False,Hot (>23°C),2025-07-02 11:26:00,0,3
2025-07-06,11,No.3 Court,Gate_2,No.2 Court,Reserved,2,UK,0,False,80.1,14.2,0.0,False,Cold (<15°C),2025-07-06 12:21:00,0,7
2025-07-09,11,No.1 Court,Gate_4,No.2 Court,Reserved,2,UK,0,False,98.1,23.2,0.8,True,Hot (>23°C),2025-07-09 13:09:00,0,10
2025-07-09,10,Court 8,Gate_4,Centre Court,Premium,4,USA,1,True,50.3,22.9,0.0,True,Warm (19–23°C),2025-07-09 11:18:00,0,10
2025-07-08,11,Centre Court,Gate_8,Grounds Pass,General,1,Germany,1,True,82.9,12.1,0.0,False,Cold (<15°C),2025-07-08 13:00:00,0,9
2025-07-01,9,Court 5,Gate_8,Queue Ticket,General,0,UK,0,False,116.5,18.5,0.0,True,Cool (15–19°C),2025-07-01 11:53:00,0,2
2025-07-07,9,Court 18,Gate_6,Centre Court,Premium,4,UK,0,False,100.3,22.2,0.0,False,Warm (19–23°C),2025-07-07 11:17:00,0,8
2025-07-08,10,No.2 Court,Gate_3,Queue Ticket,General,0,Other,1,True,88.4,15.6,0.0,False,Cool (15–19°C),2025-07-08 12:23:00,0,9
2025-07-07,10,Court 18,Gate_1,No.2 Court,Reserved,2,UK,0,False,28.3,24.1,0.0,False,Hot (>23°C),2025-07-07 11:17:00,0,8
2025-07-02,12,Centre Court,Gate_7,No.1 Court,Reserved,3,USA,1,True,24.3,27.1,0.0,False,Hot (>23°C),2025-07-02 13:01:00,0,3
2025-07-13,11,Centre Court,Gate_7,No.1 Court,Reserved,3,UK,0,False,111.5,20.9,0.0,False,Warm (19–23°C),2025-07-13 13:07:00,0,14
2025-07-07,12,Centre Court,Gate_4,Grounds Pass,General,1,USA,1,True,40.1,21.4,0.0,False,Warm (19–23°C),2025-07-07 13:10:00,0,8
2025-07-04,10,Court 4,Gate_3,Grounds Pass,General,1,UK,0,True,109.0,21.2,0.0,False,Warm (19–23°C),2025-07-04 11:51:00,105,5
2025-07-03,8,Court 8,Gate_6,No.2 Court,Reserved,2,UK,0,False,125.8,21.9,0.0,False,Warm (19–23°C),2025-07-03 11:04:00,0,4
2025-07-12,11,No.1 Court,Gate_4,No.2 Court,Reserved,2,Germany,1,True,86.7,27.4,0.06,True,Hot (>23°C),2025-07-12 13:04:00,0,13
2025-07-02,11,No.2 Court,Gate_2,Grounds Pass,General,1,Other,1,True,52.9,26.8,0.0,False,Hot (>23°C),2025-07-02 12:20:00,0,3
2025-07-04,11,Court 8,Gate_1,Centre Court Debenture,Premium,5,UK,0,False,28.3,20.4,0.0,False,Warm (19–23°C),2025-07-04 11:59:00,0,5
2025-07-10,10,Court 8,Gate_6,No.2 Court,Reserved,2,UK,0,True,85.3,24.9,0.0,False,Hot (>23°C),2025-07-10 11:53:00,0,11
2025-07-03,11,No.3 Court,Gate_3,Grounds Pass,General,1,UK,0,False,35.7,20.3,0.0,False,Warm (19–23°C),2025-07-03 12:08:00,0,4
2025-07-11,11,Centre Court,Gate_6,Grounds Pass,General,1,UK,0,True,104.0,19.3,0.0,False,Warm (19–23°C),2025-07-11 13:13:00,0,12
2025-07-07,12,Centre Court,Gate_6,Grounds Pass,General,1,UK,0,False,50.4,21.4,0.0,False,Warm (19–23°C),2025-07-07 13:10:00,0,8
2025-07-08,12,Centre Court,Gate_7,Centre Court,Premium,4,UK,0,False,42.9,12.5,0.0,False,Cold (<15°C),2025-07-08 13:00:00,0,9
2025-07-07,10,Court 5,Gate_7,Grounds Pass,General,1,UK,0,False,91.3,24.1,0.0,False,Hot (>23°C),2025-07-07 11:39:00,34,8
2025-07-01,8,Court 6,Gate_2,Queue Ticket,General,0,UK,0,True,178.8,21.8,0.0,True,Warm (19–23°C),2025-07-01 11:21:00,66,2
2025-07-01,11,Centre Court,Gate_7,No.2 Court,Reserved,2,Australia,1,True,89.0,20.6,0.76,True,Warm (19–23°C),2025-07-01 13:13:00,0,2
2025-07-02,11,No.3 Court,Gate_1,Centre Court,Premium,4,UK,0,True,62.3,26.8,0.0,False,Hot (>23°C),2025-07-02 12:14:00,0,3
2025-07-05,10,Court 4,Gate_6,No.1 Court,Reserved,3,UK,0,False,64.9,23.2,0.0,True,Hot (>23°C),2025-07-05 11:29:00,0,6
2025-07-01,8,Court 8,Gate_6,Grounds Pass,General,1,USA,1,False,141.4,21.8,0.0,True,Warm (19–23°C),2025-07-01 11:09:00,0,2
2025-07-02,10,No.2 Court,Gate_2,Grounds Pass,General,1,UK,0,False,117.4,27.9,0.0,False,Hot (>23°C),2025-07-02 12:20:00,0,3
2025-07-12,11,No.1 Court,Gate_4,Queue Ticket,General,0,USA,1,False,112.0,27.4,0.06,True,Hot (>23°C),2025-07-12 13:04:00,0,13
2025-07-05,9,Court 5,Gate_7,Grounds Pass,General,1,Other,1,False,126.1,26.0,0.0,True,Hot (>23°C),2025-07-05 11:41:00,0,6
2025-07-07,11,Centre Court,Gate_3,No.2 Court,Reserved,2,UK,0,False,102.9,21.4,0.0,False,Warm (19–23°C),2025-07-07 13:10:00,0,8
2025-07-06,9,Court 7,Gate_7,Grounds Pass,General,1,France,1,True,103.6,11.9,0.0,False,Cold (<15°C),2025-07-06 11:12:00,0,7
2025-07-01,10,Court 5,Gate_2,No.1 Court,Reserved,3,USA,1,False,68.2,19.4,0.0,True,Warm (19–23°C),2025-07-01 11:53:00,0,2
2025-07-10,10,Court 5,Gate_6,No.1 Court,Reserved,3,USA,1,True,22.2,24.9,0.0,False,Hot (>23°C),2025-07-10 11:09:00,0,11
2025-07-11,9,Court 6,Gate_8,Grounds Pass,General,1,UK,0,False,87.8,19.8,0.0,False,Warm (19–23°C),2025-07-11 11:10:00,0,12
2025-07-01,10,Court 4,Gate_6,Grounds Pass,General,1,USA,1,True,78.5,19.4,0.0,True,Warm (19–23°C),2025-07-01 11:26:00,0,2
2025-07-11,11,No.3 Court,Gate_6,Centre Court Debenture,Premium,5,USA,1,True,29.1,19.3,0.0,False,Warm (19–23°C),2025-07-11 12:28:00,26,12
2025-07-09,10,Court 4,Gate_3,No.1 Court,Reserved,3,UK,0,False,75.5,22.9,0.0,True,Warm (19–23°C),2025-07-09 11:43:00,81,10
2025-07-06,10,Court 6,Gate_8,Centre Court Debenture,Premium,5,UK,0,True,45.1,15.5,0.0,False,Cool (15–19°C),2025-07-06 11:42:00,0,7
2025-07-11,11,No.1 Court,Gate_1,Queue Ticket,General,0,UK,0,True,98.1,19.3,0.0,False,Warm (19–23°C),2025-07-11 13:01:00,0,12
2025-07-11,10,No.2 Court,Gate_3,Grounds Pass,General,1,UK,0,True,110.7,19.9,0.0,False,Warm (19–23°C),2025-07-11 12:00:00,0,12
2025-07-10,10,Court 5,Gate_1,Centre Court,Premium,4,UK,0,True,50.7,24.9,0.0,False,Hot (>23°C),2025-07-10 11:09:00,0,11
2025-06-30,9,Court 6,Gate_5,Grounds Pass,General,1,UK,0,False,94.0,18.3,0.0,False,Cool (15–19°C),2025-06-30 11:07:00,0,1
2025-07-09,9,Court 4,Gate_5,No.1 Court,Reserved,3,UK,0,True,157.0,23.5,0.0,True,Hot (>23°C),2025-07-09 11:43:00,81,10
2025-07-05,9,No.2 Court,Gate_5,Queue Ticket,General,0,Australia,1,True,142.2,26.0,0.0,True,Hot (>23°C),2025-07-05 12:21:00,0,6
2025-07-02,11,Court 18,Gate_3,No.1 Court,Reserved,3,Australia,1,False,31.9,26.8,0.0,False,Hot (>23°C),2025-07-02 11:38:00,0,3
2025-07-11,9,Court 8,Gate_4,Grounds Pass,General,1,Germany,1,True,74.9,19.8,0.0,False,Warm (19–23°C),2025-07-11 11:11:00,0,12
2025-07-06,10,No.2 Court,Gate_1,No.2 Court,Reserved,2,UK,0,True,109.1,15.5,0.0,False,Cool (15–19°C),2025-07-06 12:07:00,0,7
2025-07-09,11,No.1 Court,Gate_1,Grounds Pass,General,1,USA,1,False,120.3,23.2,0.8,True,Hot (>23°C),2025-07-09 13:09:00,0,10
2025-07-09,11,No.1 Court,Gate_5,Centre Court Debenture,Premium,5,UK,0,False,72.4,23.2,0.8,True,Hot (>23°C),2025-07-09 13:09:00,0,10
2025-07-03,11,Centre Court,Gate_4,Grounds Pass,General,1,USA,1,True,64.3,20.3,0.0,False,Warm (19–23°C),2025-07-03 13:02:00,0,4
2025-07-05,10,No.3 Court,Gate_4,Queue Ticket,General,0,France,1,True,119.9,23.2,0.0,True,Hot (>23°C),2025-07-05 12:04:00,0,6
2025-07-07,12,Centre Court,Gate_2,Grounds Pass,General,1,UK,0,False,64.0,21.4,0.0,False,Warm (19–23°C),2025-07-07 13:10:00,0,8
2025-07-13,9,No.3 Court,Gate_6,Queue Ticket,General,0,UK,0,False,147.1,20.3,0.0,False,Warm (19–23°C),2025-07-13 12:17:00,0,14
2025-07-11,11,No.3 Court,Gate_6,Centre Court,Premium,4,UK,0,True,52.4,19.3,0.0,False,Warm (19–23°C),2025-07-11 12:28:00,26,12
2025-07-04,10,Court 7,Gate_1,Grounds Pass,General,1,France,1,True,73.1,21.2,0.0,False,Warm (19–23°C),2025-07-04 11:39:00,0,5
2025-07-01,11,Centre Court,Gate_4,Queue Ticket,General,0,UK,0,True,101.8,20.6,0.76,True,Warm (19–23°C),2025-07-01 13:13:00,0,2
2025-07-01,9,Court 4,Gate_3,No.1 Court,Reserved,3,Germany,1,True,116.3,18.5,0.0,True,Cool (15–19°C),2025-07-01 11:26:00,0,2
2025-07-11,10,Court 4,Gate_1,Grounds Pass,General,1,UK,0,True,92.3,19.9,0.0,False,Warm (19–23°C),2025-07-11 11:49:00,0,12
2025-07-11,11,Court 4,Gate_6,Centre Court,Premium,4,USA,1,True,14.2,19.3,0.0,False,Warm (19–23°C),2025-07-11 11:49:00,0,12
2025-07-12,11,No.3 Court,Gate_1,No.2 Court,Reserved,2,UK,0,True,74.6,27.4,0.06,True,Hot (>23°C),2025-07-12 12:15:00,0,13
2025-07-09,11,No.1 Court,Gate_1,Grounds Pass,General,1,UK,0,True,126.9,23.2,0.8,True,Hot (>23°C),2025-07-09 13:09:00,0,10
2025-06-30,10,No.1 Court,Gate_6,Queue Ticket,General,0,UK,0,False,140.0,17.2,0.0,False,Cool (15–19°C),2025-06-30 13:11:00,0,1
2025-07-12,10,No.3 Court,Gate_7,Grounds Pass,General,1,UK,0,True,117.7,27.2,0.0,True,Hot (>23°C),2025-07-12 12:15:00,0,13
2025-07-11,10,Court 4,Gate_3,No.1 Court,Reserved,3,UK,0,True,74.1,19.9,0.0,False,Warm (19–23°C),2025-07-11 11:49:00,0,12
2025-07-09,11,No.1 Court,Gate_4,Grounds Pass,General,1,Canada,1,True,112.3,23.2,0.8,True,Hot (>23°C),2025-07-09 13:09:00,0,10
2025-07-13,9,Court 8,Gate_3,Grounds Pass,General,1,France,1,True,106.3,20.3,0.0,False,Warm (19–23°C),2025-07-13 11:44:00,0,14
2025-07-08,10,No.3 Court,Gate_6,Grounds Pass,General,1,UK,0,True,94.0,15.6,0.0,False,Cool (15–19°C),2025-07-08 12:20:00,0,9
2025-07-05,9,Court 4,Gate_3,Centre Court,Premium,4,UK,0,True,104.9,26.0,0.0,True,Hot (>23°C),2025-07-05 11:29:00,0,6
2025-07-01,10,No.2 Court,Gate_1,Grounds Pass,General,1,USA,1,True,90.8,19.4,0.0,True,Warm (19–23°C),2025-07-01 12:04:00,0,2
2025-07-01,9,Court 6,Gate_4,Grounds Pass,General,1,Spain,1,False,89.1,18.5,0.0,True,Cool (15–19°C),2025-07-01 11:21:00,66,2
2025-07-02,11,Centre Court,Gate_6,Grounds Pass,General,1,Japan,1,True,84.0,26.8,0.0,False,Hot (>23°C),2025-07-02 13:01:00,0,3
2025-07-01,9,Court 4,Gate_7,Grounds Pass,General,1,Switzerland,1,True,88.5,18.5,0.0,True,Cool (15–19°C),2025-07-01 11:26:00,0,2
2025-07-12,11,No.1 Court,Gate_6,Grounds Pass,General,1,UK,0,True,109.4,27.4,0.06,True,Hot (>23°C),2025-07-12 13:04:00,0,13
2025-07-03,9,Court 18,Gate_7,Grounds Pass,General,1,USA,1,True,116.9,17.0,0.0,False,Cool (15–19°C),2025-07-03 11:05:00,0,4
2025-07-10,11,No.3 Court,Gate_1,No.2 Court,Reserved,2,UK,0,True,60.0,23.8,0.0,False,Hot (>23°C),2025-07-10 12:15:00,0,11
2025-07-08,10,Court 18,Gate_4,Centre Court,Premium,4,Australia,1,True,54.4,15.6,0.0,False,Cool (15–19°C),2025-07-08 11:32:00,0,9
2025-07-07,11,No.2 Court,Gate_1,Grounds Pass,General,1,UK,0,True,70.7,21.4,0.0,False,Warm (19–23°C),2025-07-07 12:17:00,95,8
2025-07-07,10,Court 4,Gate_3,Centre Court,Premium,4,UK,0,True,76.3,24.1,0.0,False,Hot (>23°C),2025-07-07 11:29:00,0,8
2025-07-03,10,Court 12,Gate_3,No.1 Court,Reserved,3,Australia,1,True,59.3,19.8,0.0,False,Warm (19–23°C),2025-07-03 11:45:00,0,4
2025-07-02,11,Court 4,Gate_8,Grounds Pass,General,1,Germany,1,False,52.8,26.8,0.0,False,Hot (>23°C),2025-07-02 11:56:00,0,3
2025-07-09,9,Court 5,Gate_4,Queue Ticket,General,0,UK,0,False,134.6,23.5,0.0,True,Hot (>23°C),2025-07-09 11:54:00,0,10
2025-07-04,11,No.3 Court,Gate_4,Grounds Pass,General,1,France,1,False,70.9,20.4,0.0,False,Warm (19–23°C),2025-07-04 12:29:00,0,5
2025-07-06,9,Court 7,Gate_4,Queue Ticket,General,0,UK,0,True,115.5,11.9,0.0,False,Cold (<15°C),2025-07-06 11:12:00,0,7
2025-07-13,11,No.1 Court,Gate_4,Queue Ticket,General,0,UK,0,False,85.9,20.9,0.0,False,Warm (19–23°C),2025-07-13 13:09:00,0,14
2025-07-06,9,Court 8,Gate_8,Queue Ticket,General,0,Japan,1,False,101.4,11.9,0.0,False,Cold (<15°C),2025-07-06 11:32:00,0,7
2025-07-07,11,No.2 Court,Gate_8,No.2 Court,Reserved,2,UK,0,True,28.3,21.4,0.0,False,Warm (19–23°C),2025-07-07 12:17:00,95,8
2025-07-12,10,No.2 Court,Gate_1,Centre Court Debenture,Premium,5,UK,0,True,67.6,27.2,0.0,True,Hot (>23°C),2025-07-12 12:03:00,49,13
2025-07-08,11,No.3 Court,Gate_2,No.2 Court,Reserved,2,France,1,False,79.5,12.1,0.0,False,Cold (<15°C),2025-07-08 12:20:00,0,9
2025-07-03,11,No.3 Court,Gate_3,No.1 Court,Reserved,3,UK,0,False,53.8,20.3,0.0,False,Warm (19–23°C),2025-07-03 12:08:00,0,4
2025-07-11,12,Centre Court,Gate_8,Centre Court,Premium,4,UK,0,False,65.5,19.8,0.0,False,Warm (19–23°C),2025-07-11 13:13:00,0,12
2025-07-07,10,No.3 Court,Gate_6,Grounds Pass,General,1,UK,0,True,91.5,24.1,0.0,False,Hot (>23°C),2025-07-07 12:12:00,37,8
2025-07-09,10,No.2 Court,Gate_5,Grounds Pass,General,1,Japan,1,True,99.5,22.9,0.0,True,Warm (19–23°C),2025-07-09 12:20:00,0,10
2025-06-30,12,No.1 Court,Gate_5,Queue Ticket,General,0,Australia,1,True,49.4,17.4,0.0,False,Cool (15–19°C),2025-06-30 13:11:00,0,1
2025-07-07,10,No.3 Court,Gate_6,No.2 Court,Reserved,2,Other,1,False,74.4,24.1,0.0,False,Hot (>23°C),2025-07-07 12:12:00,37,8
2025-07-11,12,Centre Court,Gate_8,Centre Court,Premium,4,UK,0,False,51.4,19.8,0.0,False,Warm (19–23°C),2025-07-11 13:13:00,0,12
2025-07-01,10,Court 18,Gate_3,Grounds Pass,General,1,USA,1,True,90.7,19.4,0.0,True,Warm (19–23°C),2025-07-01 11:58:00,0,2
2025-07-09,10,No.1 Court,Gate_4,Grounds Pass,General,1,UK,0,True,141.4,22.9,0.0,True,Warm (19–23°C),2025-07-09 13:09:00,0,10
2025-07-07,10,No.3 Court,Gate_6,Grounds Pass,General,1,Switzerland,1,True,91.1,24.1,0.0,False,Hot (>23°C),2025-07-07 12:12:00,37,8
2025-07-01,11,Centre Court,Gate_2,No.1 Court,Reserved,3,Switzerland,1,False,96.1,20.6,0.76,True,Warm (19–23°C),2025-07-01 13:13:00,0,2
2025-06-30,9,Court 6,Gate_2,No.2 Court,Reserved,2,UK,0,True,82.3,18.3,0.0,False,Cool (15–19°C),2025-06-30 11:07:00,0,1
2025-07-02,10,No.3 Court,Gate_6,Queue Ticket,General,0,UK,0,True,108.5,27.9,0.0,False,Hot (>23°C),2025-07-02 12:14:00,0,3
2025-07-13,11,No.1 Court,Gate_7,Grounds Pass,General,1,UK,0,False,111.9,20.9,0.0,False,Warm (19–23°C),2025-07-13 13:09:00,0,14
2025-07-01,11,No.1 Court,Gate_8,No.2 Court,Reserved,2,UK,0,True,110.6,20.6,0.76,True,Warm (19–23°C),2025-07-01 13:00:00,0,2
2025-07-09,8,Court 18,Gate_6,Queue Ticket,General,0,UK,0,True,146.9,22.8,0.0,True,Warm (19–23°C),2025-07-09 11:12:00,0,10
2025-07-07,10,Court 5,Gate_2,Queue Ticket,General,0,UK,0,False,43.7,24.1,0.0,False,Hot (>23°C),2025-07-07 11:39:00,34,8
2025-07-06,11,Centre Court,Gate_6,Queue Ticket,General,0,Australia,1,True,75.4,14.2,0.0,False,Cold (<15°C),2025-07-06 13:06:00,0,7
2025-07-11,10,Court 4,Gate_7,Queue Ticket,General,0,USA,1,True,53.4,19.9,0.0,False,Warm (19–23°C),2025-07-11 11:49:00,0,12
2025-07-12,11,No.3 Court,Gate_3,Centre Court Debenture,Premium,5,France,1,False,38.8,27.4,0.06,True,Hot (>23°C),2025-07-12 12:15:00,0,13
2025-07-09,11,Centre Court,Gate_4,No.2 Court,Reserved,2,UK,0,False,108.0,23.2,0.8,True,Hot (>23°C),2025-07-09 13:02:00,0,10
2025-07-04,11,Centre Court,Gate_6,Grounds Pass,General,1,UK,0,True,110.8,20.4,0.0,False,Warm (19–23°C),2025-07-04 13:08:00,0,5
2025-07-09,8,Court 6,Gate_3,Queue Ticket,General,0,UK,0,True,193.0,22.8,0.0,True,Warm (19–23°C),2025-07-09 11:14:00,0,10
2025-07-04,11,Court 4,Gate_2,No.1 Court,Reserved,3,France,1,True,29.9,20.4,0.0,False,Warm (19–23°C),2025-07-04 11:51:00,105,5
2025-07-04,10,Court 12,Gate_3,Centre Court,Premium,4,Switzerland,1,False,76.6,21.2,0.0,False,Warm (19–23°C),2025-07-04 11:39:00,0,5
2025-07-04,11,No.2 Court,Gate_6,No.1 Court,Reserved,3,Germany,1,False,55.2,20.4,0.0,False,Warm (19–23°C),2025-07-04 12:13:00,0,5
2025-07-05,9,Court 5,Gate_1,Grounds Pass,General,1,UK,0,False,140.4,26.0,0.0,True,Hot (>23°C),2025-07-05 11:41:00,0,6
2025-07-07,9,Court 7,Gate_6,Queue Ticket,General,0,USA,1,False,111.8,22.2,0.0,False,Warm (19–23°C),2025-07-07 11:35:00,0,8
2025-07-07,10,No.3 Court,Gate_7,Grounds Pass,General,1,Spain,1,True,87.4,24.1,0.0,False,Hot (>23°C),2025-07-07 12:12:00,37,8
2025-07-11,11,No.1 Court,Gate_6,Grounds Pass,General,1,UK,0,False,77.2,19.3,0.0,False,Warm (19–23°C),2025-07-11 13:01:00,0,12
2025-06-30,11,Centre Court,Gate_2,Queue Ticket,General,0,UK,0,False,101.2,17.8,0.0,False,Cool (15–19°C),2025-06-30 13:01:00,0,1
2025-07-04,10,Court 6,Gate_1,Centre Court,Premium,4,UK,0,True,71.9,21.2,0.0,False,Warm (19–23°C),2025-07-04 11:26:00,0,5
2025-06-30,11,Centre Court,Gate_4,Grounds Pass,General,1,USA,1,False,69.5,17.8,0.0,False,Cool (15–19°C),2025-06-30 13:01:00,0,1
2025-07-05,10,No.1 Court,Gate_6,Grounds Pass,General,1,UK,0,False,122.6,23.2,0.0,True,Hot (>23°C),2025-07-05 13:01:00,0,6
2025-07-01,11,No.1 Court,Gate_2,Centre Court,Premium,4,UK,0,False,97.0,20.6,0.76,True,Warm (19–23°C),2025-07-01 13:00:00,0,2
2025-07-11,10,No.2 Court,Gate_2,Grounds Pass,General,1,USA,1,False,72.5,19.9,0.0,False,Warm (19–23°C),2025-07-11 12:00:00,0,12
2025-07-11,11,No.1 Court,Gate_4,Queue Ticket,General,0,USA,1,False,77.1,19.3,0.0,False,Warm (19–23°C),2025-07-11 13:01:00,0,12
2025-07-08,10,Court 12,Gate_8,Grounds Pass,General,1,USA,1,False,78.7,15.6,0.0,False,Cool (15–19°C),2025-07-08 11:49:00,0,9
2025-07-09,9,Court 5,Gate_6,No.1 Court,Reserved,3,Canada,1,False,117.1,23.5,0.0,True,Hot (>23°C),2025-07-09 11:54:00,0,10
2025-07-04,10,Court 8,Gate_7,Grounds Pass,General,1,Australia,1,False,110.1,21.2,0.0,False,Warm (19–23°C),2025-07-04 11:59:00,0,5
2025-07-08,11,No.2 Court,Gate_5,No.1 Court,Reserved,3,UK,0,True,73.1,12.1,0.0,False,Cold (<15°C),2025-07-08 12:23:00,0,9
2025-07-01,11,No.1 Court,Gate_8,No.1 Court,Reserved,3,Japan,1,True,98.9,20.6,0.76,True,Warm (19–23°C),2025-07-01 13:00:00,0,2
2025-07-06,9,Court 12,Gate_7,Queue Ticket,General,0,Spain,1,False,73.5,11.9,0.0,False,Cold (<15°C),2025-07-06 11:10:00,0,7
2025-07-12,12,No.1 Court,Gate_4,Queue Ticket,General,0,USA,1,True,63.3,25.1,0.95,True,Hot (>23°C),2025-07-12 13:04:00,0,13
2025-07-02,10,No.3 Court,Gate_5,Grounds Pass,General,1,Switzerland,1,False,84.3,27.9,0.0,False,Hot (>23°C),2025-07-02 12:14:00,0,3
2025-07-13,9,Court 6,Gate_3,Queue Ticket,General,0,France,1,True,88.4,20.3,0.0,False,Warm (19–23°C),2025-07-13 11:00:00,0,14
2025-07-12,9,Court 12,Gate_3,Grounds Pass,General,1,Other,1,False,100.4,25.3,0.0,True,Hot (>23°C),2025-07-12 11:04:00,0,13
2025-07-10,9,Court 7,Gate_3,Queue Ticket,General,0,UK,0,True,79.8,26.4,0.0,False,Hot (>23°C),2025-07-10 11:13:00,0,11
2025-07-04,11,No.3 Court,Gate_5,No.1 Court,Reserved,3,UK,0,True,59.9,20.4,0.0,False,Warm (19–23°C),2025-07-04 12:29:00,0,5
2025-07-13,11,Centre Court,Gate_6,No.1 Court,Reserved,3,Germany,1,True,78.6,20.9,0.0,False,Warm (19–23°C),2025-07-13 13:07:00,0,14
2025-07-07,11,Court 8,Gate_6,No.1 Court,Reserved,3,Canada,1,True,45.2,21.4,0.0,False,Warm (19–23°C),2025-07-07 11:59:00,0,8
2025-07-04,10,Court 8,Gate_1,Queue Ticket,General,0,UK,0,True,102.1,21.2,0.0,False,Warm (19–23°C),2025-07-04 11:59:00,0,5
2025-07-09,11,No.1 Court,Gate_6,Grounds Pass,General,1,Japan,1,True,104.9,23.2,0.8,True,Hot (>23°C),2025-07-09 13:09:00,0,10
2025-07-04,12,Centre Court,Gate_6,No.1 Court,Reserved,3,Japan,1,True,66.6,21.9,0.0,False,Warm (19–23°C),2025-07-04 13:08:00,0,5
2025-07-06,10,Court 18,Gate_7,Grounds Pass,General,1,Australia,1,True,35.7,15.5,0.0,False,Cool (15–19°C),2025-07-06 11:29:00,0,7
2025-07-05,9,Court 6,Gate_2,Grounds Pass,General,1,Australia,1,False,104.1,26.0,0.0,True,Hot (>23°C),2025-07-05 11:14:00,0,6
2025-06-30,11,No.2 Court,Gate_5,Grounds Pass,General,1,Australia,1,True,46.4,17.8,0.0,False,Cool (15–19°C),2025-06-30 12:02:00,89,1
2025-07-06,10,Court 5,Gate_7,No.2 Court,Reserved,2,USA,1,False,54.0,15.5,0.0,False,Cool (15–19°C),2025-07-06 11:05:00,0,7
2025-07-02,11,Centre Court,Gate_1,Queue Ticket,General,0,Australia,1,True,105.9,26.8,0.0,False,Hot (>23°C),2025-07-02 13:01:00,0,3
2025-07-03,10,Court 4,Gate_2,No.1 Court,Reserved,3,USA,1,False,53.3,19.8,0.0,False,Warm (19–23°C),2025-07-03 11:46:00,0,4
2025-07-02,12,No.1 Court,Gate_8,Grounds Pass,General,1,UK,0,True,61.3,27.1,0.0,False,Hot (>23°C),2025-07-02 13:07:00,0,3
2025-07-10,12,No.1 Court,Gate_5,Grounds Pass,General,1,UK,0,True,71.7,24.1,0.0,False,Hot (>23°C),2025-07-10 13:13:00,0,11
2025-07-10,12,Centre Court,Gate_7,No.1 Court,Reserved,3,Australia,1,False,67.4,24.1,0.0,False,Hot (>23°C),2025-07-10 13:14:00,0,11
2025-07-09,9,No.3 Court,Gate_8,Grounds Pass,General,1,UK,0,True,160.9,23.5,0.0,True,Hot (>23°C),2025-07-09 12:21:00,0,10
2025-07-04,9,Court 5,Gate_3,Grounds Pass,General,1,Japan,1,True,77.4,21.9,0.0,False,Warm (19–23°C),2025-07-04 11:16:00,0,5
2025-06-30,10,No.3 Court,Gate_4,Grounds Pass,General,1,Germany,1,True,109.6,17.2,0.0,False,Cool (15–19°C),2025-06-30 12:15:00,0,1
2025-07-12,10,No.2 Court,Gate_8,No.1 Court,Reserved,3,Germany,1,False,88.9,27.2,0.0,True,Hot (>23°C),2025-07-12 12:03:00,49,13
2025-07-02,11,Centre Court,Gate_1,Queue Ticket,General,0,Australia,1,True,70.2,26.8,0.0,False,Hot (>23°C),2025-07-02 13:01:00,0,3
2025-07-04,11,Centre Court,Gate_8,Grounds Pass,General,1,UK,0,True,78.1,20.4,0.0,False,Warm (19–23°C),2025-07-04 13:08:00,0,5
2025-07-07,9,Court 6,Gate_2,Queue Ticket,General,0,Australia,1,True,110.9,22.2,0.0,False,Warm (19–23°C),2025-07-07 11:10:00,0,8
2025-07-10,11,No.2 Court,Gate_6,Grounds Pass,General,1,Australia,1,True,41.7,23.8,0.0,False,Hot (>23°C),2025-07-10 12:07:00,0,11
2025-07-05,10,No.1 Court,Gate_5,Grounds Pass,General,1,Australia,1,False,131.7,23.2,0.0,True,Hot (>23°C),2025-07-05 13:01:00,0,6
2025-07-03,12,Centre Court,Gate_7,Centre Court,Premium,4,UK,0,True,55.9,20.5,0.0,False,Warm (19–23°C),2025-07-03 13:02:00,0,4
2025-07-04,11,No.3 Court,Gate_8,Grounds Pass,General,1,USA,1,True,45.2,20.4,0.0,False,Warm (19–23°C),2025-07-04 12:29:00,0,5
2025-07-13,10,Court 7,Gate_1,Grounds Pass,General,1,UK,0,False,77.5,19.2,0.0,False,Warm (19–23°C),2025-07-13 11:57:00,0,14
2025-07-07,9,Court 4,Gate_8,Queue Ticket,General,0,UK,0,True,103.2,22.2,0.0,False,Warm (19–23°C),2025-07-07 11:29:00,0,8
2025-07-07,12,No.1 Court,Gate_1,No.2 Court,Reserved,2,France,1,False,38.9,21.4,0.0,False,Warm (19–23°C),2025-07-07 13:02:00,0,8
2025-07-04,11,No.3 Court,Gate_3,No.1 Court,Reserved,3,USA,1,True,47.9,20.4,0.0,False,Warm (19–23°C),2025-07-04 12:29:00,0,5
2025-07-03,10,Court 7,Gate_4,Grounds Pass,General,1,Japan,1,True,98.8,19.8,0.0,False,Warm (19–23°C),2025-07-03 11:40:00,0,4
2025-07-05,9,Court 7,Gate_2,Grounds Pass,General,1,UK,0,False,101.4,26.0,0.0,True,Hot (>23°C),2025-07-05 11:18:00,0,6
2025-07-09,9,Court 12,Gate_6,Queue Ticket,General,0,UK,0,False,135.1,23.5,0.0,True,Hot (>23°C),2025-07-09 11:49:00,0,10
2025-07-10,9,Court 12,Gate_3,No.1 Court,Reserved,3,UK,0,True,94.3,26.4,0.0,False,Hot (>23°C),2025-07-10 11:01:00,0,11
2025-07-09,9,Court 5,Gate_2,Centre Court Debenture,Premium,5,UK,0,True,125.0,23.5,0.0,True,Hot (>23°C),2025-07-09 11:54:00,0,10
2025-07-07,10,No.3 Court,Gate_6,Queue Ticket,General,0,France,1,True,75.0,24.1,0.0,False,Hot (>23°C),2025-07-07 12:12:00,37,8
2025-07-06,11,No.2 Court,Gate_8,Grounds Pass,General,1,USA,1,True,13.5,14.2,0.0,False,Cold (<15°C),2025-07-06 12:07:00,0,7
2025-07-10,11,No.1 Court,Gate_5,Grounds Pass,General,1,UK,0,True,93.3,23.8,0.0,False,Hot (>23°C),2025-07-10 13:13:00,0,11
2025-07-02,11,No.1 Court,Gate_3,Grounds Pass,General,1,UK,0,True,120.4,26.8,0.0,False,Hot (>23°C),2025-07-02 13:07:00,0,3
2025-07-09,9,Court 4,Gate_3,Centre Court,Premium,4,Other,1,False,107.6,23.5,0.0,True,Hot (>23°C),2025-07-09 11:43:00,81,10
2025-07-02,12,No.1 Court,Gate_6,No.1 Court,Reserved,3,Australia,1,False,18.4,27.1,0.0,False,Hot (>23°C),2025-07-02 13:07:00,0,3
2025-07-10,10,No.2 Court,Gate_6,Grounds Pass,General,1,UK,0,False,71.0,24.9,0.0,False,Hot (>23°C),2025-07-10 12:07:00,0,11
2025-07-11,12,Centre Court,Gate_5,No.1 Court,Reserved,3,Germany,1,False,62.2,19.8,0.0,False,Warm (19–23°C),2025-07-11 13:13:00,0,12
2025-07-11,9,Court 8,Gate_2,Queue Ticket,General,0,USA,1,False,90.6,19.8,0.0,False,Warm (19–23°C),2025-07-11 11:11:00,0,12
2025-07-05,12,Centre Court,Gate_7,No.1 Court,Reserved,3,Switzerland,1,False,51.1,24.5,2.94,True,Hot (>23°C),2025-07-05 13:01:00,0,6
2025-07-11,9,Court 7,Gate_7,Grounds Pass,General,1,UK,0,False,76.5,19.8,0.0,False,Warm (19–23°C),2025-07-11 11:02:00,0,12
2025-07-09,10,No.1 Court,Gate_3,Centre Court,Premium,4,UK,0,True,133.3,22.9,0.0,True,Warm (19–23°C),2025-07-09 13:09:00,0,10
2025-07-13,10,Court 4,Gate_4,No.2 Court,Reserved,2,Other,1,False,56.1,19.2,0.0,False,Warm (19–23°C),2025-07-13 11:33:00,92,14
2025-07-11,11,Centre Court,Gate_5,No.2 Court,Reserved,2,UK,0,True,82.3,19.3,0.0,False,Warm (19–23°C),2025-07-11 13:13:00,0,12
2025-07-10,11,Centre Court,Gate_7,Grounds Pass,General,1,UK,0,True,96.8,23.8,0.0,False,Hot (>23°C),2025-07-10 13:14:00,0,11
2025-07-04,10,Court 6,Gate_1,Grounds Pass,General,1,Australia,1,True,62.9,21.2,0.0,False,Warm (19–23°C),2025-07-04 11:26:00,0,5
2025-07-08,10,No.2 Court,Gate_7,Queue Ticket,General,0,UK,0,False,121.2,15.6,0.0,False,Cool (15–19°C),2025-07-08 12:23:00,0,9
2025-07-08,9,Court 7,Gate_3,Queue Ticket,General,0,Canada,1,True,124.5,14.1,0.0,False,Cold (<15°C),2025-07-08 11:32:00,0,9
2025-07-05,10,No.1 Court,Gate_6,Queue Ticket,General,0,Japan,1,True,126.0,23.2,0.0,True,Hot (>23°C),2025-07-05 13:01:00,0,6
2025-07-06,11,Centre Court,Gate_2,Grounds Pass,General,1,UK,0,True,106.9,14.2,0.0,False,Cold (<15°C),2025-07-06 13:06:00,0,7
2025-07-04,10,Court 4,Gate_6,Grounds Pass,General,1,USA,1,True,53.9,21.2,0.0,False,Warm (19–23°C),2025-07-04 11:51:00,105,5
2025-07-11,10,Court 18,Gate_1,No.1 Court,Reserved,3,UK,0,False,58.6,19.9,0.0,False,Warm (19–23°C),2025-07-11 11:58:00,113,12
2025-07-09,11,No.2 Court,Gate_2,Grounds Pass,General,1,Switzerland,1,True,32.8,23.2,0.8,True,Hot (>23°C),2025-07-09 12:20:00,0,10
2025-06-30,11,Court 8,Gate_7,No.1 Court,Reserved,3,UK,0,True,5.0,17.8,0.0,False,Cool (15–19°C),2025-06-30 11:55:00,0,1
2025-07-04,12,Centre Court,Gate_7,No.1 Court,Reserved,3,USA,1,True,28.8,21.9,0.0,False,Warm (19–23°C),2025-07-04 13:08:00,0,5
2025-07-13,10,Court 7,Gate_7,Grounds Pass,General,1,UK,0,False,67.5,19.2,0.0,False,Warm (19–23°C),2025-07-13 11:57:00,0,14
2025-07-07,9,Court 6,Gate_6,Queue Ticket,General,0,Australia,1,True,108.4,22.2,0.0,False,Warm (19–23°C),2025-07-07 11:10:00,0,8
2025-07-02,11,Centre Court,Gate_6,Grounds Pass,General,1,UK,0,True,76.1,26.8,0.0,False,Hot (>23°C),2025-07-02 13:01:00,0,3
2025-07-08,9,Court 6,Gate_2,Queue Ticket,General,0,USA,1,False,97.5,14.1,0.0,False,Cold (<15°C),2025-07-08 11:28:00,0,9
2025-07-05,11,Centre Court,Gate_8,Centre Court Debenture,Premium,5,UK,0,True,79.5,25.0,11.35,True,Hot (>23°C),2025-07-05 13:01:00,0,6
2025-07-07,10,Court 6,Gate_4,Grounds Pass,General,1,Australia,1,True,56.4,24.1,0.0,False,Hot (>23°C),2025-07-07 11:10:00,0,8
2025-06-30,11,No.1 Court,Gate_2,Grounds Pass,General,1,UK,0,True,89.9,17.8,0.0,False,Cool (15–19°C),2025-06-30 13:11:00,0,1
2025-07-04,11,Centre Court,Gate_6,Queue Ticket,General,0,Australia,1,True,79.5,20.4,0.0,False,Warm (19–23°C),2025-07-04 13:08:00,0,5
2025-07-09,11,No.1 Court,Gate_8,Queue Ticket,General,0,UK,0,False,123.8,23.2,0.8,True,Hot (>23°C),2025-07-09 13:09:00,0,10
2025-07-06,11,No.1 Court,Gate_3,Grounds Pass,General,1,UK,0,False,72.6,14.2,0.0,False,Cold (<15°C),2025-07-06 13:03:00,0,7
2025-07-12,9,Court 8,Gate_4,Grounds Pass,General,1,Canada,1,True,110.3,25.3,0.0,True,Hot (>23°C),2025-07-12 11:07:00,0,13
2025-07-09,10,Centre Court,Gate_4,Centre Court,Premium,4,UK,0,True,126.5,22.9,0.0,True,Warm (19–23°C),2025-07-09 13:02:00,0,10
2025-07-09,8,Court 4,Gate_8,Queue Ticket,General,0,UK,0,True,170.6,22.8,0.0,True,Warm (19–23°C),2025-07-09 11:43:00,81,10
2025-07-03,11,Centre Court,Gate_6,Centre Court,Premium,4,UK,0,True,74.8,20.3,0.0,False,Warm (19–23°C),2025-07-03 13:02:00,0,4
2025-07-11,10,Centre Court,Gate_2,Queue Ticket,General,0,UK,0,True,145.9,19.9,0.0,False,Warm (19–23°C),2025-07-11 13:13:00,0,12
2025-07-03,11,Centre Court,Gate_2,Grounds Pass,General,1,USA,1,False,105.6,20.3,0.0,False,Warm (19–23°C),2025-07-03 13:02:00,0,4
2025-07-03,9,Court 5,Gate_8,Grounds Pass,General,1,Other,1,False,74.8,17.0,0.0,False,Cool (15–19°C),2025-07-03 11:02:00,33,4
2025-07-13,11,Centre Court,Gate_8,Grounds Pass,General,1,UK,0,True,123.3,20.9,0.0,False,Warm (19–23°C),2025-07-13 13:07:00,0,14
2025-07-08,11,Centre Court,Gate_1,No.2 Court,Reserved,2,UK,0,True,64.7,12.1,0.0,False,Cold (<15°C),2025-07-08 13:00:00,0,9
2025-07-10,11,Court 5,Gate_8,Centre Court Debenture,Premium,5,UK,0,True,5.0,23.8,0.0,False,Hot (>23°C),2025-07-10 11:09:00,0,11
2025-07-08,10,Court 7,Gate_6,No.1 Court,Reserved,3,Canada,1,True,63.9,15.6,0.0,False,Cool (15–19°C),2025-07-08 11:32:00,0,9
2025-07-07,10,Court 4,Gate_7,Queue Ticket,General,0,UK,0,True,75.8,24.1,0.0,False,Hot (>23°C),2025-07-07 11:29:00,0,8
2025-07-03,10,Court 4,Gate_7,Centre Court,Premium,4,UK,0,True,83.6,19.8,0.0,False,Warm (19–23°C),2025-07-03 11:46:00,0,4
2025-07-11,11,Centre Court,Gate_6,Grounds Pass,General,1,UK,0,False,74.6,19.3,0.0,False,Warm (19–23°C),2025-07-11 13:13:00,0,12
2025-07-12,11,No.1 Court,Gate_1,No.2 Court,Reserved,2,UK,0,True,85.1,27.4,0.06,True,Hot (>23°C),2025-07-12 13:04:00,0,13
2025-07-08,11,Centre Court,Gate_1,Queue Ticket,General,0,UK,0,True,81.1,12.1,0.0,False,Cold (<15°C),2025-07-08 13:00:00,0,9
2025-07-11,11,No.1 Court,Gate_8,Queue Ticket,General,0,Spain,1,True,71.7,19.3,0.0,False,Warm (19–23°C),2025-07-11 13:01:00,0,12
2025-07-02,12,No.1 Court,Gate_4,Grounds Pass,General,1,France,1,False,40.0,27.1,0.0,False,Hot (>23°C),2025-07-02 13:07:00,0,3
2025-07-08,9,Court 18,Gate_8,Queue Ticket,General,0,UK,0,True,108.7,14.1,0.0,False,Cold (<15°C),2025-07-08 11:32:00,0,9
2025-07-13,9,Court 6,Gate_5,Grounds Pass,General,1,Germany,1,True,68.2,20.3,0.0,False,Warm (19–23°C),2025-07-13 11:00:00,0,14
2025-07-04,10,Court 4,Gate_5,Centre Court,Premium,4,UK,0,True,56.5,21.2,0.0,False,Warm (19–23°C),2025-07-04 11:51:00,105,5
2025-07-09,10,Court 6,Gate_5,Grounds Pass,General,1,Germany,1,False,72.2,22.9,0.0,True,Warm (19–23°C),2025-07-09 11:14:00,0,10
2025-07-06,9,Court 7,Gate_6,No.1 Court,Reserved,3,USA,1,True,78.9,11.9,0.0,False,Cold (<15°C),2025-07-06 11:12:00,0,7
2025-07-08,10,Court 4,Gate_3,No.1 Court,Reserved,3,UK,0,False,60.2,15.6,0.0,False,Cool (15–19°C),2025-07-08 11:29:00,0,9
2025-07-05,9,Court 6,Gate_6,Centre Court,Premium,4,UK,0,True,99.8,26.0,0.0,True,Hot (>23°C),2025-07-05 11:14:00,0,6
2025-07-10,10,Court 12,Gate_2,No.2 Court,Reserved,2,UK,0,True,42.4,24.9,0.0,False,Hot (>23°C),2025-07-10 11:01:00,0,11
2025-07-05,9,Court 7,Gate_7,Queue Ticket,General,0,UK,0,False,130.5,26.0,0.0,True,Hot (>23°C),2025-07-05 11:18:00,0,6
2025-07-12,9,No.2 Court,Gate_2,No.2 Court,Reserved,2,UK,0,False,150.4,25.3,0.0,True,Hot (>23°C),2025-07-12 12:03:00,49,13
2025-07-07,9,Court 5,Gate_4,Queue Ticket,General,0,UK,0,True,143.6,22.2,0.0,False,Warm (19–23°C),2025-07-07 11:39:00,34,8
2025-07-11,10,Court 5,Gate_8,No.2 Court,Reserved,2,Japan,1,True,86.3,19.9,0.0,False,Warm (19–23°C),2025-07-11 11:44:00,0,12
2025-07-12,9,No.3 Court,Gate_8,Grounds Pass,General,1,Spain,1,True,139.0,25.3,0.0,True,Hot (>23°C),2025-07-12 12:15:00,0,13
2025-07-07,10,No.2 Court,Gate_3,No.2 Court,Reserved,2,UK,0,False,90.3,24.1,0.0,False,Hot (>23°C),2025-07-07 12:17:00,95,8
2025-07-13,10,Court 6,Gate_2,Centre Court,Premium,4,Japan,1,False,42.1,19.2,0.0,False,Warm (19–23°C),2025-07-13 11:00:00,0,14
2025-07-06,10,No.2 Court,Gate_5,Grounds Pass,General,1,UK,0,True,113.5,15.5,0.0,False,Cool (15–19°C),2025-07-06 12:07:00,0,7
2025-07-05,9,Court 7,Gate_1,Centre Court,Premium,4,UK,0,False,81.1,26.0,0.0,True,Hot (>23°C),2025-07-05 11:18:00,0,6
2025-07-03,9,Court 6,Gate_1,Queue Ticket,General,0,UK,0,True,121.2,17.0,0.0,False,Cool (15–19°C),2025-07-03 11:26:00,0,4
2025-07-10,10,Court 4,Gate_7,No.2 Court,Reserved,2,France,1,True,20.0,24.9,0.0,False,Hot (>23°C),2025-07-10 11:02:00,0,11
2025-06-30,10,Court 8,Gate_8,Grounds Pass,General,1,Australia,1,True,89.5,17.2,0.0,False,Cool (15–19°C),2025-06-30 11:55:00,0,1
2025-07-13,11,No.1 Court,Gate_2,Centre Court,Premium,4,UK,0,False,77.8,20.9,0.0,False,Warm (19–23°C),2025-07-13 13:09:00,0,14
2025-06-30,9,Court 6,Gate_7,Centre Court,Premium,4,UK,0,False,79.7,18.3,0.0,False,Cool (15–19°C),2025-06-30 11:07:00,0,1
2025-07-01,11,Centre Court,Gate_5,No.2 Court,Reserved,2,Australia,1,False,124.4,20.6,0.76,True,Warm (19–23°C),2025-07-01 13:13:00,0,2
2025-07-06,9,Court 12,Gate_3,Queue Ticket,General,0,France,1,True,118.6,11.9,0.0,False,Cold (<15°C),2025-07-06 11:10:00,0,7
2025-07-01,9,No.3 Court,Gate_7,Queue Ticket,General,0,UK,0,True,166.1,18.5,0.0,True,Cool (15–19°C),2025-07-01 12:22:00,0,2
2025-07-03,9,Court 8,Gate_2,Queue Ticket,General,0,UK,0,False,95.4,17.0,0.0,False,Cool (15–19°C),2025-07-03 11:04:00,0,4
2025-07-07,10,Court 4,Gate_7,No.1 Court,Reserved,3,USA,1,False,82.0,24.1,0.0,False,Hot (>23°C),2025-07-07 11:29:00,0,8
2025-07-05,10,Court 18,Gate_5,No.2 Court,Reserved,2,UK,0,True,115.4,23.2,0.0,True,Hot (>23°C),2025-07-05 11:57:00,0,6
2025-07-01,10,Court 5,Gate_5,Centre Court,Premium,4,Spain,1,False,100.3,19.4,0.0,True,Warm (19–23°C),2025-07-01 11:53:00,0,2
2025-07-02,10,Court 7,Gate_2,No.2 Court,Reserved,2,Australia,1,True,65.6,27.9,0.0,False,Hot (>23°C),2025-07-02 11:18:00,0,3
2025-07-06,11,No.3 Court,Gate_5,No.2 Court,Reserved,2,Switzerland,1,True,57.1,14.2,0.0,False,Cold (<15°C),2025-07-06 12:21:00,0,7
2025-07-07,10,Court 8,Gate_3,Queue Ticket,General,0,UK,0,True,101.3,24.1,0.0,False,Hot (>23°C),2025-07-07 11:59:00,0,8
2025-07-07,10,Court 5,Gate_1,Grounds Pass,General,1,France,1,False,69.2,24.1,0.0,False,Hot (>23°C),2025-07-07 11:39:00,34,8
2025-07-11,10,Court 5,Gate_7,Grounds Pass,General,1,Switzerland,1,True,66.2,19.9,0.0,False,Warm (19–23°C),2025-07-11 11:44:00,0,12
2025-06-30,10,No.1 Court,Gate_8,Queue Ticket,General,0,UK,0,True,138.8,17.2,0.0,False,Cool (15–19°C),2025-06-30 13:11:00,0,1
2025-06-30,9,Court 5,Gate_5,Queue Ticket,General,0,UK,0,False,130.1,18.3,0.0,False,Cool (15–19°C),2025-06-30 11:30:00,0,1
2025-06-30,10,Centre Court,Gate_8,Grounds Pass,General,1,UK,0,False,123.7,17.2,0.0,False,Cool (15–19°C),2025-06-30 13:01:00,0,1
2025-07-04,11,Court 4,Gate_3,Centre Court Debenture,Premium,5,USA,1,False,30.3,20.4,0.0,False,Warm (19–23°C),2025-07-04 11:51:00,105,5
2025-06-30,11,Centre Court,Gate_8,No.1 Court,Reserved,3,UK,0,True,81.5,17.8,0.0,False,Cool (15–19°C),2025-06-30 13:01:00,0,1
2025-07-07,10,Court 12,Gate_7,Grounds Pass,General,1,UK,0,True,68.7,24.1,0.0,False,Hot (>23°C),2025-07-07 11:34:00,0,8
2025-07-10,9,Court 5,Gate_4,Grounds Pass,General,1,Germany,1,True,91.8,26.4,0.0,False,Hot (>23°C),2025-07-10 11:09:00,0,11
2025-07-13,10,Court 8,Gate_4,Queue Ticket,General,0,Japan,1,True,78.6,19.2,0.0,False,Warm (19–23°C),2025-07-13 11:44:00,0,14
2025-07-13,12,No.1 Court,Gate_5,No.2 Court,Reserved,2,Australia,1,True,26.8,18.2,0.0,False,Cool (15–19°C),2025-07-13 13:09:00,0,14
2025-07-04,10,Court 18,Gate_6,Grounds Pass,General,1,USA,1,True,40.6,21.2,0.0,False,Warm (19–23°C),2025-07-04 11:19:00,36,5
2025-07-05,10,Court 8,Gate_8,No.1 Court,Reserved,3,UK,0,True,60.3,23.2,0.0,True,Hot (>23°C),2025-07-05 11:57:00,28,6
2025-07-12,9,Court 6,Gate_7,Queue Ticket,General,0,UK,0,False,111.9,25.3,0.0,True,Hot (>23°C),2025-07-12 11:01:00,0,13
2025-07-02,11,No.1 Court,Gate_5,Grounds Pass,General,1,UK,0,True,102.3,26.8,0.0,False,Hot (>23°C),2025-07-02 13:07:00,0,3
2025-07-06,9,Court 18,Gate_2,Queue Ticket,General,0,UK,0,False,139.5,11.9,0.0,False,Cold (<15°C),2025-07-06 11:29:00,0,7
2025-07-05,10,Court 6,Gate_5,No.2 Court,Reserved,2,Australia,1,True,58.9,23.2,0.0,True,Hot (>23°C),2025-07-05 11:14:00,0,6
2025-07-09,8,Court 6,Gate_7,Grounds Pass,General,1,UK,0,True,143.7,22.8,0.0,True,Warm (19–23°C),2025-07-09 11:14:00,0,10
2025-07-05,11,Centre Court,Gate_1,Grounds Pass,General,1,UK,0,True,100.8,25.0,11.35,True,Hot (>23°C),2025-07-05 13:01:00,0,6
2025-07-10,10,No.3 Court,Gate_1,Queue Ticket,General,0,UK,0,True,98.5,24.9,0.0,False,Hot (>23°C),2025-07-10 12:15:00,0,11
2025-07-02,10,Court 5,Gate_3,Centre Court,Premium,4,USA,1,False,42.4,27.9,0.0,False,Hot (>23°C),2025-07-02 11:26:00,0,3
2025-07-09,10,No.3 Court,Gate_5,Grounds Pass,General,1,Spain,1,True,115.9,22.9,0.0,True,Warm (19–23°C),2025-07-09 12:21:00,0,10
2025-07-03,9,Court 5,Gate_4,No.2 Court,Reserved,2,USA,1,False,96.8,17.0,0.0,False,Cool (15–19°C),2025-07-03 11:02:00,33,4
2025-07-04,9,Court 7,Gate_1,Grounds Pass,General,1,UK,0,True,107.0,21.9,0.0,False,Warm (19–23°C),2025-07-04 11:39:00,0,5
2025-07-05,11,Centre Court,Gate_7,Queue Ticket,General,0,Germany,1,False,109.7,25.0,11.35,True,Hot (>23°C),2025-07-05 13:01:00,0,6
2025-07-01,9,Court 5,Gate_7,Centre Court,Premium,4,UK,0,False,114.8,18.5,0.0,True,Cool (15–19°C),2025-07-01 11:53:00,0,2
2025-07-09,10,No.3 Court,Gate_3,Queue Ticket,General,0,UK,0,True,140.3,22.9,0.0,True,Warm (19–23°C),2025-07-09 12:21:00,0,10
2025-07-01,9,Court 12,Gate_4,No.2 Court,Reserved,2,UK,0,True,109.1,18.5,0.0,True,Cool (15–19°C),2025-07-01 11:21:00,0,2
2025-07-12,10,Court 4,Gate_5,Grounds Pass,General,1,USA,1,True,99.0,27.2,0.0,True,Hot (>23°C),2025-07-12 11:45:00,0,13
2025-07-01,11,Centre Court,Gate_1,Queue Ticket,General,0,UK,0,True,129.4,20.6,0.76,True,Warm (19–23°C),2025-07-01 13:13:00,0,2
2025-07-11,10,No.2 Court,Gate_7,No.1 Court,Reserved,3,UK,0,False,77.5,19.9,0.0,False,Warm (19–23°C),2025-07-11 12:00:00,0,12
2025-07-11,11,No.1 Court,Gate_4,Grounds Pass,General,1,France,1,False,61.9,19.3,0.0,False,Warm (19–23°C),2025-07-11 13:01:00,0,12
2025-07-13,9,Court 5,Gate_2,Queue Ticket,General,0,UK,0,False,99.4,20.3,0.0,False,Warm (19–23°C),2025-07-13 11:08:00,0,14
2025-07-02,10,Court 5,Gate_8,Centre Court,Premium,4,UK,0,True,55.8,27.9,0.0,False,Hot (>23°C),2025-07-02 11:26:00,0,3
2025-07-09,8,Court 6,Gate_1,No.1 Court,Reserved,3,UK,0,False,144.7,22.8,0.0,True,Warm (19–23°C),2025-07-09 11:14:00,0,10
2025-07-13,11,No.2 Court,Gate_6,Centre Court,Premium,4,USA,1,True,50.6,20.9,0.0,False,Warm (19–23°C),2025-07-13 12:28:00,112,14
2025-07-11,10,No.2 Court,Gate_6,Queue Ticket,General,0,Switzerland,1,True,68.8,19.9,0.0,False,Warm (19–23°C),2025-07-11 12:00:00,0,12
2025-07-13,9,Court 4,Gate_3,Queue Ticket,General,0,Canada,1,False,98.8,20.3,0.0,False,Warm (19–23°C),2025-07-13 11:33:00,92,14
2025-07-11,10,Court 5,Gate_1,Queue Ticket,General,0,UK,0,False,97.1,19.9,0.0,False,Warm (19–23°C),2025-07-11 11:44:00,0,12
2025-07-09,9,Court 4,Gate_7,Queue Ticket,General,0,Canada,1,True,145.4,23.5,0.0,True,Hot (>23°C),2025-07-09 11:43:00,81,10
2025-07-07,10,Court 8,Gate_2,Queue Ticket,General,0,UK,0,True,110.6,24.1,0.0,False,Hot (>23°C),2025-07-07 11:59:00,0,8
2025-07-01,10,No.1 Court,Gate_6,Queue Ticket,General,0,UK,0,True,167.6,19.4,0.0,True,Warm (19–23°C),2025-07-01 13:00:00,0,2
2025-07-13,10,Court 18,Gate_1,No.1 Court,Reserved,3,UK,0,False,77.4,19.2,0.0,False,Warm (19–23°C),2025-07-13 11:50:00,21,14
2025-07-09,10,No.3 Court,Gate_6,Queue Ticket,General,0,UK,0,False,120.9,22.9,0.0,True,Warm (19–23°C),2025-07-09 12:21:00,0,10
2025-07-06,10,Court 4,Gate_4,Queue Ticket,General,0,UK,0,False,52.4,15.5,0.0,False,Cool (15–19°C),2025-07-06 11:04:00,0,7
2025-07-07,11,Court 4,Gate_8,Centre Court Debenture,Premium,5,Other,1,False,26.2,21.4,0.0,False,Warm (19–23°C),2025-07-07 11:29:00,0,8
2025-07-06,11,Centre Court,Gate_4,Grounds Pass,General,1,UK,0,True,98.4,14.2,0.0,False,Cold (<15°C),2025-07-06 13:06:00,0,7
2025-07-05,10,Court 7,Gate_5,Centre Court,Premium,4,Japan,1,False,46.4,23.2,0.0,True,Hot (>23°C),2025-07-05 11:18:00,0,6
2025-07-04,12,Centre Court,Gate_5,Grounds Pass,General,1,Spain,1,True,58.1,21.9,0.0,False,Warm (19–23°C),2025-07-04 13:08:00,0,5
2025-07-10,10,No.2 Court,Gate_8,No.2 Court,Reserved,2,France,1,True,104.5,24.9,0.0,False,Hot (>23°C),2025-07-10 12:07:00,0,11
2025-07-13,10,Court 18,Gate_2,No.1 Court,Reserved,3,UK,0,False,66.5,19.2,0.0,False,Warm (19–23°C),2025-07-13 11:50:00,21,14
2025-07-03,10,Court 4,Gate_5,Queue Ticket,General,0,Other,1,True,70.5,19.8,0.0,False,Warm (19–23°C),2025-07-03 11:46:00,0,4
2025-07-02,12,No.1 Court,Gate_1,No.1 Court,Reserved,3,UK,0,False,64.4,27.1,0.0,False,Hot (>23°C),2025-07-02 13:07:00,0,3
2025-07-12,8,Court 12,Gate_2,Queue Ticket,General,0,USA,1,True,124.2,24.7,0.0,True,Hot (>23°C),2025-07-12 11:04:00,0,13
2025-07-03,10,Court 6,Gate_8,Centre Court Debenture,Premium,5,UK,0,False,73.3,19.8,0.0,False,Warm (19–23°C),2025-07-03 11:26:00,0,4
2025-07-09,11,Centre Court,Gate_1,Grounds Pass,General,1,USA,1,True,81.1,23.2,0.8,True,Hot (>23°C),2025-07-09 13:02:00,0,10
2025-06-30,11,Centre Court,Gate_8,Grounds Pass,General,1,Canada,1,False,102.6,17.8,0.0,False,Cool (15–19°C),2025-06-30 13:01:00,0,1
2025-07-08,10,No.2 Court,Gate_4,Queue Ticket,General,0,UK,0,False,132.4,15.6,0.0,False,Cool (15–19°C),2025-07-08 12:23:00,0,9
2025-07-13,11,No.1 Court,Gate_3,No.2 Court,Reserved,2,UK,0,True,82.5,20.9,0.0,False,Warm (19–23°C),2025-07-13 13:09:00,0,14
2025-07-09,10,Centre Court,Gate_5,Queue Ticket,General,0,Switzerland,1,True,131.3,22.9,0.0,True,Warm (19–23°C),2025-07-09 13:02:00,0,10
2025-07-01,10,Court 7,Gate_6,No.1 Court,Reserved,3,Australia,1,True,82.0,19.4,0.0,True,Warm (19–23°C),2025-07-01 11:32:00,0,2
2025-07-06,11,No.3 Court,Gate_2,No.2 Court,Reserved,2,France,1,False,56.2,14.2,0.0,False,Cold (<15°C),2025-07-06 12:21:00,0,7
2025-07-03,11,No.1 Court,Gate_4,Grounds Pass,General,1,Germany,1,False,94.3,20.3,0.0,False,Warm (19–23°C),2025-07-03 13:11:00,0,4
2025-07-09,10,Court 12,Gate_6,Centre Court Debenture,Premium,5,UK,0,True,93.4,22.9,0.0,True,Warm (19–23°C),2025-07-09 11:49:00,0,10
2025-07-01,10,No.3 Court,Gate_7,Queue Ticket,General,0,Germany,1,True,95.6,19.4,0.0,True,Warm (19–23°C),2025-07-01 12:22:00,0,2
2025-07-13,11,No.2 Court,Gate_4,No.2 Court,Reserved,2,Australia,1,True,49.0,20.9,0.0,False,Warm (19–23°C),2025-07-13 12:28:00,112,14
2025-07-12,10,Court 5,Gate_2,No.2 Court,Reserved,2,Other,1,True,91.8,27.2,0.0,True,Hot (>23°C),2025-07-12 11:34:00,0,13
2025-07-02,10,Court 4,Gate_2,Queue Ticket,General,0,UK,0,False,102.9,27.9,0.0,False,Hot (>23°C),2025-07-02 11:56:00,0,3
2025-06-30,11,Court 4,Gate_8,No.1 Court,Reserved,3,France,1,True,51.6,17.8,0.0,False,Cool (15–19°C),2025-06-30 11:58:00,0,1
2025-07-13,10,Court 5,Gate_7,No.1 Court,Reserved,3,Other,1,True,31.4,19.2,0.0,False,Warm (19–23°C),2025-07-13 11:08:00,0,14
2025-07-12,11,Centre Court,Gate_5,Grounds Pass,General,1,UK,0,True,108.1,27.4,0.06,True,Hot (>23°C),2025-07-12 13:00:00,0,13
2025-07-13,9,Court 4,Gate_2,Grounds Pass,General,1,Spain,1,False,96.8,20.3,0.0,False,Warm (19–23°C),2025-07-13 11:33:00,92,14
2025-07-01,11,Centre Court,Gate_2,Queue Ticket,General,0,UK,0,True,116.3,20.6,0.76,True,Warm (19–23°C),2025-07-01 13:13:00,0,2
2025-07-06,10,Court 7,Gate_2,No.2 Court,Reserved,2,USA,1,True,64.9,15.5,0.0,False,Cool (15–19°C),2025-07-06 11:12:00,0,7
2025-07-05,9,Court 5,Gate_8,Grounds Pass,General,1,USA,1,False,101.8,26.0,0.0,True,Hot (>23°C),2025-07-05 11:41:00,0,6
2025-07-05,11,Centre Court,Gate_7,No.2 Court,Reserved,2,Japan,1,True,100.9,25.0,11.35,True,Hot (>23°C),2025-07-05 13:01:00,0,6
2025-07-06,10,Court 4,Gate_3,Centre Court Debenture,Premium,5,Japan,1,False,53.4,15.5,0.0,False,Cool (15–19°C),2025-07-06 11:04:00,0,7
2025-07-07,9,Court 6,Gate_2,Centre Court Debenture,Premium,5,Australia,1,True,73.1,22.2,0.0,False,Warm (19–23°C),2025-07-07 11:10:00,0,8
2025-07-02,10,Court 12,Gate_1,Centre Court,Premium,4,USA,1,True,49.0,27.9,0.0,False,Hot (>23°C),2025-07-02 11:23:00,0,3
2025-07-10,9,Court 18,Gate_5,Grounds Pass,General,1,France,1,False,107.5,26.4,0.0,False,Hot (>23°C),2025-07-10 11:46:00,0,11
2025-07-05,10,Court 5,Gate_7,Grounds Pass,General,1,Other,1,True,99.7,23.2,0.0,True,Hot (>23°C),2025-07-05 11:41:00,0,6
2025-07-11,10,No.2 Court,Gate_8,Grounds Pass,General,1,USA,1,True,90.2,19.9,0.0,False,Warm (19–23°C),2025-07-11 12:00:00,0,12
2025-07-01,10,Court 12,Gate_1,No.2 Court,Reserved,2,Spain,1,True,77.0,19.4,0.0,True,Warm (19–23°C),2025-07-01 11:21:00,0,2
2025-07-04,11,No.2 Court,Gate_3,No.1 Court,Reserved,3,Spain,1,False,15.8,20.4,0.0,False,Warm (19–23°C),2025-07-04 12:13:00,0,5
2025-07-06,9,Court 18,Gate_3,Centre Court,Premium,4,Germany,1,True,93.0,11.9,0.0,False,Cold (<15°C),2025-07-06 11:29:00,0,7
2025-07-11,10,Court 5,Gate_5,No.2 Court,Reserved,2,UK,0,False,83.6,19.9,0.0,False,Warm (19–23°C),2025-07-11 11:44:00,0,12
2025-07-03,10,Court 6,Gate_8,Queue Ticket,General,0,USA,1,True,86.0,19.8,0.0,False,Warm (19–23°C),2025-07-03 11:26:00,0,4
2025-07-11,10,Court 4,Gate_1,No.2 Court,Reserved,2,Australia,1,True,61.3,19.9,0.0,False,Warm (19–23°C),2025-07-11 11:49:00,0,12
2025-07-09,10,Court 12,Gate_8,Centre Court,Premium,4,France,1,True,87.5,22.9,0.0,True,Warm (19–23°C),2025-07-09 11:49:00,0,10
2025-07-12,9,Court 8,Gate_7,Grounds Pass,General,1,UK,0,False,91.9,25.3,0.0,True,Hot (>23°C),2025-07-12 11:07:00,0,13
2025-06-30,11,Court 4,Gate_4,Centre Court,Premium,4,Germany,1,True,36.8,17.8,0.0,False,Cool (15–19°C),2025-06-30 11:58:00,0,1
2025-07-04,11,No.2 Court,Gate_6,No.1 Court,Reserved,3,USA,1,False,44.8,20.4,0.0,False,Warm (19–23°C),2025-07-04 12:13:00,0,5
2025-07-07,11,No.3 Court,Gate_3,Queue Ticket,General,0,UK,0,True,71.9,21.4,0.0,False,Warm (19–23°C),2025-07-07 12:12:00,37,8
2025-07-03,11,No.2 Court,Gate_1,No.2 Court,Reserved,2,USA,1,True,36.5,20.3,0.0,False,Warm (19–23°C),2025-07-03 12:23:00,0,4
2025-07-12,9,Court 5,Gate_1,Queue Ticket,General,0,UK,0,True,147.9,25.3,0.0,True,Hot (>23°C),2025-07-12 11:34:00,0,13
2025-07-13,10,Court 4,Gate_6,No.1 Court,Reserved,3,UK,0,True,69.0,19.2,0.0,False,Warm (19–23°C),2025-07-13 11:33:00,92,14
2025-07-06,12,Centre Court,Gate_5,Grounds Pass,General,1,UK,0,True,53.2,14.8,0.0,False,Cold (<15°C),2025-07-06 13:06:00,0,7
2025-07-12,9,Court 8,Gate_3,No.2 Court,Reserved,2,UK,0,True,80.5,25.3,0.0,True,Hot (>23°C),2025-07-12 11:07:00,0,13
2025-07-05,9,Court 5,Gate_6,Grounds Pass,General,1,UK,0,False,131.4,26.0,0.0,True,Hot (>23°C),2025-07-05 11:41:00,0,6
2025-06-30,11,Court 4,Gate_8,No.1 Court,Reserved,3,USA,1,False,5.0,17.8,0.0,False,Cool (15–19°C),2025-06-30 11:58:00,0,1
2025-07-09,11,No.1 Court,Gate_3,No.2 Court,Reserved,2,UK,0,True,78.4,23.2,0.8,True,Hot (>23°C),2025-07-09 13:09:00,0,10
2025-07-09,10,No.1 Court,Gate_4,Queue Ticket,General,0,Other,1,True,129.2,22.9,0.0,True,Warm (19–23°C),2025-07-09 13:09:00,0,10
2025-07-08,9,Court 6,Gate_7,No.2 Court,Reserved,2,UK,0,False,117.1,14.1,0.0,False,Cold (<15°C),2025-07-08 11:28:00,0,9
2025-07-01,10,No.1 Court,Gate_4,Queue Ticket,General,0,UK,0,False,132.3,19.4,0.0,True,Warm (19–23°C),2025-07-01 13:00:00,0,2
2025-07-11,10,No.2 Court,Gate_8,Grounds Pass,General,1,Germany,1,True,99.3,19.9,0.0,False,Warm (19–23°C),2025-07-11 12:00:00,0,12
2025-07-12,9,Court 6,Gate_2,Grounds Pass,General,1,Japan,1,True,93.9,25.3,0.0,True,Hot (>23°C),2025-07-12 11:01:00,0,13
2025-07-07,11,Centre Court,Gate_3,Queue Ticket,General,0,UK,0,False,75.2,21.4,0.0,False,Warm (19–23°C),2025-07-07 13:10:00,0,8
2025-07-12,11,Centre Court,Gate_8,No.2 Court,Reserved,2,Australia,1,True,69.0,27.4,0.06,True,Hot (>23°C),2025-07-12 13:00:00,0,13
2025-07-01,9,Court 7,Gate_8,Queue Ticket,General,0,Germany,1,True,145.1,18.5,0.0,True,Cool (15–19°C),2025-07-01 11:32:00,0,2
2025-07-07,10,Court 5,Gate_5,Grounds Pass,General,1,UK,0,False,93.1,24.1,0.0,False,Hot (>23°C),2025-07-07 11:39:00,34,8
2025-07-12,10,No.3 Court,Gate_1,Grounds Pass,General,1,Canada,1,False,119.3,27.2,0.0,True,Hot (>23°C),2025-07-12 12:15:00,0,13
2025-07-06,11,No.1 Court,Gate_6,Grounds Pass,General,1,Switzerland,1,False,98.2,14.2,0.0,False,Cold (<15°C),2025-07-06 13:03:00,0,7
2025-07-06,9,Court 5,Gate_1,Grounds Pass,General,1,UK,0,True,119.8,11.9,0.0,False,Cold (<15°C),2025-07-06 11:05:00,0,7
2025-07-07,12,Centre Court,Gate_1,No.2 Court,Reserved,2,UK,0,True,62.2,21.4,0.0,False,Warm (19–23°C),2025-07-07 13:10:00,0,8
2025-07-04,10,Court 4,Gate_4,No.2 Court,Reserved,2,USA,1,True,88.3,21.2,0.0,False,Warm (19–23°C),2025-07-04 11:51:00,105,5
2025-07-13,10,No.2 Court,Gate_6,Grounds Pass,General,1,Spain,1,False,89.9,19.2,0.0,False,Warm (19–23°C),2025-07-13 12:28:00,112,14
2025-07-06,9,Court 8,Gate_5,No.2 Court,Reserved,2,France,1,False,112.4,11.9,0.0,False,Cold (<15°C),2025-07-06 11:32:00,0,7
2025-07-10,12,Centre Court,Gate_5,Grounds Pass,General,1,UK,0,False,57.0,24.1,0.0,False,Hot (>23°C),2025-07-10 13:14:00,0,11
2025-07-07,11,No.2 Court,Gate_7,Grounds Pass,General,1,UK,0,True,76.1,21.4,0.0,False,Warm (19–23°C),2025-07-07 12:17:00,95,8
2025-07-02,9,Court 12,Gate_6,Grounds Pass,General,1,UK,0,False,100.8,25.2,0.0,False,Hot (>23°C),2025-07-02 11:23:00,0,3
2025-07-13,10,No.2 Court,Gate_1,Grounds Pass,General,1,UK,0,True,140.6,19.2,0.0,False,Warm (19–23°C),2025-07-13 12:28:00,112,14
2025-07-11,11,No.1 Court,Gate_5,No.1 Court,Reserved,3,Germany,1,True,80.1,19.3,0.0,False,Warm (19–23°C),2025-07-11 13:01:00,0,12
2025-07-10,11,No.3 Court,Gate_7,Grounds Pass,General,1,USA,1,True,21.2,23.8,0.0,False,Hot (>23°C),2025-07-10 12:15:00,0,11
2025-07-10,9,Court 7,Gate_6,Grounds Pass,General,1,UK,0,False,124.8,26.4,0.0,False,Hot (>23°C),2025-07-10 11:13:00,0,11
2025-07-01,9,No.3 Court,Gate_3,Queue Ticket,General,0,UK,0,True,150.4,18.5,0.0,True,Cool (15–19°C),2025-07-01 12:22:00,0,2
2025-07-13,10,Court 4,Gate_8,Grounds Pass,General,1,UK,0,False,81.5,19.2,0.0,False,Warm (19–23°C),2025-07-13 11:33:00,92,14
2025-07-03,9,Court 4,Gate_4,No.2 Court,Reserved,2,Other,1,True,108.5,17.0,0.0,False,Cool (15–19°C),2025-07-03 11:46:00,0,4
2025-07-06,9,No.2 Court,Gate_3,Queue Ticket,General,0,UK,0,False,141.1,11.9,0.0,False,Cold (<15°C),2025-07-06 12:07:00,0,7
2025-07-01,10,No.2 Court,Gate_6,Grounds Pass,General,1,UK,0,True,113.0,19.4,0.0,True,Warm (19–23°C),2025-07-01 12:04:00,0,2
2025-07-04,12,Centre Court,Gate_8,No.2 Court,Reserved,2,Other,1,False,62.5,21.9,0.0,False,Warm (19–23°C),2025-07-04 13:08:00,0,5
2025-07-08,10,Court 5,Gate_1,No.1 Court,Reserved,3,France,1,True,43.2,15.6,0.0,False,Cool (15–19°C),2025-07-08 11:32:00,0,9
2025-07-01,10,Court 5,Gate_6,No.1 Court,Reserved,3,USA,1,True,95.1,19.4,0.0,True,Warm (19–23°C),2025-07-01 11:53:00,0,2
2025-07-11,11,Centre Court,Gate_4,No.2 Court,Reserved,2,UK,0,False,79.0,19.3,0.0,False,Warm (19–23°C),2025-07-11 13:13:00,0,12
2025-07-11,10,Court 4,Gate_1,Grounds Pass,General,1,UK,0,True,78.7,19.9,0.0,False,Warm (19–23°C),2025-07-11 11:49:00,0,12
2025-07-01,9,Court 12,Gate_8,Grounds Pass,General,1,Switzerland,1,False,113.4,18.5,0.0,True,Cool (15–19°C),2025-07-01 11:21:00,0,2
2025-07-03,11,No.2 Court,Gate_1,Centre Court,Premium,4,UK,0,True,61.8,20.3,0.0,False,Warm (19–23°C),2025-07-03 12:23:00,0,4
2025-07-08,9,Court 4,Gate_6,Centre Court,Premium,4,UK,0,True,96.8,14.1,0.0,False,Cold (<15°C),2025-07-08 11:29:00,0,9
2025-07-10,10,No.2 Court,Gate_8,Queue Ticket,General,0,UK,0,True,71.5,24.9,0.0,False,Hot (>23°C),2025-07-10 12:07:00,0,11
2025-07-02,10,Court 5,Gate_5,No.2 Court,Reserved,2,UK,0,False,66.5,27.9,0.0,False,Hot (>23°C),2025-07-02 11:26:00,0,3
2025-07-11,9,Court 6,Gate_2,No.1 Court,Reserved,3,UK,0,True,102.1,19.8,0.0,False,Warm (19–23°C),2025-07-11 11:10:00,0,12
2025-07-13,9,Court 6,Gate_2,Queue Ticket,General,0,UK,0,True,119.1,20.3,0.0,False,Warm (19–23°C),2025-07-13 11:00:00,0,14
2025-07-12,10,No.3 Court,Gate_7,Grounds Pass,General,1,Japan,1,False,95.3,27.2,0.0,True,Hot (>23°C),2025-07-12 12:15:00,0,13
2025-07-08,10,Court 5,Gate_7,Grounds Pass,General,1,UK,0,True,75.6,15.6,0.0,False,Cool (15–19°C),2025-07-08 11:32:00,0,9
2025-07-03,9,Court 7,Gate_3,No.1 Court,Reserved,3,UK,0,False,103.3,17.0,0.0,False,Cool (15–19°C),2025-07-03 11:40:00,0,4
2025-07-11,10,No.3 Court,Gate_2,Queue Ticket,General,0,UK,0,False,101.2,19.9,0.0,False,Warm (19–23°C),2025-07-11 12:28:00,26,12
2025-07-10,11,Court 6,Gate_4,Grounds Pass,General,1,France,1,True,13.0,23.8,0.0,False,Hot (>23°C),2025-07-10 11:53:00,0,11
2025-07-10,10,Court 18,Gate_7,No.2 Court,Reserved,2,UK,0,False,57.1,24.9,0.0,False,Hot (>23°C),2025-07-10 11:46:00,0,11
2025-07-11,9,Court 8,Gate_4,Grounds Pass,General,1,UK,0,True,80.8,19.8,0.0,False,Warm (19–23°C),2025-07-11 11:11:00,0,12
2025-06-30,10,No.2 Court,Gate_3,Grounds Pass,General,1,UK,0,True,114.9,17.2,0.0,False,Cool (15–19°C),2025-06-30 12:02:00,89,1
2025-07-06,10,No.2 Court,Gate_3,Grounds Pass,General,1,USA,1,True,92.1,15.5,0.0,False,Cool (15–19°C),2025-07-06 12:07:00,0,7
2025-07-11,11,No.1 Court,Gate_6,No.1 Court,Reserved,3,UK,0,True,64.5,19.3,0.0,False,Warm (19–23°C),2025-07-11 13:01:00,0,12
2025-07-10,11,Court 6,Gate_4,Centre Court,Premium,4,Australia,1,False,25.9,23.8,0.0,False,Hot (>23°C),2025-07-10 11:53:00,0,11
2025-07-08,10,Court 12,Gate_5,Centre Court,Premium,4,UK,0,True,88.3,15.6,0.0,False,Cool (15–19°C),2025-07-08 11:49:00,0,9
2025-07-12,11,Centre Court,Gate_1,Queue Ticket,General,0,Spain,1,True,114.7,27.4,0.06,True,Hot (>23°C),2025-07-12 13:00:00,0,13
2025-07-13,9,Court 5,Gate_4,Grounds Pass,General,1,UK,0,True,76.4,20.3,0.0,False,Warm (19–23°C),2025-07-13 11:08:00,0,14
2025-07-05,9,Court 6,Gate_8,Queue Ticket,General,0,USA,1,True,93.8,26.0,0.0,True,Hot (>23°C),2025-07-05 11:14:00,0,6
2025-07-05,9,Court 7,Gate_8,Queue Ticket,General,0,UK,0,False,111.1,26.0,0.0,True,Hot (>23°C),2025-07-05 11:18:00,0,6
2025-07-07,11,No.3 Court,Gate_4,Grounds Pass,General,1,USA,1,True,62.5,21.4,0.0,False,Warm (19–23°C),2025-07-07 12:12:00,37,8
2025-07-07,10,Court 12,Gate_6,No.2 Court,Reserved,2,UK,0,True,74.6,24.1,0.0,False,Hot (>23°C),2025-07-07 11:34:00,0,8
2025-07-11,11,Centre Court,Gate_7,No.2 Court,Reserved,2,Canada,1,False,101.8,19.3,0.0,False,Warm (19–23°C),2025-07-11 13:13:00,0,12
2025-07-07,9,Court 4,Gate_3,No.2 Court,Reserved,2,UK,0,True,100.6,22.2,0.0,False,Warm (19–23°C),2025-07-07 11:29:00,0,8
2025-07-11,10,No.3 Court,Gate_7,Grounds Pass,General,1,UK,0,True,89.5,19.9,0.0,False,Warm (19–23°C),2025-07-11 12:28:00,26,12
2025-07-02,10,No.3 Court,Gate_8,Grounds Pass,General,1,UK,0,False,83.1,27.9,0.0,False,Hot (>23°C),2025-07-02 12:14:00,0,3
2025-07-13,10,Court 18,Gate_4,No.1 Court,Reserved,3,UK,0,True,84.2,19.2,0.0,False,Warm (19–23°C),2025-07-13 11:50:00,21,14
2025-07-05,10,Court 5,Gate_1,No.2 Court,Reserved,2,UK,0,True,100.7,23.2,0.0,True,Hot (>23°C),2025-07-05 11:41:00,0,6
2025-07-03,11,No.1 Court,Gate_4,Grounds Pass,General,1,Other,1,True,76.5,20.3,0.0,False,Warm (19–23°C),2025-07-03 13:11:00,0,4
2025-07-07,11,Centre Court,Gate_7,Queue Ticket,General,0,UK,0,False,119.5,21.4,0.0,False,Warm (19–23°C),2025-07-07 13:10:00,0,8
2025-07-06,12,No.1 Court,Gate_8,Grounds Pass,General,1,USA,1,True,58.7,14.8,0.0,False,Cold (<15°C),2025-07-06 13:03:00,0,7
2025-07-09,9,No.3 Court,Gate_8,Queue Ticket,General,0,UK,0,False,194.9,23.5,0.0,True,Hot (>23°C),2025-07-09 12:21:00,0,10
2025-07-10,11,No.2 Court,Gate_7,Centre Court,Premium,4,UK,0,True,65.7,23.8,0.0,False,Hot (>23°C),2025-07-10 12:07:00,0,11
2025-07-11,12,Centre Court,Gate_7,Centre Court Debenture,Premium,5,Spain,1,False,35.1,19.8,0.0,False,Warm (19–23°C),2025-07-11 13:13:00,0,12
2025-06-30,11,No.3 Court,Gate_8,Grounds Pass,General,1,France,1,False,46.7,17.8,0.0,False,Cool (15–19°C),2025-06-30 12:15:00,0,1
2025-07-04,10,No.3 Court,Gate_3,Queue Ticket,General,0,UK,0,True,101.5,21.2,0.0,False,Warm (19–23°C),2025-07-04 12:29:00,0,5
2025-07-03,9,Court 5,Gate_5,Queue Ticket,General,0,UK,0,True,93.3,17.0,0.0,False,Cool (15–19°C),2025-07-03 11:02:00,33,4
2025-06-30,11,Court 8,Gate_4,No.1 Court,Reserved,3,Canada,1,True,51.8,17.8,0.0,False,Cool (15–19°C),2025-06-30 11:55:00,0,1
2025-07-02,9,Court 6,Gate_6,Grounds Pass,General,1,UK,0,False,117.9,25.2,0.0,False,Hot (>23°C),2025-07-02 11:05:00,0,3
2025-07-12,11,No.1 Court,Gate_4,Grounds Pass,General,1,Japan,1,False,96.8,27.4,0.06,True,Hot (>23°C),2025-07-12 13:04:00,0,13
2025-07-11,11,No.1 Court,Gate_2,Grounds Pass,General,1,USA,1,True,73.6,19.3,0.0,False,Warm (19–23°C),2025-07-11 13:01:00,0,12
2025-07-12,9,Court 12,Gate_6,Queue Ticket,General,0,Germany,1,False,119.5,25.3,0.0,True,Hot (>23°C),2025-07-12 11:04:00,0,13
2025-07-13,12,No.1 Court,Gate_5,Centre Court,Premium,4,USA,1,True,46.2,18.2,0.0,False,Cool (15–19°C),2025-07-13 13:09:00,0,14
2025-07-07,11,No.1 Court,Gate_1,Centre Court,Premium,4,UK,0,False,65.9,21.4,0.0,False,Warm (19–23°C),2025-07-07 13:02:00,0,8
2025-07-04,12,No.1 Court,Gate_6,Queue Ticket,General,0,Spain,1,True,63.7,21.9,0.0,False,Warm (19–23°C),2025-07-04 13:05:00,0,5
2025-07-05,10,Court 7,Gate_2,No.1 Court,Reserved,3,USA,1,True,77.3,23.2,0.0,True,Hot (>23°C),2025-07-05 11:18:00,0,6
2025-07-06,8,Court 5,Gate_7,Queue Ticket,General,0,UK,0,True,133.2,14.5,0.0,False,Cold (<15°C),2025-07-06 11:05:00,0,7
2025-07-03,11,No.3 Court,Gate_6,Centre Court,Premium,4,USA,1,True,55.0,20.3,0.0,False,Warm (19–23°C),2025-07-03 12:08:00,0,4
2025-07-13,10,Court 4,Gate_3,Centre Court Debenture,Premium,5,UK,0,False,60.3,19.2,0.0,False,Warm (19–23°C),2025-07-13 11:33:00,92,14
2025-07-05,9,Court 6,Gate_4,Grounds Pass,General,1,UK,0,True,125.4,26.0,0.0,True,Hot (>23°C),2025-07-05 11:14:00,0,6
2025-07-10,12,No.1 Court,Gate_7,No.1 Court,Reserved,3,USA,1,True,50.7,24.1,0.0,False,Hot (>23°C),2025-07-10 13:13:00,0,11
2025-07-12,9,Court 12,Gate_3,No.1 Court,Reserved,3,UK,0,True,115.2,25.3,0.0,True,Hot (>23°C),2025-07-12 11:04:00,0,13
2025-07-04,11,No.3 Court,Gate_6,No.1 Court,Reserved,3,UK,0,False,67.8,20.4,0.0,False,Warm (19–23°C),2025-07-04 12:29:00,0,5
2025-07-12,10,No.2 Court,Gate_3,Queue Ticket,General,0,Japan,1,True,82.3,27.2,0.0,True,Hot (>23°C),2025-07-12 12:03:00,49,13
2025-07-13,11,Centre Court,Gate_1,Queue Ticket,General,0,Australia,1,True,97.1,20.9,0.0,False,Warm (19–23°C),2025-07-13 13:07:00,0,14
2025-07-10,11,Court 5,Gate_7,No.1 Court,Reserved,3,UK,0,True,5.0,23.8,0.0,False,Hot (>23°C),2025-07-10 11:09:00,0,11
2025-07-04,11,No.3 Court,Gate_4,Grounds Pass,General,1,UK,0,False,75.1,20.4,0.0,False,Warm (19–23°C),2025-07-04 12:29:00,0,5
2025-07-12,10,No.3 Court,Gate_2,Grounds Pass,General,1,UK,0,True,93.8,27.2,0.0,True,Hot (>23°C),2025-07-12 12:15:00,0,13
2025-07-09,10,No.3 Court,Gate_5,Grounds Pass,General,1,Australia,1,True,122.0,22.9,0.0,True,Warm (19–23°C),2025-07-09 12:21:00,0,10
2025-07-04,10,Court 4,Gate_8,No.2 Court,Reserved,2,France,1,False,66.8,21.2,0.0,False,Warm (19–23°C),2025-07-04 11:51:00,105,5
2025-07-05,11,Centre Court,Gate_2,Centre Court Debenture,Premium,5,UK,0,True,98.3,25.0,11.35,True,Hot (>23°C),2025-07-05 13:01:00,0,6
2025-07-12,9,No.2 Court,Gate_6,Queue Ticket,General,0,USA,1,True,150.2,25.3,0.0,True,Hot (>23°C),2025-07-12 12:03:00,49,13
2025-06-30,11,Court 5,Gate_2,Centre Court Debenture,Premium,5,Germany,1,False,27.1,17.8,0.0,False,Cool (15–19°C),2025-06-30 11:30:00,0,1
2025-07-05,11,Centre Court,Gate_6,Queue Ticket,General,0,UK,0,True,117.1,25.0,11.35,True,Hot (>23°C),2025-07-05 13:01:00,0,6
2025-07-04,11,No.1 Court,Gate_5,Grounds Pass,General,1,UK,0,True,80.8,20.4,0.0,False,Warm (19–23°C),2025-07-04 13:05:00,0,5
2025-07-03,10,Court 6,Gate_8,Grounds Pass,General,1,Canada,1,True,70.3,19.8,0.0,False,Warm (19–23°C),2025-07-03 11:26:00,0,4
2025-07-03,9,Court 18,Gate_3,No.2 Court,Reserved,2,USA,1,False,65.4,17.0,0.0,False,Cool (15–19°C),2025-07-03 11:05:00,0,4
2025-07-02,12,Centre Court,Gate_1,Centre Court Debenture,Premium,5,France,1,False,5.0,27.1,0.0,False,Hot (>23°C),2025-07-02 13:01:00,0,3
2025-07-10,11,No.2 Court,Gate_1,Grounds Pass,General,1,Other,1,False,50.1,23.8,0.0,False,Hot (>23°C),2025-07-10 12:07:00,0,11
2025-07-06,10,Court 8,Gate_7,No.1 Court,Reserved,3,UK,0,True,61.9,15.5,0.0,False,Cool (15–19°C),2025-07-06 11:32:00,0,7
2025-07-02,10,Court 12,Gate_4,Grounds Pass,General,1,UK,0,True,81.3,27.9,0.0,False,Hot (>23°C),2025-07-02 11:23:00,0,3
2025-07-05,10,No.2 Court,Gate_2,Grounds Pass,General,1,Australia,1,False,109.5,23.2,0.0,True,Hot (>23°C),2025-07-05 12:21:00,0,6
2025-07-03,11,No.1 Court,Gate_2,No.2 Court,Reserved,2,UK,0,True,74.2,20.3,0.0,False,Warm (19–23°C),2025-07-03 13:11:00,0,4
2025-07-11,9,Court 8,Gate_6,Grounds Pass,General,1,UK,0,True,93.3,19.8,0.0,False,Warm (19–23°C),2025-07-11 11:11:00,0,12
2025-06-30,10,No.2 Court,Gate_8,Queue Ticket,General,0,UK,0,False,95.6,17.2,0.0,False,Cool (15–19°C),2025-06-30 12:02:00,89,1
2025-07-02,10,Court 18,Gate_3,Centre Court,Premium,4,Other,1,True,62.2,27.9,0.0,False,Hot (>23°C),2025-07-02 11:38:00,0,3
2025-07-01,11,No.3 Court,Gate_5,No.1 Court,Reserved,3,USA,1,False,81.9,20.6,0.76,True,Warm (19–23°C),2025-07-01 12:22:00,0,2
2025-07-01,11,Centre Court,Gate_5,Grounds Pass,General,1,Spain,1,True,114.9,20.6,0.76,True,Warm (19–23°C),2025-07-01 13:13:00,0,2
2025-07-03,10,No.2 Court,Gate_6,Queue Ticket,General,0,UK,0,True,115.6,19.8,0.0,False,Warm (19–23°C),2025-07-03 12:23:00,0,4
2025-07-12,10,No.2 Court,Gate_4,Queue Ticket,General,0,Australia,1,True,102.1,27.2,0.0,True,Hot (>23°C),2025-07-12 12:03:00,49,13
2025-07-13,12,No.1 Court,Gate_7,Centre Court Debenture,Premium,5,UK,0,True,31.0,18.2,0.0,False,Cool (15–19°C),2025-07-13 13:09:00,0,14
2025-07-08,11,No.1 Court,Gate_3,Centre Court,Premium,4,UK,0,True,70.9,12.1,0.0,False,Cold (<15°C),2025-07-08 13:07:00,0,9
2025-07-07,10,Court 18,Gate_5,Grounds Pass,General,1,UK,0,True,73.1,24.1,0.0,False,Hot (>23°C),2025-07-07 11:17:00,0,8
2025-07-12,11,No.2 Court,Gate_2,No.1 Court,Reserved,3,Other,1,True,57.4,27.4,0.06,True,Hot (>23°C),2025-07-12 12:03:00,49,13
2025-07-12,10,Court 4,Gate_8,No.1 Court,Reserved,3,UK,0,True,73.8,27.2,0.0,True,Hot (>23°C),2025-07-12 11:45:00,0,13
2025-07-11,10,Court 6,Gate_3,No.2 Court,Reserved,2,UK,0,False,63.4,19.9,0.0,False,Warm (19–23°C),2025-07-11 11:10:00,0,12
2025-07-06,11,Centre Court,Gate_4,Grounds Pass,General,1,UK,0,True,89.8,14.2,0.0,False,Cold (<15°C),2025-07-06 13:06:00,0,7
2025-06-30,11,No.1 Court,Gate_4,Queue Ticket,General,0,Australia,1,True,80.0,17.8,0.0,False,Cool (15–19°C),2025-06-30 13:11:00,0,1
2025-07-02,10,Court 18,Gate_7,No.2 Court,Reserved,2,UK,0,False,54.1,27.9,0.0,False,Hot (>23°C),2025-07-02 11:38:00,0,3
2025-07-13,12,No.1 Court,Gate_6,Grounds Pass,General,1,UK,0,False,51.2,18.2,0.0,False,Cool (15–19°C),2025-07-13 13:09:00,0,14
2025-07-04,11,No.3 Court,Gate_7,No.2 Court,Reserved,2,UK,0,True,52.4,20.4,0.0,False,Warm (19–23°C),2025-07-04 12:29:00,0,5
2025-07-03,10,No.3 Court,Gate_5,Grounds Pass,General,1,UK,0,True,127.4,19.8,0.0,False,Warm (19–23°C),2025-07-03 12:08:00,0,4
2025-07-07,11,Court 18,Gate_1,Centre Court Debenture,Premium,5,Other,1,False,5.0,21.4,0.0,False,Warm (19–23°C),2025-07-07 11:17:00,0,8
2025-07-05,8,Court 6,Gate_3,Grounds Pass,General,1,UK,0,True,134.5,27.3,0.0,True,Hot (>23°C),2025-07-05 11:14:00,0,6
2025-07-12,10,No.2 Court,Gate_7,No.2 Court,Reserved,2,UK,0,True,111.2,27.2,0.0,True,Hot (>23°C),2025-07-12 12:03:00,49,13
2025-07-09,10,Centre Court,Gate_1,Queue Ticket,General,0,Australia,1,True,151.8,22.9,0.0,True,Warm (19–23°C),2025-07-09 13:02:00,0,10
2025-07-11,9,Court 8,Gate_3,Grounds Pass,General,1,Spain,1,True,81.9,19.8,0.0,False,Warm (19–23°C),2025-07-11 11:11:00,0,12
2025-07-04,10,Court 4,Gate_8,Grounds Pass,General,1,UK,0,True,97.2,21.2,0.0,False,Warm (19–23°C),2025-07-04 11:51:00,105,5
2025-07-02,9,Court 5,Gate_6,Queue Ticket,General,0,UK,0,True,116.0,25.2,0.0,False,Hot (>23°C),2025-07-02 11:26:00,0,3
2025-07-06,9,Court 18,Gate_7,Grounds Pass,General,1,UK,0,False,90.0,11.9,0.0,False,Cold (<15°C),2025-07-06 11:29:00,0,7
2025-07-03,11,No.1 Court,Gate_2,Queue Ticket,General,0,USA,1,True,118.0,20.3,0.0,False,Warm (19–23°C),2025-07-03 13:11:00,0,4
2025-07-07,11,Centre Court,Gate_4,No.1 Court,Reserved,3,UK,0,True,109.8,21.4,0.0,False,Warm (19–23°C),2025-07-07 13:10:00,0,8
2025-07-11,11,Centre Court,Gate_6,No.1 Court,Reserved,3,Spain,1,True,83.3,19.3,0.0,False,Warm (19–23°C),2025-07-11 13:13:00,0,12
2025-07-08,10,Centre Court,Gate_6,Queue Ticket,General,0,UK,0,True,173.2,15.6,0.0,False,Cool (15–19°C),2025-07-08 13:00:00,0,9
2025-07-06,12,No.1 Court,Gate_1,No.1 Court,Reserved,3,USA,1,True,36.0,14.8,0.0,False,Cold (<15°C),2025-07-06 13:03:00,0,7
2025-07-08,10,No.3 Court,Gate_3,Queue Ticket,General,0,UK,0,False,91.5,15.6,0.0,False,Cool (15–19°C),2025-07-08 12:20:00,0,9
2025-07-07,11,Court 4,Gate_2,No.1 Court,Reserved,3,Australia,1,True,25.3,21.4,0.0,False,Warm (19–23°C),2025-07-07 11:29:00,0,8
2025-07-13,9,Court 5,Gate_4,Grounds Pass,General,1,UK,0,True,89.4,20.3,0.0,False,Warm (19–23°C),2025-07-13 11:08:00,0,14
2025-07-04,12,No.3 Court,Gate_5,No.2 Court,Reserved,2,USA,1,True,24.1,21.9,0.0,False,Warm (19–23°C),2025-07-04 12:29:00,0,5
2025-07-03,10,Court 7,Gate_4,Grounds Pass,General,1,Spain,1,True,56.8,19.8,0.0,False,Warm (19–23°C),2025-07-03 11:40:00,0,4
2025-07-09,11,No.1 Court,Gate_8,No.2 Court,Reserved,2,Spain,1,False,125.8,23.2,0.8,True,Hot (>23°C),2025-07-09 13:09:00,0,10
2025-07-06,10,Court 6,Gate_6,Grounds Pass,General,1,France,1,False,74.1,15.5,0.0,False,Cool (15–19°C),2025-07-06 11:42:00,0,7
2025-07-01,10,No.2 Court,Gate_1,Grounds Pass,General,1,UK,0,False,90.8,19.4,0.0,True,Warm (19–23°C),2025-07-01 12:04:00,0,2
2025-07-12,9,Court 6,Gate_3,Grounds Pass,General,1,Australia,1,True,98.7,25.3,0.0,True,Hot (>23°C),2025-07-12 11:01:00,0,13
2025-06-30,9,No.2 Court,Gate_5,Queue Ticket,General,0,UK,0,False,145.3,18.3,0.0,False,Cool (15–19°C),2025-06-30 12:02:00,89,1
2025-07-01,9,Court 7,Gate_4,Centre Court,Premium,4,UK,0,True,98.7,18.5,0.0,True,Cool (15–19°C),2025-07-01 11:32:00,0,2
2025-07-04,11,No.2 Court,Gate_2,No.2 Court,Reserved,2,UK,0,False,63.3,20.4,0.0,False,Warm (19–23°C),2025-07-04 12:13:00,0,5
2025-06-30,11,No.1 Court,Gate_5,Grounds Pass,General,1,UK,0,True,85.0,17.8,0.0,False,Cool (15–19°C),2025-06-30 13:11:00,0,1
2025-07-05,11,Centre Court,Gate_8,Grounds Pass,General,1,UK,0,True,78.8,25.0,11.35,True,Hot (>23°C),2025-07-05 13:01:00,0,6
2025-07-10,10,Court 18,Gate_8,No.1 Court,Reserved,3,UK,0,False,62.6,24.9,0.0,False,Hot (>23°C),2025-07-10 11:46:00,0,11
2025-06-30,9,Court 7,Gate_6,Queue Ticket,General,0,Spain,1,True,114.7,18.3,0.0,False,Cool (15–19°C),2025-06-30 11:10:00,0,1
2025-07-11,10,Court 7,Gate_8,Centre Court Debenture,Premium,5,Switzerland,1,False,37.2,19.9,0.0,False,Warm (19–23°C),2025-07-11 11:02:00,0,12
2025-07-07,11,No.1 Court,Gate_5,Grounds Pass,General,1,Germany,1,False,101.7,21.4,0.0,False,Warm (19–23°C),2025-07-07 13:02:00,0,8
2025-07-09,9,Court 6,Gate_5,Centre Court,Premium,4,USA,1,False,86.3,23.5,0.0,True,Hot (>23°C),2025-07-09 11:14:00,0,10
2025-07-04,10,Court 4,Gate_5,Queue Ticket,General,0,Australia,1,True,85.8,21.2,0.0,False,Warm (19–23°C),2025-07-04 11:51:00,105,5
2025-07-12,11,Centre Court,Gate_8,Grounds Pass,General,1,Australia,1,False,90.6,27.4,0.06,True,Hot (>23°C),2025-07-12 13:00:00,0,13
2025-07-08,10,Court 6,Gate_3,Centre Court,Premium,4,USA,1,True,57.9,15.6,0.0,False,Cool (15–19°C),2025-07-08 11:28:00,0,9
2025-07-04,9,Court 4,Gate_1,Queue Ticket,General,0,UK,0,True,138.1,21.9,0.0,False,Warm (19–23°C),2025-07-04 11:51:00,105,5
2025-07-09,11,No.1 Court,Gate_1,Centre Court,Premium,4,UK,0,True,103.5,23.2,0.8,True,Hot (>23°C),2025-07-09 13:09:00,0,10
2025-07-02,10,Court 4,Gate_5,Grounds Pass,General,1,UK,0,False,66.3,27.9,0.0,False,Hot (>23°C),2025-07-02 11:56:00,0,3
2025-07-08,10,No.3 Court,Gate_8,Grounds Pass,General,1,Other,1,False,113.8,15.6,0.0,False,Cool (15–19°C),2025-07-08 12:20:00,0,9
2025-07-04,10,Court 5,Gate_8,No.2 Court,Reserved,2,Japan,1,True,47.4,21.2,0.0,False,Warm (19–23°C),2025-07-04 11:16:00,0,5
2025-07-06,9,Court 18,Gate_7,Grounds Pass,General,1,Spain,1,False,112.3,11.9,0.0,False,Cold (<15°C),2025-07-06 11:29:00,0,7
2025-07-05,10,No.3 Court,Gate_5,Queue Ticket,General,0,Switzerland,1,False,120.8,23.2,0.0,True,Hot (>23°C),2025-07-05 12:04:00,0,6
2025-07-12,11,No.1 Court,Gate_7,Grounds Pass,General,1,UK,0,True,122.0,27.4,0.06,True,Hot (>23°C),2025-07-12 13:04:00,0,13
2025-07-04,11,Centre Court,Gate_8,Grounds Pass,General,1,UK,0,False,98.5,20.4,0.0,False,Warm (19–23°C),2025-07-04 13:08:00,0,5
2025-07-12,10,No.2 Court,Gate_7,Grounds Pass,General,1,Australia,1,True,88.7,27.2,0.0,True,Hot (>23°C),2025-07-12 12:03:00,49,13
2025-07-05,11,Centre Court,Gate_2,Grounds Pass,General,1,Australia,1,False,116.2,25.0,11.35,True,Hot (>23°C),2025-07-05 13:01:00,0,6
2025-07-03,11,Centre Court,Gate_5,Grounds Pass,General,1,UK,0,True,97.4,20.3,0.0,False,Warm (19–23°C),2025-07-03 13:02:00,0,4
2025-07-09,9,Court 12,Gate_2,Queue Ticket,General,0,UK,0,True,113.8,23.5,0.0,True,Hot (>23°C),2025-07-09 11:49:00,0,10
2025-07-01,10,No.3 Court,Gate_4,Grounds Pass,General,1,Switzerland,1,False,129.3,19.4,0.0,True,Warm (19–23°C),2025-07-01 12:22:00,0,2
2025-07-02,10,Court 4,Gate_8,No.1 Court,Reserved,3,UK,0,True,64.2,27.9,0.0,False,Hot (>23°C),2025-07-02 11:56:00,0,3
2025-07-06,11,Court 6,Gate_2,No.1 Court,Reserved,3,Germany,1,True,33.7,14.2,0.0,False,Cold (<15°C),2025-07-06 11:42:00,0,7
2025-07-07,9,Court 7,Gate_4,Queue Ticket,General,0,USA,1,False,115.5,22.2,0.0,False,Warm (19–23°C),2025-07-07 11:35:00,0,8
2025-07-07,10,Court 4,Gate_8,Grounds Pass,General,1,UK,0,False,66.5,24.1,0.0,False,Hot (>23°C),2025-07-07 11:29:00,0,8
2025-07-13,11,No.2 Court,Gate_8,Grounds Pass,General,1,UK,0,False,70.6,20.9,0.0,False,Warm (19–23°C),2025-07-13 12:28:00,112,14
2025-07-08,9,Court 4,Gate_7,Queue Ticket,General,0,UK,0,False,117.6,14.1,0.0,False,Cold (<15°C),2025-07-08 11:29:00,0,9
2025-07-05,9,Court 4,Gate_7,Grounds Pass,General,1,Germany,1,True,90.2,26.0,0.0,True,Hot (>23°C),2025-07-05 11:29:00,0,6
2025-07-02,10,No.3 Court,Gate_8,Grounds Pass,General,1,UK,0,True,104.7,27.9,0.0,False,Hot (>23°C),2025-07-02 12:14:00,0,3
2025-07-04,9,Court 5,Gate_5,Grounds Pass,General,1,UK,0,True,114.1,21.9,0.0,False,Warm (19–23°C),2025-07-04 11:16:00,0,5
2025-07-05,10,Court 8,Gate_5,No.2 Court,Reserved,2,UK,0,True,92.6,23.2,0.0,True,Hot (>23°C),2025-07-05 11:57:00,28,6
2025-07-05,10,No.2 Court,Gate_2,Grounds Pass,General,1,USA,1,True,88.6,23.2,0.0,True,Hot (>23°C),2025-07-05 12:21:00,0,6
2025-07-07,11,Centre Court,Gate_4,Queue Ticket,General,0,UK,0,False,81.6,21.4,0.0,False,Warm (19–23°C),2025-07-07 13:10:00,0,8
2025-07-08,11,Centre Court,Gate_2,Grounds Pass,General,1,UK,0,False,97.6,12.1,0.0,False,Cold (<15°C),2025-07-08 13:00:00,0,9
2025-06-30,12,Centre Court,Gate_6,Centre Court,Premium,4,Japan,1,True,5.0,17.4,0.0,False,Cool (15–19°C),2025-06-30 13:01:00,0,1
2025-07-04,11,No.1 Court,Gate_6,Queue Ticket,General,0,USA,1,False,79.9,20.4,0.0,False,Warm (19–23°C),2025-07-04 13:05:00,0,5
2025-07-06,11,No.1 Court,Gate_3,Queue Ticket,General,0,Canada,1,True,111.9,14.2,0.0,False,Cold (<15°C),2025-07-06 13:03:00,0,7
2025-07-12,10,Court 4,Gate_2,Centre Court,Premium,4,UK,0,False,86.8,27.2,0.0,True,Hot (>23°C),2025-07-12 11:45:00,0,13
2025-07-01,9,Court 12,Gate_3,No.2 Court,Reserved,2,Australia,1,False,110.0,18.5,0.0,True,Cool (15–19°C),2025-07-01 11:21:00,0,2
2025-07-03,10,No.3 Court,Gate_7,No.2 Court,Reserved,2,UK,0,True,68.2,19.8,0.0,False,Warm (19–23°C),2025-07-03 12:08:00,0,4
2025-07-02,11,No.1 Court,Gate_6,Queue Ticket,General,0,UK,0,True,98.3,26.8,0.0,False,Hot (>23°C),2025-07-02 13:07:00,0,3
2025-07-02,11,Centre Court,Gate_7,Grounds Pass,General,1,UK,0,True,68.4,26.8,0.0,False,Hot (>23°C),2025-07-02 13:01:00,0,3
2025-07-05,9,No.2 Court,Gate_6,Grounds Pass,General,1,UK,0,False,156.2,26.0,0.0,True,Hot (>23°C),2025-07-05 12:21:00,0,6
2025-07-04,11,Court 7,Gate_4,No.1 Court,Reserved,3,France,1,False,38.3,20.4,0.0,False,Warm (19–23°C),2025-07-04 11:39:00,0,5
2025-07-12,10,No.2 Court,Gate_5,Centre Court,Premium,4,USA,1,True,116.0,27.2,0.0,True,Hot (>23°C),2025-07-12 12:03:00,49,13
2025-07-09,11,No.1 Court,Gate_1,Centre Court,Premium,4,France,1,True,70.9,23.2,0.8,True,Hot (>23°C),2025-07-09 13:09:00,0,10
2025-07-13,11,No.1 Court,Gate_6,Grounds Pass,General,1,UK,0,True,71.3,20.9,0.0,False,Warm (19–23°C),2025-07-13 13:09:00,0,14
2025-07-01,9,Court 7,Gate_5,Queue Ticket,General,0,Japan,1,True,138.7,18.5,0.0,True,Cool (15–19°C),2025-07-01 11:32:00,0,2
2025-07-10,10,Court 8,Gate_6,No.2 Court,Reserved,2,USA,1,True,73.7,24.9,0.0,False,Hot (>23°C),2025-07-10 11:53:00,0,11
2025-07-12,11,Centre Court,Gate_6,Grounds Pass,General,1,UK,0,True,100.5,27.4,0.06,True,Hot (>23°C),2025-07-12 13:00:00,0,13
2025-07-04,10,No.3 Court,Gate_2,Queue Ticket,General,0,UK,0,True,97.0,21.2,0.0,False,Warm (19–23°C),2025-07-04 12:29:00,0,5
2025-07-09,10,No.1 Court,Gate_4,Queue Ticket,General,0,Switzerland,1,False,173.6,22.9,0.0,True,Warm (19–23°C),2025-07-09 13:09:00,0,10
2025-07-08,9,Court 18,Gate_8,Grounds Pass,General,1,Other,1,False,99.2,14.1,0.0,False,Cold (<15°C),2025-07-08 11:32:00,0,9
2025-07-10,10,Court 6,Gate_4,Grounds Pass,General,1,USA,1,True,86.1,24.9,0.0,False,Hot (>23°C),2025-07-10 11:53:00,0,11
2025-07-09,9,No.3 Court,Gate_2,Queue Ticket,General,0,UK,0,False,145.9,23.5,0.0,True,Hot (>23°C),2025-07-09 12:21:00,0,10
2025-07-06,10,No.2 Court,Gate_2,Queue Ticket,General,0,UK,0,True,95.4,15.5,0.0,False,Cool (15–19°C),2025-07-06 12:07:00,0,7
2025-07-02,12,No.1 Court,Gate_3,No.2 Court,Reserved,2,UK,0,False,54.2,27.1,0.0,False,Hot (>23°C),2025-07-02 13:07:00,0,3
2025-07-02,11,No.3 Court,Gate_2,Centre Court,Premium,4,Canada,1,True,26.7,26.8,0.0,False,Hot (>23°C),2025-07-02 12:14:00,0,3
2025-07-11,11,Court 5,Gate_6,Grounds Pass,General,1,Australia,1,False,20.7,19.3,0.0,False,Warm (19–23°C),2025-07-11 11:44:00,0,12
2025-06-30,11,Court 5,Gate_6,Centre Court Debenture,Premium,5,Other,1,True,16.8,17.8,0.0,False,Cool (15–19°C),2025-06-30 11:30:00,0,1
2025-07-02,10,No.3 Court,Gate_8,Grounds Pass,General,1,UK,0,True,80.4,27.9,0.0,False,Hot (>23°C),2025-07-02 12:14:00,0,3
2025-07-04,10,Court 8,Gate_8,Queue Ticket,General,0,USA,1,True,59.5,21.2,0.0,False,Warm (19–23°C),2025-07-04 11:59:00,0,5
2025-07-03,11,Court 6,Gate_1,Centre Court,Premium,4,Spain,1,True,19.9,20.3,0.0,False,Warm (19–23°C),2025-07-03 11:26:00,0,4
2025-07-09,9,Court 8,Gate_2,Queue Ticket,General,0,USA,1,True,109.6,23.5,0.0,True,Hot (>23°C),2025-07-09 11:18:00,0,10
2025-07-09,9,Court 4,Gate_1,Queue Ticket,General,0,UK,0,False,161.9,23.5,0.0,True,Hot (>23°C),2025-07-09 11:43:00,81,10
2025-07-04,10,Court 7,Gate_3,No.2 Court,Reserved,2,UK,0,False,53.5,21.2,0.0,False,Warm (19–23°C),2025-07-04 11:39:00,0,5
2025-07-07,10,No.2 Court,Gate_5,Queue Ticket,General,0,France,1,True,93.5,24.1,0.0,False,Hot (>23°C),2025-07-07 12:17:00,95,8
2025-07-03,10,Court 4,Gate_5,Centre Court Debenture,Premium,5,UK,0,True,48.4,19.8,0.0,False,Warm (19–23°C),2025-07-03 11:46:00,0,4
2025-07-03,11,Court 12,Gate_3,Centre Court Debenture,Premium,5,Japan,1,True,27.2,20.3,0.0,False,Warm (19–23°C),2025-07-03 11:45:00,0,4
2025-07-10,9,Court 4,Gate_2,Grounds Pass,General,1,USA,1,True,68.7,26.4,0.0,False,Hot (>23°C),2025-07-10 11:02:00,0,11
2025-07-05,9,Court 4,Gate_1,No.1 Court,Reserved,3,UK,0,False,133.2,26.0,0.0,True,Hot (>23°C),2025-07-05 11:29:00,0,6
2025-07-02,12,Centre Court,Gate_2,No.2 Court,Reserved,2,France,1,True,56.5,27.1,0.0,False,Hot (>23°C),2025-07-02 13:01:00,0,3
2025-07-13,11,Centre Court,Gate_5,Queue Ticket,General,0,USA,1,False,83.0,20.9,0.0,False,Warm (19–23°C),2025-07-13 13:07:00,0,14
2025-07-09,10,Court 5,Gate_1,Grounds Pass,General,1,Germany,1,False,103.2,22.9,0.0,True,Warm (19–23°C),2025-07-09 11:54:00,0,10
2025-07-02,12,Centre Court,Gate_8,No.1 Court,Reserved,3,UK,0,True,36.5,27.1,0.0,False,Hot (>23°C),2025-07-02 13:01:00,0,3
2025-07-07,11,Centre Court,Gate_7,No.2 Court,Reserved,2,UK,0,True,83.7,21.4,0.0,False,Warm (19–23°C),2025-07-07 13:10:00,0,8
2025-07-01,11,No.1 Court,Gate_5,Grounds Pass,General,1,UK,0,True,98.2,20.6,0.76,True,Warm (19–23°C),2025-07-01 13:00:00,0,2
2025-07-07,10,Court 7,Gate_7,Centre Court Debenture,Premium,5,UK,0,True,62.6,24.1,0.0,False,Hot (>23°C),2025-07-07 11:35:00,0,8
2025-07-01,9,Court 5,Gate_1,Queue Ticket,General,0,UK,0,False,127.0,18.5,0.0,True,Cool (15–19°C),2025-07-01 11:53:00,0,2
2025-07-11,11,No.3 Court,Gate_1,Centre Court,Premium,4,USA,1,True,40.9,19.3,0.0,False,Warm (19–23°C),2025-07-11 12:28:00,26,12
2025-07-07,11,Centre Court,Gate_3,Queue Ticket,General,0,USA,1,False,92.0,21.4,0.0,False,Warm (19–23°C),2025-07-07 13:10:00,0,8
2025-07-09,10,No.1 Court,Gate_8,Queue Ticket,General,0,UK,0,False,139.1,22.9,0.0,True,Warm (19–23°C),2025-07-09 13:09:00,0,10
2025-07-08,11,Centre Court,Gate_4,No.2 Court,Reserved,2,UK,0,True,66.4,12.1,0.0,False,Cold (<15°C),2025-07-08 13:00:00,0,9
2025-07-06,9,Court 12,Gate_5,Grounds Pass,General,1,UK,0,False,119.1,11.9,0.0,False,Cold (<15°C),2025-07-06 11:10:00,0,7
2025-07-03,11,Centre Court,Gate_3,Grounds Pass,General,1,UK,0,False,75.8,20.3,0.0,False,Warm (19–23°C),2025-07-03 13:02:00,0,4
2025-07-01,10,Court 5,Gate_1,Queue Ticket,General,0,Spain,1,False,96.8,19.4,0.0,True,Warm (19–23°C),2025-07-01 11:53:00,0,2
2025-07-01,9,Court 4,Gate_2,Grounds Pass,General,1,UK,0,False,140.3,18.5,0.0,True,Cool (15–19°C),2025-07-01 11:26:00,0,2
2025-07-06,9,Court 6,Gate_3,No.1 Court,Reserved,3,UK,0,True,118.9,11.9,0.0,False,Cold (<15°C),2025-07-06 11:42:00,0,7
2025-07-07,11,No.2 Court,Gate_8,Grounds Pass,General,1,Spain,1,False,74.3,21.4,0.0,False,Warm (19–23°C),2025-07-07 12:17:00,95,8
2025-07-09,8,Court 8,Gate_1,Queue Ticket,General,0,France,1,True,148.4,22.8,0.0,True,Warm (19–23°C),2025-07-09 11:18:00,0,10
2025-06-30,10,Court 18,Gate_5,Grounds Pass,General,1,Australia,1,False,79.7,17.2,0.0,False,Cool (15–19°C),2025-06-30 11:26:00,0,1
2025-07-05,9,Court 18,Gate_6,Queue Ticket,General,0,UK,0,False,147.4,26.0,0.0,True,Hot (>23°C),2025-07-05 11:57:00,0,6
2025-07-10,11,No.1 Court,Gate_7,No.2 Court,Reserved,2,UK,0,False,105.6,23.8,0.0,False,Hot (>23°C),2025-07-10 13:13:00,0,11
2025-07-04,9,Court 7,Gate_2,Grounds Pass,General,1,UK,0,True,99.5,21.9,0.0,False,Warm (19–23°C),2025-07-04 11:39:00,0,5
2025-07-13,10,Court 6,Gate_4,Grounds Pass,General,1,Canada,1,True,57.2,19.2,0.0,False,Warm (19–23°C),2025-07-13 11:00:00,0,14
2025-07-02,11,No.2 Court,Gate_5,No.2 Court,Reserved,2,UK,0,False,52.7,26.8,0.0,False,Hot (>23°C),2025-07-02 12:20:00,0,3
2025-07-06,10,Court 4,Gate_5,No.2 Court,Reserved,2,Japan,1,False,50.3,15.5,0.0,False,Cool (15–19°C),2025-07-06 11:04:00,0,7
2025-07-07,9,Court 4,Gate_3,Grounds Pass,General,1,USA,1,True,99.9,22.2,0.0,False,Warm (19–23°C),2025-07-07 11:29:00,0,8
2025-07-07,10,No.2 Court,Gate_8,Grounds Pass,General,1,UK,0,False,80.3,24.1,0.0,False,Hot (>23°C),2025-07-07 12:17:00,95,8
2025-07-12,10,Court 4,Gate_6,Centre Court,Premium,4,UK,0,True,71.4,27.2,0.0,True,Hot (>23°C),2025-07-12 11:45:00,0,13
2025-07-11,10,Court 12,Gate_4,Grounds Pass,General,1,UK,0,True,78.3,19.9,0.0,False,Warm (19–23°C),2025-07-11 11:19:00,0,12
2025-07-13,8,Court 5,Gate_5,Grounds Pass,General,1,UK,0,True,148.8,19.8,0.0,False,Warm (19–23°C),2025-07-13 11:08:00,0,14
2025-07-08,11,Centre Court,Gate_2,Grounds Pass,General,1,UK,0,False,73.0,12.1,0.0,False,Cold (<15°C),2025-07-08 13:00:00,0,9
2025-07-01,9,Court 7,Gate_6,No.2 Court,Reserved,2,UK,0,True,112.2,18.5,0.0,True,Cool (15–19°C),2025-07-01 11:32:00,0,2
2025-07-01,9,Court 7,Gate_6,Centre Court,Premium,4,UK,0,False,96.5,18.5,0.0,True,Cool (15–19°C),2025-07-01 11:32:00,0,2
2025-07-12,10,No.2 Court,Gate_1,No.2 Court,Reserved,2,UK,0,True,89.1,27.2,0.0,True,Hot (>23°C),2025-07-12 12:03:00,49,13
2025-07-03,10,Court 12,Gate_5,No.2 Court,Reserved,2,UK,0,True,75.3,19.8,0.0,False,Warm (19–23°C),2025-07-03 11:45:00,0,4
2025-07-11,11,Centre Court,Gate_1,Grounds Pass,General,1,Spain,1,True,97.9,19.3,0.0,False,Warm (19–23°C),2025-07-11 13:13:00,0,12
2025-07-07,12,No.1 Court,Gate_6,Centre Court Debenture,Premium,5,Australia,1,True,5.0,21.4,0.0,False,Warm (19–23°C),2025-07-07 13:02:00,0,8
2025-07-02,12,Centre Court,Gate_8,Grounds Pass,General,1,Germany,1,True,26.2,27.1,0.0,False,Hot (>23°C),2025-07-02 13:01:00,0,3
2025-06-30,9,Court 7,Gate_5,No.2 Court,Reserved,2,UK,0,True,73.3,18.3,0.0,False,Cool (15–19°C),2025-06-30 11:10:00,0,1
2025-07-02,9,Court 5,Gate_7,No.2 Court,Reserved,2,UK,0,True,94.0,25.2,0.0,False,Hot (>23°C),2025-07-02 11:26:00,0,3
2025-07-04,11,No.1 Court,Gate_7,Queue Ticket,General,0,France,1,True,85.1,20.4,0.0,False,Warm (19–23°C),2025-07-04 13:05:00,0,5
2025-07-08,10,Court 5,Gate_4,Queue Ticket,General,0,Germany,1,True,78.1,15.6,0.0,False,Cool (15–19°C),2025-07-08 11:32:00,0,9
2025-07-11,10,Court 4,Gate_4,Grounds Pass,General,1,UK,0,True,68.6,19.9,0.0,False,Warm (19–23°C),2025-07-11 11:49:00,0,12
2025-07-08,11,Centre Court,Gate_6,Centre Court,Premium,4,UK,0,True,81.6,12.1,0.0,False,Cold (<15°C),2025-07-08 13:00:00,0,9
2025-07-10,10,Court 4,Gate_8,Queue Ticket,General,0,USA,1,False,44.1,24.9,0.0,False,Hot (>23°C),2025-07-10 11:02:00,0,11
2025-07-13,11,Centre Court,Gate_2,No.1 Court,Reserved,3,UK,0,True,119.0,20.9,0.0,False,Warm (19–23°C),2025-07-13 13:07:00,0,14
2025-07-02,12,No.2 Court,Gate_2,Centre Court,Premium,4,Germany,1,False,7.9,27.1,0.0,False,Hot (>23°C),2025-07-02 12:20:00,0,3
2025-07-02,10,No.1 Court,Gate_3,Queue Ticket,General,0,UK,0,True,132.1,27.9,0.0,False,Hot (>23°C),2025-07-02 13:07:00,0,3
2025-07-03,11,No.1 Court,Gate_8,Grounds Pass,General,1,USA,1,False,100.4,20.3,0.0,False,Warm (19–23°C),2025-07-03 13:11:00,0,4
2025-07-02,11,Court 8,Gate_7,No.2 Court,Reserved,2,Switzerland,1,True,39.5,26.8,0.0,False,Hot (>23°C),2025-07-02 11:50:00,0,3
2025-07-07,9,Court 6,Gate_7,No.1 Court,Reserved,3,Switzerland,1,False,72.0,22.2,0.0,False,Warm (19–23°C),2025-07-07 11:10:00,0,8
2025-07-08,10,Court 5,Gate_3,No.1 Court,Reserved,3,Australia,1,True,67.9,15.6,0.0,False,Cool (15–19°C),2025-07-08 11:32:00,0,9
2025-07-09,9,Court 5,Gate_8,Queue Ticket,General,0,Australia,1,True,163.7,23.5,0.0,True,Hot (>23°C),2025-07-09 11:54:00,0,10
2025-07-06,11,No.1 Court,Gate_5,Grounds Pass,General,1,UK,0,True,90.0,14.2,0.0,False,Cold (<15°C),2025-07-06 13:03:00,0,7
2025-07-04,10,Court 8,Gate_1,Grounds Pass,General,1,Spain,1,True,73.9,21.2,0.0,False,Warm (19–23°C),2025-07-04 11:59:00,0,5
2025-07-06,11,No.3 Court,Gate_2,No.1 Court,Reserved,3,France,1,True,63.1,14.2,0.0,False,Cold (<15°C),2025-07-06 12:21:00,0,7
2025-07-11,11,Court 4,Gate_3,No.1 Court,Reserved,3,UK,0,True,27.5,19.3,0.0,False,Warm (19–23°C),2025-07-11 11:49:00,0,12
2025-07-01,11,Centre Court,Gate_5,Grounds Pass,General,1,UK,0,True,121.6,20.6,0.76,True,Warm (19–23°C),2025-07-01 13:13:00,0,2
2025-07-01,8,Court 8,Gate_6,No.2 Court,Reserved,2,UK,0,True,158.0,21.8,0.0,True,Warm (19–23°C),2025-07-01 11:09:00,0,2
2025-07-04,12,No.1 Court,Gate_7,Centre Court,Premium,4,Australia,1,True,11.7,21.9,0.0,False,Warm (19–23°C),2025-07-04 13:05:00,0,5
2025-07-08,10,No.2 Court,Gate_7,No.2 Court,Reserved,2,UK,0,True,108.3,15.6,0.0,False,Cool (15–19°C),2025-07-08 12:23:00,0,9
2025-07-08,11,Centre Court,Gate_7,No.1 Court,Reserved,3,UK,0,True,74.3,12.1,0.0,False,Cold (<15°C),2025-07-08 13:00:00,0,9
2025-07-13,11,No.1 Court,Gate_3,No.1 Court,Reserved,3,USA,1,True,74.4,20.9,0.0,False,Warm (19–23°C),2025-07-13 13:09:00,0,14
2025-07-07,11,Centre Court,Gate_3,Grounds Pass,General,1,Germany,1,False,95.9,21.4,0.0,False,Warm (19–23°C),2025-07-07 13:10:00,0,8
2025-07-12,10,Court 4,Gate_7,Centre Court Debenture,Premium,5,UK,0,False,82.2,27.2,0.0,True,Hot (>23°C),2025-07-12 11:45:00,0,13
2025-07-08,10,Court 12,Gate_6,Queue Ticket,General,0,Spain,1,False,72.0,15.6,0.0,False,Cool (15–19°C),2025-07-08 11:49:00,0,9
2025-07-10,11,Court 6,Gate_3,No.1 Court,Reserved,3,USA,1,False,40.4,23.8,0.0,False,Hot (>23°C),2025-07-10 11:53:00,0,11
2025-07-05,10,Court 18,Gate_1,Grounds Pass,General,1,USA,1,True,107.6,23.2,0.0,True,Hot (>23°C),2025-07-05 11:57:00,0,6
2025-07-09,10,No.3 Court,Gate_6,No.2 Court,Reserved,2,UK,0,True,107.9,22.9,0.0,True,Warm (19–23°C),2025-07-09 12:21:00,0,10
2025-07-07,12,No.1 Court,Gate_3,Centre Court,Premium,4,UK,0,True,53.3,21.4,0.0,False,Warm (19–23°C),2025-07-07 13:02:00,0,8
2025-07-12,11,Centre Court,Gate_5,Grounds Pass,General,1,UK,0,False,107.4,27.4,0.06,True,Hot (>23°C),2025-07-12 13:00:00,0,13
2025-07-12,11,Centre Court,Gate_8,No.1 Court,Reserved,3,UK,0,True,76.0,27.4,0.06,True,Hot (>23°C),2025-07-12 13:00:00,0,13
2025-07-10,11,No.3 Court,Gate_7,Grounds Pass,General,1,UK,0,True,48.3,23.8,0.0,False,Hot (>23°C),2025-07-10 12:15:00,0,11
2025-07-03,12,Centre Court,Gate_8,Centre Court,Premium,4,Spain,1,True,23.7,20.5,0.0,False,Warm (19–23°C),2025-07-03 13:02:00,0,4
2025-07-06,11,Centre Court,Gate_3,Grounds Pass,General,1,UK,0,True,98.9,14.2,0.0,False,Cold (<15°C),2025-07-06 13:06:00,0,7
2025-07-05,11,Court 18,Gate_7,Queue Ticket,General,0,Other,1,True,39.3,25.0,11.35,True,Hot (>23°C),2025-07-05 11:57:00,0,6
2025-07-10,9,Court 5,Gate_1,Grounds Pass,General,1,UK,0,True,99.3,26.4,0.0,False,Hot (>23°C),2025-07-10 11:09:00,0,11
2025-07-01,9,Court 6,Gate_6,Grounds Pass,General,1,Canada,1,True,111.9,18.5,0.0,True,Cool (15–19°C),2025-07-01 11:21:00,66,2
2025-07-04,11,Court 12,Gate_3,Centre Court Debenture,Premium,5,UK,0,False,31.0,20.4,0.0,False,Warm (19–23°C),2025-07-04 11:39:00,0,5
2025-07-01,9,Court 7,Gate_7,Queue Ticket,General,0,Spain,1,True,122.7,18.5,0.0,True,Cool (15–19°C),2025-07-01 11:32:00,0,2
2025-07-11,10,Court 8,Gate_6,No.1 Court,Reserved,3,France,1,True,36.2,19.9,0.0,False,Warm (19–23°C),2025-07-11 11:11:00,0,12
2025-07-07,9,Court 4,Gate_7,No.2 Court,Reserved,2,UK,0,False,92.6,22.2,0.0,False,Warm (19–23°C),2025-07-07 11:29:00,0,8
2025-07-02,11,No.3 Court,Gate_2,Grounds Pass,General,1,UK,0,False,66.3,26.8,0.0,False,Hot (>23°C),2025-07-02 12:14:00,0,3
2025-07-09,12,No.1 Court,Gate_7,No.1 Court,Reserved,3,Japan,1,True,48.8,22.4,5.44,True,Warm (19–23°C),2025-07-09 13:09:00,0,10
2025-07-11,11,No.1 Court,Gate_5,No.2 Court,Reserved,2,Australia,1,True,73.5,19.3,0.0,False,Warm (19–23°C),2025-07-11 13:01:00,0,12
2025-07-02,11,No.3 Court,Gate_8,Grounds Pass,General,1,Japan,1,True,46.0,26.8,0.0,False,Hot (>23°C),2025-07-02 12:14:00,0,3
2025-07-09,10,Centre Court,Gate_7,Grounds Pass,General,1,UK,0,True,124.2,22.9,0.0,True,Warm (19–23°C),2025-07-09 13:02:00,0,10
2025-07-07,11,No.1 Court,Gate_4,Queue Ticket,General,0,UK,0,True,104.1,21.4,0.0,False,Warm (19–23°C),2025-07-07 13:02:00,0,8
2025-07-08,11,Centre Court,Gate_3,Queue Ticket,General,0,UK,0,True,85.2,12.1,0.0,False,Cold (<15°C),2025-07-08 13:00:00,0,9
2025-07-05,10,Court 5,Gate_1,No.1 Court,Reserved,3,UK,0,True,89.2,23.2,0.0,True,Hot (>23°C),2025-07-05 11:41:00,0,6
2025-07-05,11,No.2 Court,Gate_2,Queue Ticket,General,0,Switzerland,1,False,64.9,25.0,11.35,True,Hot (>23°C),2025-07-05 12:21:00,0,6
2025-06-30,10,Court 4,Gate_7,Queue Ticket,General,0,France,1,True,92.7,17.2,0.0,False,Cool (15–19°C),2025-06-30 11:58:00,0,1
2025-07-07,10,Court 12,Gate_5,Centre Court,Premium,4,Japan,1,True,62.5,24.1,0.0,False,Hot (>23°C),2025-07-07 11:34:00,0,8
2025-07-12,8,Court 6,Gate_2,Queue Ticket,General,0,UK,0,True,173.6,24.7,0.0,True,Hot (>23°C),2025-07-12 11:01:00,0,13
2025-07-01,10,No.3 Court,Gate_4,Queue Ticket,General,0,Germany,1,True,84.5,19.4,0.0,True,Warm (19–23°C),2025-07-01 12:22:00,0,2
2025-07-01,10,No.3 Court,Gate_7,Queue Ticket,General,0,Spain,1,False,102.2,19.4,0.0,True,Warm (19–23°C),2025-07-01 12:22:00,0,2
2025-07-03,12,Centre Court,Gate_1,Grounds Pass,General,1,Germany,1,True,56.6,20.5,0.0,False,Warm (19–23°C),2025-07-03 13:02:00,0,4
2025-07-08,11,No.2 Court,Gate_1,Grounds Pass,General,1,USA,1,True,72.7,12.1,0.0,False,Cold (<15°C),2025-07-08 12:23:00,0,9
2025-07-11,10,No.2 Court,Gate_2,Centre Court,Premium,4,Japan,1,True,74.0,19.9,0.0,False,Warm (19–23°C),2025-07-11 12:00:00,0,12
2025-07-13,12,No.1 Court,Gate_2,Grounds Pass,General,1,UK,0,False,65.4,18.2,0.0,False,Cool (15–19°C),2025-07-13 13:09:00,0,14
2025-07-05,10,Court 4,Gate_2,No.1 Court,Reserved,3,USA,1,False,80.9,23.2,0.0,True,Hot (>23°C),2025-07-05 11:29:00,0,6
2025-07-08,11,Centre Court,Gate_7,Queue Ticket,General,0,UK,0,False,90.4,12.1,0.0,False,Cold (<15°C),2025-07-08 13:00:00,0,9
2025-07-04,11,No.1 Court,Gate_5,Grounds Pass,General,1,UK,0,True,115.3,20.4,0.0,False,Warm (19–23°C),2025-07-04 13:05:00,0,5
2025-07-07,11,No.1 Court,Gate_2,No.2 Court,Reserved,2,UK,0,True,73.6,21.4,0.0,False,Warm (19–23°C),2025-07-07 13:02:00,0,8
2025-07-03,11,No.2 Court,Gate_6,Queue Ticket,General,0,Spain,1,True,70.3,20.3,0.0,False,Warm (19–23°C),2025-07-03 12:23:00,0,4
2025-07-11,10,Court 8,Gate_1,Centre Court,Premium,4,UK,0,True,46.8,19.9,0.0,False,Warm (19–23°C),2025-07-11 11:11:00,0,12
2025-07-08,10,Centre Court,Gate_5,Queue Ticket,General,0,USA,1,True,122.3,15.6,0.0,False,Cool (15–19°C),2025-07-08 13:00:00,0,9
2025-07-09,10,No.2 Court,Gate_6,Queue Ticket,General,0,USA,1,True,91.3,22.9,0.0,True,Warm (19–23°C),2025-07-09 12:20:00,0,10
2025-07-05,10,No.2 Court,Gate_2,Queue Ticket,General,0,UK,0,False,123.8,23.2,0.0,True,Hot (>23°C),2025-07-05 12:21:00,0,6
2025-07-08,11,Centre Court,Gate_2,Grounds Pass,General,1,UK,0,True,72.5,12.1,0.0,False,Cold (<15°C),2025-07-08 13:00:00,0,9
2025-07-12,11,Centre Court,Gate_1,Grounds Pass,General,1,Australia,1,True,85.1,27.4,0.06,True,Hot (>23°C),2025-07-12 13:00:00,0,13
2025-07-02,10,Court 5,Gate_3,Grounds Pass,General,1,USA,1,False,71.9,27.9,0.0,False,Hot (>23°C),2025-07-02 11:26:00,0,3
2025-07-13,10,No.3 Court,Gate_6,Queue Ticket,General,0,Japan,1,True,96.3,19.2,0.0,False,Warm (19–23°C),2025-07-13 12:17:00,0,14
2025-07-02,11,Court 4,Gate_4,No.1 Court,Reserved,3,UK,0,False,42.8,26.8,0.0,False,Hot (>23°C),2025-07-02 11:56:00,0,3
2025-07-06,11,Centre Court,Gate_1,Grounds Pass,General,1,USA,1,True,114.3,14.2,0.0,False,Cold (<15°C),2025-07-06 13:06:00,0,7
2025-07-10,11,Centre Court,Gate_2,Queue Ticket,General,0,UK,0,True,77.5,23.8,0.0,False,Hot (>23°C),2025-07-10 13:14:00,0,11
2025-07-13,11,Centre Court,Gate_5,Grounds Pass,General,1,UK,0,True,103.1,20.9,0.0,False,Warm (19–23°C),2025-07-13 13:07:00,0,14
2025-07-13,10,Court 12,Gate_4,No.2 Court,Reserved,2,France,1,True,81.2,19.2,0.0,False,Warm (19–23°C),2025-07-13 11:48:00,0,14
2025-07-12,11,No.1 Court,Gate_4,No.2 Court,Reserved,2,Canada,1,True,99.3,27.4,0.06,True,Hot (>23°C),2025-07-12 13:04:00,0,13
2025-07-10,10,Court 4,Gate_2,Grounds Pass,General,1,Australia,1,True,41.2,24.9,0.0,False,Hot (>23°C),2025-07-10 11:02:00,0,11
2025-07-09,10,No.3 Court,Gate_5,Centre Court,Premium,4,UK,0,True,120.3,22.9,0.0,True,Warm (19–23°C),2025-07-09 12:21:00,0,10
2025-07-01,9,Court 6,Gate_2,Queue Ticket,General,0,Spain,1,True,136.1,18.5,0.0,True,Cool (15–19°C),2025-07-01 11:21:00,66,2
2025-07-11,9,Court 5,Gate_6,Grounds Pass,General,1,UK,0,False,106.3,19.8,0.0,False,Warm (19–23°C),2025-07-11 11:44:00,0,12
2025-07-13,9,Court 6,Gate_2,No.2 Court,Reserved,2,Canada,1,True,65.7,20.3,0.0,False,Warm (19–23°C),2025-07-13 11:00:00,0,14
2025-07-01,9,Court 12,Gate_2,Grounds Pass,General,1,France,1,True,131.2,18.5,0.0,True,Cool (15–19°C),2025-07-01 11:21:00,0,2
2025-07-11,10,Court 4,Gate_1,Queue Ticket,General,0,UK,0,False,106.0,19.9,0.0,False,Warm (19–23°C),2025-07-11 11:49:00,0,12
2025-07-11,11,No.1 Court,Gate_7,Queue Ticket,General,0,Other,1,True,88.3,19.3,0.0,False,Warm (19–23°C),2025-07-11 13:01:00,0,12
2025-07-11,10,Court 7,Gate_7,Centre Court,Premium,4,Other,1,True,57.4,19.9,0.0,False,Warm (19–23°C),2025-07-11 11:02:00,0,12
2025-07-08,9,Court 5,Gate_5,Grounds Pass,General,1,USA,1,True,129.0,14.1,0.0,False,Cold (<15°C),2025-07-08 11:32:00,0,9
2025-07-02,11,No.2 Court,Gate_2,Queue Ticket,General,0,Australia,1,True,75.0,26.8,0.0,False,Hot (>23°C),2025-07-02 12:20:00,0,3
2025-07-11,9,Court 7,Gate_5,Centre Court,Premium,4,UK,0,True,74.4,19.8,0.0,False,Warm (19–23°C),2025-07-11 11:02:00,0,12
2025-07-11,9,Court 4,Gate_4,Queue Ticket,General,0,UK,0,True,117.3,19.8,0.0,False,Warm (19–23°C),2025-07-11 11:49:00,0,12
2025-07-13,12,No.1 Court,Gate_2,Queue Ticket,General,0,USA,1,False,61.8,18.2,0.0,False,Cool (15–19°C),2025-07-13 13:09:00,0,14
2025-07-04,11,Centre Court,Gate_1,Grounds Pass,General,1,UK,0,True,85.9,20.4,0.0,False,Warm (19–23°C),2025-07-04 13:08:00,0,5
2025-07-05,9,No.3 Court,Gate_3,Queue Ticket,General,0,France,1,True,126.1,26.0,0.0,True,Hot (>23°C),2025-07-05 12:04:00,0,6
2025-07-02,10,Court 4,Gate_6,Queue Ticket,General,0,France,1,True,102.9,27.9,0.0,False,Hot (>23°C),2025-07-02 11:56:00,0,3
2025-07-03,10,Court 4,Gate_3,Queue Ticket,General,0,France,1,True,57.4,19.8,0.0,False,Warm (19–23°C),2025-07-03 11:46:00,0,4
2025-07-11,11,Centre Court,Gate_4,Queue Ticket,General,0,UK,0,True,78.1,19.3,0.0,False,Warm (19–23°C),2025-07-11 13:13:00,0,12
2025-06-30,11,Court 4,Gate_4,Centre Court,Premium,4,UK,0,True,40.7,17.8,0.0,False,Cool (15–19°C),2025-06-30 11:58:00,0,1
2025-07-09,8,Court 7,Gate_2,Grounds Pass,General,1,Japan,1,True,122.5,22.8,0.0,True,Warm (19–23°C),2025-07-09 11:02:00,0,10
2025-07-04,9,Court 7,Gate_4,Queue Ticket,General,0,UK,0,False,108.7,21.9,0.0,False,Warm (19–23°C),2025-07-04 11:39:00,0,5
2025-07-06,10,Centre Court,Gate_8,Queue Ticket,General,0,Japan,1,True,128.4,15.5,0.0,False,Cool (15–19°C),2025-07-06 13:06:00,0,7
2025-07-11,9,Court 6,Gate_2,No.1 Court,Reserved,3,UK,0,False,72.8,19.8,0.0,False,Warm (19–23°C),2025-07-11 11:10:00,0,12
2025-07-09,10,Court 7,Gate_4,Centre Court,Premium,4,Other,1,False,59.7,22.9,0.0,True,Warm (19–23°C),2025-07-09 11:02:00,0,10
2025-07-07,10,Court 7,Gate_3,No.2 Court,Reserved,2,UK,0,True,88.1,24.1,0.0,False,Hot (>23°C),2025-07-07 11:35:00,0,8
2025-06-30,9,Court 18,Gate_7,Queue Ticket,General,0,USA,1,False,88.0,18.3,0.0,False,Cool (15–19°C),2025-06-30 11:26:00,0,1
2025-07-13,10,No.3 Court,Gate_3,Grounds Pass,General,1,UK,0,False,101.3,19.2,0.0,False,Warm (19–23°C),2025-07-13 12:17:00,0,14
2025-07-06,10,Court 5,Gate_6,Grounds Pass,General,1,Australia,1,False,62.4,15.5,0.0,False,Cool (15–19°C),2025-07-06 11:05:00,0,7
2025-07-07,10,Court 8,Gate_7,Queue Ticket,General,0,UK,0,True,82.9,24.1,0.0,False,Hot (>23°C),2025-07-07 11:59:00,0,8
2025-07-11,11,No.1 Court,Gate_6,Centre Court,Premium,4,Switzerland,1,True,61.7,19.3,0.0,False,Warm (19–23°C),2025-07-11 13:01:00,0,12
2025-07-11,9,Court 5,Gate_1,Queue Ticket,General,0,UK,0,True,141.6,19.8,0.0,False,Warm (19–23°C),2025-07-11 11:44:00,0,12
2025-07-05,10,No.2 Court,Gate_8,No.2 Court,Reserved,2,Spain,1,False,102.6,23.2,0.0,True,Hot (>23°C),2025-07-05 12:21:00,0,6
2025-07-11,9,Court 8,Gate_6,Queue Ticket,General,0,UK,0,True,94.7,19.8,0.0,False,Warm (19–23°C),2025-07-11 11:11:00,0,12
2025-07-08,11,No.3 Court,Gate_5,No.2 Court,Reserved,2,France,1,False,44.7,12.1,0.0,False,Cold (<15°C),2025-07-08 12:20:00,0,9
2025-07-02,9,Court 6,Gate_7,Grounds Pass,General,1,UK,0,True,74.4,25.2,0.0,False,Hot (>23°C),2025-07-02 11:05:00,0,3
2025-07-01,11,No.1 Court,Gate_1,Grounds Pass,General,1,Japan,1,False,90.6,20.6,0.76,True,Warm (19–23°C),2025-07-01 13:00:00,0,2
2025-07-08,10,No.3 Court,Gate_6,Grounds Pass,General,1,USA,1,True,94.2,15.6,0.0,False,Cool (15–19°C),2025-07-08 12:20:00,0,9
2025-07-03,10,Court 18,Gate_4,No.2 Court,Reserved,2,France,1,True,36.5,19.8,0.0,False,Warm (19–23°C),2025-07-03 11:05:00,0,4
2025-07-05,11,Centre Court,Gate_3,No.1 Court,Reserved,3,USA,1,False,72.5,25.0,11.35,True,Hot (>23°C),2025-07-05 13:01:00,0,6
2025-07-06,10,Court 6,Gate_8,Grounds Pass,General,1,UK,0,True,73.2,15.5,0.0,False,Cool (15–19°C),2025-07-06 11:42:00,0,7
2025-07-10,12,No.1 Court,Gate_8,Grounds Pass,General,1,UK,0,True,66.3,24.1,0.0,False,Hot (>23°C),2025-07-10 13:13:00,0,11
2025-07-12,9,No.2 Court,Gate_2,Grounds Pass,General,1,UK,0,False,132.3,25.3,0.0,True,Hot (>23°C),2025-07-12 12:03:00,49,13
2025-07-04,12,Centre Court,Gate_7,No.2 Court,Reserved,2,Australia,1,True,34.2,21.9,0.0,False,Warm (19–23°C),2025-07-04 13:08:00,0,5
2025-07-08,10,Court 4,Gate_6,Queue Ticket,General,0,Other,1,True,73.9,15.6,0.0,False,Cool (15–19°C),2025-07-08 11:29:00,0,9
2025-07-05,12,Centre Court,Gate_2,No.1 Court,Reserved,3,France,1,False,49.7,24.5,2.94,True,Hot (>23°C),2025-07-05 13:01:00,0,6
2025-07-04,10,Court 6,Gate_4,Centre Court,Premium,4,UK,0,True,81.2,21.2,0.0,False,Warm (19–23°C),2025-07-04 11:26:00,0,5
2025-07-05,10,No.2 Court,Gate_8,Grounds Pass,General,1,UK,0,True,114.2,23.2,0.0,True,Hot (>23°C),2025-07-05 12:21:00,0,6
2025-07-08,10,Court 7,Gate_2,Grounds Pass,General,1,UK,0,True,87.0,15.6,0.0,False,Cool (15–19°C),2025-07-08 11:32:00,0,9
2025-07-05,9,Court 6,Gate_8,No.2 Court,Reserved,2,Other,1,True,85.9,26.0,0.0,True,Hot (>23°C),2025-07-05 11:14:00,0,6
2025-07-06,10,Court 6,Gate_7,Grounds Pass,General,1,France,1,True,56.7,15.5,0.0,False,Cool (15–19°C),2025-07-06 11:42:00,0,7
2025-06-30,10,No.2 Court,Gate_4,Queue Ticket,General,0,USA,1,False,85.8,17.2,0.0,False,Cool (15–19°C),2025-06-30 12:02:00,89,1
2025-07-06,10,Court 5,Gate_8,Grounds Pass,General,1,UK,0,False,57.8,15.5,0.0,False,Cool (15–19°C),2025-07-06 11:05:00,0,7
2025-07-11,9,Court 8,Gate_6,No.2 Court,Reserved,2,UK,0,True,120.8,19.8,0.0,False,Warm (19–23°C),2025-07-11 11:11:00,0,12
2025-07-07,10,No.2 Court,Gate_8,Grounds Pass,General,1,USA,1,True,89.5,24.1,0.0,False,Hot (>23°C),2025-07-07 12:17:00,95,8
2025-07-02,11,Court 18,Gate_1,Centre Court,Premium,4,Japan,1,True,31.7,26.8,0.0,False,Hot (>23°C),2025-07-02 11:38:00,0,3
2025-07-02,9,Court 5,Gate_6,Grounds Pass,General,1,UK,0,False,87.7,25.2,0.0,False,Hot (>23°C),2025-07-02 11:26:00,0,3
2025-07-13,8,Court 5,Gate_7,Queue Ticket,General,0,UK,0,True,134.1,19.8,0.0,False,Warm (19–23°C),2025-07-13 11:08:00,0,14
2025-07-06,10,Court 5,Gate_7,Centre Court Debenture,Premium,5,Other,1,True,18.0,15.5,0.0,False,Cool (15–19°C),2025-07-06 11:05:00,0,7
2025-07-04,10,Court 6,Gate_8,Grounds Pass,General,1,Canada,1,False,55.6,21.2,0.0,False,Warm (19–23°C),2025-07-04 11:26:00,0,5
2025-07-10,10,No.2 Court,Gate_1,No.2 Court,Reserved,2,Spain,1,False,67.8,24.9,0.0,False,Hot (>23°C),2025-07-10 12:07:00,0,11
2025-07-01,10,No.1 Court,Gate_1,Grounds Pass,General,1,UK,0,True,147.1,19.4,0.0,True,Warm (19–23°C),2025-07-01 13:00:00,0,2
2025-06-30,10,No.2 Court,Gate_4,No.2 Court,Reserved,2,Spain,1,True,84.4,17.2,0.0,False,Cool (15–19°C),2025-06-30 12:02:00,89,1
2025-07-10,9,Court 6,Gate_7,Queue Ticket,General,0,UK,0,True,118.5,26.4,0.0,False,Hot (>23°C),2025-07-10 11:53:00,0,11
2025-07-11,11,No.1 Court,Gate_4,No.2 Court,Reserved,2,Australia,1,True,72.1,19.3,0.0,False,Warm (19–23°C),2025-07-11 13:01:00,0,12
2025-07-13,10,Court 8,Gate_8,No.2 Court,Reserved,2,UK,0,False,75.2,19.2,0.0,False,Warm (19–23°C),2025-07-13 11:44:00,0,14
2025-07-07,12,Centre Court,Gate_7,Grounds Pass,General,1,Japan,1,True,69.2,21.4,0.0,False,Warm (19–23°C),2025-07-07 13:10:00,0,8
2025-07-10,11,No.1 Court,Gate_3,Grounds Pass,General,1,Japan,1,True,90.5,23.8,0.0,False,Hot (>23°C),2025-07-10 13:13:00,0,11
2025-07-08,10,Court 7,Gate_1,Grounds Pass,General,1,UK,0,True,86.5,15.6,0.0,False,Cool (15–19°C),2025-07-08 11:32:00,0,9
2025-07-07,9,Court 18,Gate_6,Queue Ticket,General,0,UK,0,False,89.0,22.2,0.0,False,Warm (19–23°C),2025-07-07 11:17:00,0,8
2025-06-30,11,No.1 Court,Gate_2,Grounds Pass,General,1,Germany,1,True,78.8,17.8,0.0,False,Cool (15–19°C),2025-06-30 13:11:00,0,1
2025-07-11,12,Centre Court,Gate_7,No.2 Court,Reserved,2,Germany,1,True,25.4,19.8,0.0,False,Warm (19–23°C),2025-07-11 13:13:00,0,12
2025-07-12,10,Centre Court,Gate_4,Queue Ticket,General,0,USA,1,True,125.1,27.2,0.0,True,Hot (>23°C),2025-07-12 13:00:00,0,13
2025-07-07,11,No.1 Court,Gate_5,Queue Ticket,General,0,UK,0,True,83.4,21.4,0.0,False,Warm (19–23°C),2025-07-07 13:02:00,0,8
2025-07-07,12,Centre Court,Gate_4,Centre Court Debenture,Premium,5,UK,0,False,35.3,21.4,0.0,False,Warm (19–23°C),2025-07-07 13:10:00,0,8
2025-07-11,10,Court 4,Gate_4,Grounds Pass,General,1,UK,0,False,84.1,19.9,0.0,False,Warm (19–23°C),2025-07-11 11:49:00,0,12
2025-07-11,9,Court 5,Gate_2,Queue Ticket,General,0,Spain,1,True,114.6,19.8,0.0,False,Warm (19–23°C),2025-07-11 11:44:00,0,12
2025-07-06,12,No.3 Court,Gate_7,Centre Court Debenture,Premium,5,Germany,1,True,10.7,14.8,0.0,False,Cold (<15°C),2025-07-06 12:21:00,0,7
2025-07-02,10,Court 18,Gate_6,No.1 Court,Reserved,3,UK,0,True,65.1,27.9,0.0,False,Hot (>23°C),2025-07-02 11:38:00,0,3
2025-07-04,11,No.2 Court,Gate_2,Centre Court,Premium,4,Japan,1,True,37.3,20.4,0.0,False,Warm (19–23°C),2025-07-04 12:13:00,0,5
2025-07-13,11,No.3 Court,Gate_4,Centre Court Debenture,Premium,5,France,1,True,32.9,20.9,0.0,False,Warm (19–23°C),2025-07-13 12:17:00,0,14
2025-07-02,10,No.2 Court,Gate_8,Grounds Pass,General,1,UK,0,False,98.9,27.9,0.0,False,Hot (>23°C),2025-07-02 12:20:00,0,3
2025-07-12,9,Court 5,Gate_5,Queue Ticket,General,0,Japan,1,True,123.5,25.3,0.0,True,Hot (>23°C),2025-07-12 11:34:00,0,13
2025-07-03,12,Centre Court,Gate_5,No.2 Court,Reserved,2,Switzerland,1,True,54.3,20.5,0.0,False,Warm (19–23°C),2025-07-03 13:02:00,0,4
2025-07-09,11,Centre Court,Gate_3,No.1 Court,Reserved,3,UK,0,True,77.9,23.2,0.8,True,Hot (>23°C),2025-07-09 13:02:00,0,10
2025-06-30,10,Court 4,Gate_2,No.1 Court,Reserved,3,Canada,1,True,68.7,17.2,0.0,False,Cool (15–19°C),2025-06-30 11:58:00,0,1
2025-07-11,12,Centre Court,Gate_2,Grounds Pass,General,1,USA,1,False,72.4,19.8,0.0,False,Warm (19–23°C),2025-07-11 13:13:00,0,12
2025-07-02,11,No.3 Court,Gate_8,Centre Court Debenture,Premium,5,UK,0,True,62.3,26.8,0.0,False,Hot (>23°C),2025-07-02 12:14:00,0,3
2025-07-04,9,Court 18,Gate_6,Grounds Pass,General,1,Other,1,True,118.5,21.9,0.0,False,Warm (19–23°C),2025-07-04 11:19:00,36,5
2025-07-02,10,Court 5,Gate_4,Centre Court,Premium,4,UK,0,False,76.9,27.9,0.0,False,Hot (>23°C),2025-07-02 11:26:00,0,3
2025-07-06,10,No.2 Court,Gate_3,Grounds Pass,General,1,Spain,1,False,123.1,15.5,0.0,False,Cool (15–19°C),2025-07-06 12:07:00,0,7
2025-07-13,10,Centre Court,Gate_5,Grounds Pass,General,1,UK,0,True,142.2,19.2,0.0,False,Warm (19–23°C),2025-07-13 13:07:00,0,14
2025-07-04,10,No.3 Court,Gate_2,Grounds Pass,General,1,Spain,1,False,109.2,21.2,0.0,False,Warm (19–23°C),2025-07-04 12:29:00,0,5
2025-07-13,10,Court 18,Gate_5,Grounds Pass,General,1,UK,0,False,93.7,19.2,0.0,False,Warm (19–23°C),2025-07-13 11:50:00,21,14
2025-07-13,9,Court 6,Gate_1,Queue Ticket,General,0,Switzerland,1,False,60.5,20.3,0.0,False,Warm (19–23°C),2025-07-13 11:00:00,0,14
2025-06-30,11,No.1 Court,Gate_8,Grounds Pass,General,1,France,1,True,87.3,17.8,0.0,False,Cool (15–19°C),2025-06-30 13:11:00,0,1
2025-07-01,11,Centre Court,Gate_5,Queue Ticket,General,0,UK,0,False,111.5,20.6,0.76,True,Warm (19–23°C),2025-07-01 13:13:00,0,2
2025-07-06,9,Court 7,Gate_2,Queue Ticket,General,0,Switzerland,1,True,98.0,11.9,0.0,False,Cold (<15°C),2025-07-06 11:12:00,0,7
2025-07-02,11,No.3 Court,Gate_8,Centre Court Debenture,Premium,5,UK,0,False,44.1,26.8,0.0,False,Hot (>23°C),2025-07-02 12:14:00,0,3
2025-07-03,10,Court 8,Gate_5,Centre Court,Premium,4,UK,0,True,51.4,19.8,0.0,False,Warm (19–23°C),2025-07-03 11:04:00,0,4
2025-07-03,10,Centre Court,Gate_7,Queue Ticket,General,0,UK,0,False,138.4,19.8,0.0,False,Warm (19–23°C),2025-07-03 13:02:00,0,4
2025-07-05,10,No.2 Court,Gate_3,No.2 Court,Reserved,2,UK,0,False,97.6,23.2,0.0,True,Hot (>23°C),2025-07-05 12:21:00,0,6
2025-07-04,10,No.2 Court,Gate_8,Queue Ticket,General,0,Japan,1,False,121.0,21.2,0.0,False,Warm (19–23°C),2025-07-04 12:13:00,0,5
2025-07-06,10,No.3 Court,Gate_7,Grounds Pass,General,1,UK,0,True,87.4,15.5,0.0,False,Cool (15–19°C),2025-07-06 12:21:00,0,7
2025-07-13,11,No.2 Court,Gate_3,Grounds Pass,General,1,USA,1,True,72.9,20.9,0.0,False,Warm (19–23°C),2025-07-13 12:28:00,112,14
2025-07-06,9,Court 12,Gate_7,Queue Ticket,General,0,USA,1,True,92.1,11.9,0.0,False,Cold (<15°C),2025-07-06 11:10:00,0,7
2025-07-03,11,No.1 Court,Gate_6,Queue Ticket,General,0,UK,0,False,83.0,20.3,0.0,False,Warm (19–23°C),2025-07-03 13:11:00,0,4
2025-07-07,11,No.2 Court,Gate_4,Grounds Pass,General,1,USA,1,False,59.2,21.4,0.0,False,Warm (19–23°C),2025-07-07 12:17:00,95,8
2025-07-12,8,Court 8,Gate_4,Grounds Pass,General,1,UK,0,True,128.5,24.7,0.0,True,Hot (>23°C),2025-07-12 11:07:00,0,13
2025-07-08,10,No.2 Court,Gate_1,No.1 Court,Reserved,3,UK,0,True,94.6,15.6,0.0,False,Cool (15–19°C),2025-07-08 12:23:00,0,9
2025-07-08,11,Centre Court,Gate_7,Queue Ticket,General,0,Germany,1,False,104.4,12.1,0.0,False,Cold (<15°C),2025-07-08 13:00:00,0,9
2025-07-08,11,No.2 Court,Gate_7,No.2 Court,Reserved,2,UK,0,False,79.7,12.1,0.0,False,Cold (<15°C),2025-07-08 12:23:00,0,9
2025-07-01,9,Court 12,Gate_8,Grounds Pass,General,1,UK,0,True,107.0,18.5,0.0,True,Cool (15–19°C),2025-07-01 11:21:00,0,2
2025-07-02,10,Court 4,Gate_3,Queue Ticket,General,0,Australia,1,True,106.0,27.9,0.0,False,Hot (>23°C),2025-07-02 11:56:00,0,3
2025-07-11,9,Court 7,Gate_8,Grounds Pass,General,1,USA,1,True,68.9,19.8,0.0,False,Warm (19–23°C),2025-07-11 11:02:00,0,12
2025-07-09,10,No.2 Court,Gate_7,No.2 Court,Reserved,2,UK,0,False,137.2,22.9,0.0,True,Warm (19–23°C),2025-07-09 12:20:00,0,10
2025-07-01,9,Court 4,Gate_5,Grounds Pass,General,1,UK,0,True,125.4,18.5,0.0,True,Cool (15–19°C),2025-07-01 11:26:00,0,2
2025-07-12,10,Court 6,Gate_1,Centre Court,Premium,4,USA,1,False,16.9,27.2,0.0,True,Hot (>23°C),2025-07-12 11:01:00,0,13
2025-07-03,11,Centre Court,Gate_1,Queue Ticket,General,0,USA,1,False,120.4,20.3,0.0,False,Warm (19–23°C),2025-07-03 13:02:00,0,4
2025-07-09,11,Centre Court,Gate_3,Centre Court,Premium,4,UK,0,True,97.9,23.2,0.8,True,Hot (>23°C),2025-07-09 13:02:00,0,10
2025-07-05,11,No.1 Court,Gate_8,No.2 Court,Reserved,2,France,1,True,99.0,25.0,11.35,True,Hot (>23°C),2025-07-05 13:01:00,0,6
2025-07-05,9,Court 8,Gate_6,Grounds Pass,General,1,UK,0,True,140.0,26.0,0.0,True,Hot (>23°C),2025-07-05 11:57:00,28,6
2025-07-04,12,Centre Court,Gate_2,Grounds Pass,General,1,USA,1,True,61.8,21.9,0.0,False,Warm (19–23°C),2025-07-04 13:08:00,0,5
2025-07-07,10,No.3 Court,Gate_8,Grounds Pass,General,1,UK,0,True,87.9,24.1,0.0,False,Hot (>23°C),2025-07-07 12:12:00,37,8
2025-06-30,11,Centre Court,Gate_6,Queue Ticket,General,0,UK,0,True,117.6,17.8,0.0,False,Cool (15–19°C),2025-06-30 13:01:00,0,1
2025-07-13,11,No.3 Court,Gate_6,No.2 Court,Reserved,2,Spain,1,True,61.7,20.9,0.0,False,Warm (19–23°C),2025-07-13 12:17:00,0,14
2025-06-30,11,No.1 Court,Gate_7,Grounds Pass,General,1,Germany,1,True,72.6,17.8,0.0,False,Cool (15–19°C),2025-06-30 13:11:00,0,1
2025-07-08,12,No.1 Court,Gate_5,Queue Ticket,General,0,Australia,1,False,64.9,12.5,0.0,False,Cold (<15°C),2025-07-08 13:07:00,0,9
2025-07-08,10,Court 5,Gate_4,Queue Ticket,General,0,UK,0,False,66.3,15.6,0.0,False,Cool (15–19°C),2025-07-08 11:32:00,0,9
2025-07-12,9,Court 18,Gate_6,Grounds Pass,General,1,Germany,1,True,107.9,25.3,0.0,True,Hot (>23°C),2025-07-12 11:23:00,0,13
2025-07-01,8,Court 8,Gate_4,Queue Ticket,General,0,UK,0,True,160.5,21.8,0.0,True,Warm (19–23°C),2025-07-01 11:09:00,0,2
2025-07-03,11,No.3 Court,Gate_4,Queue Ticket,General,0,France,1,False,66.0,20.3,0.0,False,Warm (19–23°C),2025-07-03 12:08:00,0,4
2025-07-01,10,No.3 Court,Gate_3,No.2 Court,Reserved,2,France,1,True,118.3,19.4,0.0,True,Warm (19–23°C),2025-07-01 12:22:00,0,2
2025-07-08,10,No.2 Court,Gate_3,Grounds Pass,General,1,Other,1,True,97.2,15.6,0.0,False,Cool (15–19°C),2025-07-08 12:23:00,0,9
2025-07-09,11,No.1 Court,Gate_3,Centre Court,Premium,4,UK,0,False,113.0,23.2,0.8,True,Hot (>23°C),2025-07-09 13:09:00,0,10
2025-07-01,11,Court 5,Gate_8,Centre Court,Premium,4,Japan,1,False,42.3,20.6,0.76,True,Warm (19–23°C),2025-07-01 11:53:00,0,2
2025-07-13,11,No.1 Court,Gate_6,Grounds Pass,General,1,UK,0,True,86.1,20.9,0.0,False,Warm (19–23°C),2025-07-13 13:09:00,0,14
2025-07-10,12,Centre Court,Gate_3,No.1 Court,Reserved,3,UK,0,True,48.5,24.1,0.0,False,Hot (>23°C),2025-07-10 13:14:00,0,11
2025-07-05,10,No.2 Court,Gate_2,Queue Ticket,General,0,USA,1,True,130.5,23.2,0.0,True,Hot (>23°C),2025-07-05 12:21:00,0,6
2025-07-03,9,Court 5,Gate_4,Grounds Pass,General,1,Spain,1,True,102.1,17.0,0.0,False,Cool (15–19°C),2025-07-03 11:02:00,33,4
2025-07-05,11,No.2 Court,Gate_7,No.2 Court,Reserved,2,USA,1,False,57.9,25.0,11.35,True,Hot (>23°C),2025-07-05 12:21:00,0,6
2025-07-12,9,Court 5,Gate_3,Queue Ticket,General,0,France,1,True,113.2,25.3,0.0,True,Hot (>23°C),2025-07-12 11:34:00,0,13
2025-07-10,11,No.3 Court,Gate_3,Queue Ticket,General,0,UK,0,True,68.2,23.8,0.0,False,Hot (>23°C),2025-07-10 12:15:00,0,11
2025-06-30,11,Court 18,Gate_3,No.1 Court,Reserved,3,Spain,1,True,19.8,17.8,0.0,False,Cool (15–19°C),2025-06-30 11:26:00,0,1
2025-07-03,9,Court 5,Gate_2,Queue Ticket,General,0,UK,0,True,87.9,17.0,0.0,False,Cool (15–19°C),2025-07-03 11:02:00,33,4
2025-07-11,10,No.3 Court,Gate_6,Queue Ticket,General,0,UK,0,True,115.4,19.9,0.0,False,Warm (19–23°C),2025-07-11 12:28:00,26,12
2025-07-06,11,Centre Court,Gate_5,No.1 Court,Reserved,3,UK,0,False,113.0,14.2,0.0,False,Cold (<15°C),2025-07-06 13:06:00,0,7
2025-07-02,12,No.1 Court,Gate_2,Centre Court Debenture,Premium,5,Australia,1,True,17.7,27.1,0.0,False,Hot (>23°C),2025-07-02 13:07:00,0,3
2025-07-08,11,Court 7,Gate_7,Centre Court,Premium,4,Switzerland,1,False,5.0,12.1,0.0,False,Cold (<15°C),2025-07-08 11:32:00,0,9
2025-06-30,11,Court 4,Gate_4,Centre Court,Premium,4,USA,1,True,28.8,17.8,0.0,False,Cool (15–19°C),2025-06-30 11:58:00,0,1
2025-07-02,10,Court 6,Gate_6,Grounds Pass,General,1,USA,1,True,23.6,27.9,0.0,False,Hot (>23°C),2025-07-02 11:05:00,0,3
2025-07-12,9,Court 6,Gate_8,Grounds Pass,General,1,UK,0,True,101.6,25.3,0.0,True,Hot (>23°C),2025-07-12 11:01:00,0,13
2025-07-01,12,No.1 Court,Gate_3,Centre Court Debenture,Premium,5,Canada,1,True,45.3,19.3,0.5,True,Warm (19–23°C),2025-07-01 13:00:00,0,2
2025-07-03,12,No.1 Court,Gate_8,Centre Court,Premium,4,USA,1,True,36.5,20.5,0.0,False,Warm (19–23°C),2025-07-03 13:11:00,0,4
2025-07-02,11,No.2 Court,Gate_2,Grounds Pass,General,1,Australia,1,True,58.2,26.8,0.0,False,Hot (>23°C),2025-07-02 12:20:00,0,3
2025-07-10,9,Court 4,Gate_4,No.2 Court,Reserved,2,UK,0,False,102.9,26.4,0.0,False,Hot (>23°C),2025-07-10 11:02:00,0,11
2025-07-13,10,No.1 Court,Gate_4,Queue Ticket,General,0,UK,0,True,130.4,19.2,0.0,False,Warm (19–23°C),2025-07-13 13:09:00,0,14
2025-07-13,10,Court 7,Gate_7,No.2 Court,Reserved,2,UK,0,True,84.4,19.2,0.0,False,Warm (19–23°C),2025-07-13 11:57:00,0,14
2025-07-04,11,Court 7,Gate_3,No.1 Court,Reserved,3,USA,1,False,24.5,20.4,0.0,False,Warm (19–23°C),2025-07-04 11:39:00,0,5
2025-07-12,11,No.1 Court,Gate_5,Grounds Pass,General,1,UK,0,False,116.2,27.4,0.06,True,Hot (>23°C),2025-07-12 13:04:00,0,13
2025-07-13,11,Court 12,Gate_8,No.1 Court,Reserved,3,Spain,1,False,30.8,20.9,0.0,False,Warm (19–23°C),2025-07-13 11:48:00,0,14
2025-07-09,10,Court 7,Gate_6,Centre Court Debenture,Premium,5,Germany,1,False,24.1,22.9,0.0,True,Warm (19–23°C),2025-07-09 11:02:00,0,10
2025-07-05,9,Court 4,Gate_5,Queue Ticket,General,0,UK,0,True,106.0,26.0,0.0,True,Hot (>23°C),2025-07-05 11:29:00,0,6
2025-06-30,11,Centre Court,Gate_6,Queue Ticket,General,0,Spain,1,False,63.6,17.8,0.0,False,Cool (15–19°C),2025-06-30 13:01:00,0,1
2025-07-09,11,No.1 Court,Gate_3,Grounds Pass,General,1,UK,0,False,90.5,23.2,0.8,True,Hot (>23°C),2025-07-09 13:09:00,0,10
2025-07-02,12,Centre Court,Gate_7,Grounds Pass,General,1,Canada,1,False,35.3,27.1,0.0,False,Hot (>23°C),2025-07-02 13:01:00,0,3
2025-07-13,11,No.3 Court,Gate_8,No.2 Court,Reserved,2,Canada,1,False,54.7,20.9,0.0,False,Warm (19–23°C),2025-07-13 12:17:00,0,14
2025-07-12,9,Court 18,Gate_5,No.2 Court,Reserved,2,Germany,1,True,88.9,25.3,0.0,True,Hot (>23°C),2025-07-12 11:23:00,0,13
2025-07-13,10,Court 18,Gate_5,Grounds Pass,General,1,USA,1,True,81.0,19.2,0.0,False,Warm (19–23°C),2025-07-13 11:50:00,21,14
2025-07-11,9,Court 6,Gate_1,No.2 Court,Reserved,2,France,1,True,78.2,19.8,0.0,False,Warm (19–23°C),2025-07-11 11:10:00,0,12
2025-07-10,10,No.3 Court,Gate_6,Queue Ticket,General,0,UK,0,True,91.9,24.9,0.0,False,Hot (>23°C),2025-07-10 12:15:00,0,11
2025-07-01,11,No.1 Court,Gate_3,No.2 Court,Reserved,2,USA,1,True,71.6,20.6,0.76,True,Warm (19–23°C),2025-07-01 13:00:00,0,2
2025-07-01,10,Court 5,Gate_4,No.2 Court,Reserved,2,UK,0,True,106.4,19.4,0.0,True,Warm (19–23°C),2025-07-01 11:53:00,0,2
2025-07-12,11,Centre Court,Gate_1,Centre Court,Premium,4,UK,0,True,112.0,27.4,0.06,True,Hot (>23°C),2025-07-12 13:00:00,0,13
2025-07-11,9,No.2 Court,Gate_7,Grounds Pass,General,1,UK,0,False,132.3,19.8,0.0,False,Warm (19–23°C),2025-07-11 12:00:00,0,12
2025-07-06,9,Court 4,Gate_4,Centre Court,Premium,4,UK,0,True,75.5,11.9,0.0,False,Cold (<15°C),2025-07-06 11:04:00,0,7
2025-07-03,11,No.1 Court,Gate_5,Queue Ticket,General,0,Australia,1,False,98.9,20.3,0.0,False,Warm (19–23°C),2025-07-03 13:11:00,0,4
2025-07-04,11,No.1 Court,Gate_4,Grounds Pass,General,1,UK,0,True,103.7,20.4,0.0,False,Warm (19–23°C),2025-07-04 13:05:00,0,5
2025-07-07,12,Centre Court,Gate_2,No.2 Court,Reserved,2,UK,0,True,62.1,21.4,0.0,False,Warm (19–23°C),2025-07-07 13:10:00,0,8
2025-07-02,11,Centre Court,Gate_3,Queue Ticket,General,0,UK,0,False,78.2,26.8,0.0,False,Hot (>23°C),2025-07-02 13:01:00,0,3
2025-06-30,11,Court 8,Gate_2,No.2 Court,Reserved,2,Germany,1,True,45.0,17.8,0.0,False,Cool (15–19°C),2025-06-30 11:55:00,0,1
2025-07-12,10,Court 4,Gate_2,Centre Court,Premium,4,UK,0,True,66.6,27.2,0.0,True,Hot (>23°C),2025-07-12 11:45:00,0,13
2025-07-01,11,Centre Court,Gate_7,Centre Court,Premium,4,Japan,1,True,104.4,20.6,0.76,True,Warm (19–23°C),2025-07-01 13:13:00,0,2
2025-07-12,9,Court 4,Gate_1,Queue Ticket,General,0,Japan,1,False,128.4,25.3,0.0,True,Hot (>23°C),2025-07-12 11:45:00,0,13
2025-07-12,10,Court 8,Gate_5,No.2 Court,Reserved,2,Switzerland,1,True,24.5,27.2,0.0,True,Hot (>23°C),2025-07-12 11:07:00,0,13
2025-07-02,10,Court 5,Gate_6,Queue Ticket,General,0,USA,1,True,62.5,27.9,0.0,False,Hot (>23°C),2025-07-02 11:26:00,0,3
2025-07-09,11,Centre Court,Gate_3,Centre Court,Premium,4,UK,0,False,82.9,23.2,0.8,True,Hot (>23°C),2025-07-09 13:02:00,0,10
2025-07-11,10,Court 6,Gate_4,Centre Court Debenture,Premium,5,UK,0,True,48.3,19.9,0.0,False,Warm (19–23°C),2025-07-11 11:10:00,0,12
2025-06-30,11,No.3 Court,Gate_3,No.2 Court,Reserved,2,UK,0,True,58.2,17.8,0.0,False,Cool (15–19°C),2025-06-30 12:15:00,0,1
2025-07-11,10,Court 5,Gate_2,No.1 Court,Reserved,3,UK,0,True,78.8,19.9,0.0,False,Warm (19–23°C),2025-07-11 11:44:00,0,12
2025-07-09,11,No.1 Court,Gate_5,Centre Court,Premium,4,UK,0,False,124.8,23.2,0.8,True,Hot (>23°C),2025-07-09 13:09:00,0,10
2025-07-13,11,No.2 Court,Gate_8,Grounds Pass,General,1,UK,0,True,70.9,20.9,0.0,False,Warm (19–23°C),2025-07-13 12:28:00,112,14
2025-07-13,10,Court 18,Gate_5,Centre Court,Premium,4,Other,1,False,51.5,19.2,0.0,False,Warm (19–23°C),2025-07-13 11:50:00,21,14
2025-07-04,11,No.3 Court,Gate_6,No.1 Court,Reserved,3,UK,0,False,76.9,20.4,0.0,False,Warm (19–23°C),2025-07-04 12:29:00,0,5
2025-07-11,10,Court 4,Gate_8,Grounds Pass,General,1,Japan,1,True,66.0,19.9,0.0,False,Warm (19–23°C),2025-07-11 11:49:00,0,12
2025-07-12,10,Centre Court,Gate_4,Grounds Pass,General,1,France,1,False,138.8,27.2,0.0,True,Hot (>23°C),2025-07-12 13:00:00,0,13
2025-07-04,9,Court 5,Gate_4,Queue Ticket,General,0,UK,0,False,95.9,21.9,0.0,False,Warm (19–23°C),2025-07-04 11:16:00,0,5
2025-07-08,10,Court 7,Gate_6,Queue Ticket,General,0,Japan,1,True,66.7,15.6,0.0,False,Cool (15–19°C),2025-07-08 11:32:00,0,9
2025-07-10,10,Court 7,Gate_6,Grounds Pass,General,1,Other,1,False,56.8,24.9,0.0,False,Hot (>23°C),2025-07-10 11:13:00,0,11
2025-07-03,10,Court 7,Gate_1,Queue Ticket,General,0,UK,0,False,94.5,19.8,0.0,False,Warm (19–23°C),2025-07-03 11:40:00,0,4
2025-07-07,10,Court 4,Gate_1,Grounds Pass,General,1,Other,1,False,85.8,24.1,0.0,False,Hot (>23°C),2025-07-07 11:29:00,0,8
2025-07-03,10,No.3 Court,Gate_3,Grounds Pass,General,1,UK,0,True,118.0,19.8,0.0,False,Warm (19–23°C),2025-07-03 12:08:00,0,4
2025-07-05,11,Centre Court,Gate_2,Centre Court,Premium,4,UK,0,True,83.0,25.0,11.35,True,Hot (>23°C),2025-07-05 13:01:00,0,6
2025-07-08,11,Court 12,Gate_4,Centre Court Debenture,Premium,5,UK,0,False,31.3,12.1,0.0,False,Cold (<15°C),2025-07-08 11:49:00,0,9
2025-07-04,11,No.2 Court,Gate_3,Centre Court,Premium,4,Australia,1,False,44.0,20.4,0.0,False,Warm (19–23°C),2025-07-04 12:13:00,0,5
2025-07-08,10,Court 5,Gate_7,Centre Court,Premium,4,UK,0,False,70.7,15.6,0.0,False,Cool (15–19°C),2025-07-08 11:32:00,0,9
2025-07-03,10,No.2 Court,Gate_3,Queue Ticket,General,0,UK,0,True,111.2,19.8,0.0,False,Warm (19–23°C),2025-07-03 12:23:00,0,4
2025-07-07,10,No.3 Court,Gate_4,Centre Court Debenture,Premium,5,UK,0,True,76.9,24.1,0.0,False,Hot (>23°C),2025-07-07 12:12:00,37,8
2025-07-03,11,No.2 Court,Gate_6,Centre Court Debenture,Premium,5,UK,0,False,68.1,20.3,0.0,False,Warm (19–23°C),2025-07-03 12:23:00,0,4
2025-07-02,11,No.1 Court,Gate_8,No.2 Court,Reserved,2,UK,0,True,82.1,26.8,0.0,False,Hot (>23°C),2025-07-02 13:07:00,0,3
2025-07-11,12,No.1 Court,Gate_1,No.1 Court,Reserved,3,Japan,1,True,33.8,19.8,0.0,False,Warm (19–23°C),2025-07-11 13:01:00,0,12
2025-07-13,10,Court 4,Gate_7,Centre Court,Premium,4,Germany,1,False,56.9,19.2,0.0,False,Warm (19–23°C),2025-07-13 11:33:00,92,14
2025-07-05,9,Court 4,Gate_1,Grounds Pass,General,1,Spain,1,True,98.3,26.0,0.0,True,Hot (>23°C),2025-07-05 11:29:00,0,6
2025-07-02,11,Centre Court,Gate_6,Grounds Pass,General,1,Canada,1,True,81.3,26.8,0.0,False,Hot (>23°C),2025-07-02 13:01:00,0,3
2025-07-07,10,Court 18,Gate_6,Grounds Pass,General,1,France,1,True,55.5,24.1,0.0,False,Hot (>23°C),2025-07-07 11:17:00,0,8
2025-07-08,9,Court 5,Gate_7,No.2 Court,Reserved,2,UK,0,False,107.4,14.1,0.0,False,Cold (<15°C),2025-07-08 11:32:00,0,9
2025-07-12,11,No.1 Court,Gate_2,No.2 Court,Reserved,2,USA,1,False,96.2,27.4,0.06,True,Hot (>23°C),2025-07-12 13:04:00,0,13
2025-07-12,11,No.1 Court,Gate_8,Grounds Pass,General,1,France,1,True,109.7,27.4,0.06,True,Hot (>23°C),2025-07-12 13:04:00,0,13
2025-07-11,11,No.2 Court,Gate_3,Grounds Pass,General,1,UK,0,True,52.4,19.3,0.0,False,Warm (19–23°C),2025-07-11 12:00:00,0,12
2025-07-08,9,Court 7,Gate_4,Grounds Pass,General,1,UK,0,True,92.3,14.1,0.0,False,Cold (<15°C),2025-07-08 11:32:00,0,9
2025-07-09,9,Court 4,Gate_8,Grounds Pass,General,1,Other,1,False,125.0,23.5,0.0,True,Hot (>23°C),2025-07-09 11:43:00,81,10
2025-07-06,11,No.1 Court,Gate_3,Grounds Pass,General,1,USA,1,False,108.5,14.2,0.0,False,Cold (<15°C),2025-07-06 13:03:00,0,7
2025-07-02,11,No.1 Court,Gate_2,Grounds Pass,General,1,Other,1,True,93.2,26.8,0.0,False,Hot (>23°C),2025-07-02 13:07:00,0,3
2025-07-03,10,Court 6,Gate_4,Queue Ticket,General,0,Australia,1,False,69.8,19.8,0.0,False,Warm (19–23°C),2025-07-03 11:26:00,0,4
2025-07-09,9,Court 18,Gate_2,No.1 Court,Reserved,3,UK,0,True,130.1,23.5,0.0,True,Hot (>23°C),2025-07-09 11:12:00,0,10
2025-07-04,10,Court 5,Gate_1,No.2 Court,Reserved,2,UK,0,False,48.1,21.2,0.0,False,Warm (19–23°C),2025-07-04 11:16:00,0,5
2025-07-03,9,Court 8,Gate_2,Grounds Pass,General,1,UK,0,True,119.8,17.0,0.0,False,Cool (15–19°C),2025-07-03 11:04:00,0,4
2025-07-03,11,No.1 Court,Gate_3,Queue Ticket,General,0,UK,0,True,124.9,20.3,0.0,False,Warm (19–23°C),2025-07-03 13:11:00,0,4
2025-07-01,11,No.3 Court,Gate_8,Grounds Pass,General,1,UK,0,True,77.0,20.6,0.76,True,Warm (19–23°C),2025-07-01 12:22:00,0,2
2025-07-05,10,Court 18,Gate_8,Grounds Pass,General,1,France,1,True,114.0,23.2,0.0,True,Hot (>23°C),2025-07-05 11:57:00,0,6
2025-06-30,9,Court 5,Gate_3,Queue Ticket,General,0,UK,0,False,136.0,18.3,0.0,False,Cool (15–19°C),2025-06-30 11:30:00,0,1
2025-07-02,11,No.1 Court,Gate_5,Queue Ticket,General,0,Spain,1,True,85.0,26.8,0.0,False,Hot (>23°C),2025-07-02 13:07:00,0,3
2025-06-30,10,Court 8,Gate_8,Grounds Pass,General,1,Other,1,True,90.0,17.2,0.0,False,Cool (15–19°C),2025-06-30 11:55:00,0,1
2025-07-02,11,No.1 Court,Gate_4,No.1 Court,Reserved,3,UK,0,False,67.6,26.8,0.0,False,Hot (>23°C),2025-07-02 13:07:00,0,3
2025-07-05,9,Court 7,Gate_6,Queue Ticket,General,0,UK,0,True,118.3,26.0,0.0,True,Hot (>23°C),2025-07-05 11:18:00,0,6
2025-07-03,10,Court 6,Gate_3,Grounds Pass,General,1,Japan,1,False,74.7,19.8,0.0,False,Warm (19–23°C),2025-07-03 11:26:00,0,4
2025-07-11,12,Centre Court,Gate_5,No.1 Court,Reserved,3,Canada,1,True,53.7,19.8,0.0,False,Warm (19–23°C),2025-07-11 13:13:00,0,12
2025-07-03,11,No.2 Court,Gate_7,No.1 Court,Reserved,3,Switzerland,1,True,58.8,20.3,0.0,False,Warm (19–23°C),2025-07-03 12:23:00,0,4
2025-07-12,10,No.2 Court,Gate_3,No.2 Court,Reserved,2,Spain,1,True,80.2,27.2,0.0,True,Hot (>23°C),2025-07-12 12:03:00,49,13
2025-07-03,11,No.2 Court,Gate_2,Queue Ticket,General,0,USA,1,False,78.9,20.3,0.0,False,Warm (19–23°C),2025-07-03 12:23:00,0,4
2025-07-07,11,No.1 Court,Gate_1,Grounds Pass,General,1,UK,0,True,93.2,21.4,0.0,False,Warm (19–23°C),2025-07-07 13:02:00,0,8
2025-07-13,8,Court 6,Gate_5,Grounds Pass,General,1,UK,0,False,137.4,19.8,0.0,False,Warm (19–23°C),2025-07-13 11:00:00,0,14
2025-06-30,11,No.1 Court,Gate_2,Grounds Pass,General,1,UK,0,True,115.1,17.8,0.0,False,Cool (15–19°C),2025-06-30 13:11:00,0,1
2025-07-04,11,No.2 Court,Gate_4,No.2 Court,Reserved,2,Australia,1,False,13.2,20.4,0.0,False,Warm (19–23°C),2025-07-04 12:13:00,0,5
2025-07-07,11,No.1 Court,Gate_7,No.1 Court,Reserved,3,UK,0,False,71.8,21.4,0.0,False,Warm (19–23°C),2025-07-07 13:02:00,0,8
2025-07-10,11,No.2 Court,Gate_7,Queue Ticket,General,0,UK,0,True,57.5,23.8,0.0,False,Hot (>23°C),2025-07-10 12:07:00,0,11
2025-07-05,9,Court 12,Gate_3,Queue Ticket,General,0,Other,1,True,108.4,26.0,0.0,True,Hot (>23°C),2025-07-05 11:20:00,0,6
2025-07-11,11,Centre Court,Gate_3,Grounds Pass,General,1,UK,0,False,122.5,19.3,0.0,False,Warm (19–23°C),2025-07-11 13:13:00,0,12
2025-07-04,9,Court 5,Gate_4,Centre Court,Premium,4,UK,0,True,80.3,21.9,0.0,False,Warm (19–23°C),2025-07-04 11:16:00,0,5
2025-07-11,12,No.1 Court,Gate_8,Grounds Pass,General,1,Australia,1,True,53.0,19.8,0.0,False,Warm (19–23°C),2025-07-11 13:01:00,0,12
2025-06-30,10,Court 4,Gate_2,Grounds Pass,General,1,UK,0,False,91.5,17.2,0.0,False,Cool (15–19°C),2025-06-30 11:58:00,0,1
2025-07-02,9,Court 4,Gate_4,Queue Ticket,General,0,UK,0,True,120.3,25.2,0.0,False,Hot (>23°C),2025-07-02 11:56:00,0,3
2025-07-10,10,No.2 Court,Gate_6,Grounds Pass,General,1,Australia,1,True,89.6,24.9,0.0,False,Hot (>23°C),2025-07-10 12:07:00,0,11
2025-07-12,9,Court 8,Gate_4,Centre Court,Premium,4,UK,0,True,96.1,25.3,0.0,True,Hot (>23°C),2025-07-12 11:07:00,0,13
2025-06-30,10,Court 6,Gate_6,No.2 Court,Reserved,2,UK,0,False,54.9,17.2,0.0,False,Cool (15–19°C),2025-06-30 11:07:00,0,1
2025-07-13,11,No.1 Court,Gate_4,Queue Ticket,General,0,UK,0,True,124.3,20.9,0.0,False,Warm (19–23°C),2025-07-13 13:09:00,0,14
2025-06-30,9,Court 7,Gate_3,Grounds Pass,General,1,UK,0,True,74.2,18.3,0.0,False,Cool (15–19°C),2025-06-30 11:10:00,0,1
2025-07-02,12,Centre Court,Gate_8,No.2 Court,Reserved,2,UK,0,True,48.8,27.1,0.0,False,Hot (>23°C),2025-07-02 13:01:00,0,3
2025-06-30,11,Court 8,Gate_5,Centre Court Debenture,Premium,5,Canada,1,False,8.8,17.8,0.0,False,Cool (15–19°C),2025-06-30 11:55:00,0,1
2025-07-08,12,Centre Court,Gate_8,Centre Court,Premium,4,UK,0,False,58.4,12.5,0.0,False,Cold (<15°C),2025-07-08 13:00:00,0,9
2025-07-05,10,No.3 Court,Gate_1,Queue Ticket,General,0,UK,0,True,119.7,23.2,0.0,True,Hot (>23°C),2025-07-05 12:04:00,0,6
2025-07-02,12,Centre Court,Gate_4,Centre Court,Premium,4,Australia,1,False,43.5,27.1,0.0,False,Hot (>23°C),2025-07-02 13:01:00,0,3
2025-07-03,9,Court 8,Gate_8,No.2 Court,Reserved,2,UK,0,True,70.4,17.0,0.0,False,Cool (15–19°C),2025-07-03 11:04:00,0,4
2025-07-06,9,Court 18,Gate_5,Grounds Pass,General,1,USA,1,False,96.6,11.9,0.0,False,Cold (<15°C),2025-07-06 11:29:00,0,7
2025-07-10,10,Court 8,Gate_1,Grounds Pass,General,1,UK,0,True,79.8,24.9,0.0,False,Hot (>23°C),2025-07-10 11:53:00,0,11
2025-07-02,11,Court 4,Gate_6,No.2 Court,Reserved,2,Japan,1,False,17.6,26.8,0.0,False,Hot (>23°C),2025-07-02 11:56:00,0,3
2025-07-05,9,No.3 Court,Gate_4,Grounds Pass,General,1,Germany,1,True,147.9,26.0,0.0,True,Hot (>23°C),2025-07-05 12:04:00,0,6
2025-07-03,9,Court 8,Gate_7,No.2 Court,Reserved,2,UK,0,True,101.6,17.0,0.0,False,Cool (15–19°C),2025-07-03 11:04:00,0,4
2025-07-09,10,Centre Court,Gate_7,Grounds Pass,General,1,UK,0,False,139.0,22.9,0.0,True,Warm (19–23°C),2025-07-09 13:02:00,0,10
2025-06-30,10,Court 7,Gate_6,Centre Court Debenture,Premium,5,USA,1,True,35.6,17.2,0.0,False,Cool (15–19°C),2025-06-30 11:10:00,0,1
2025-07-06,11,No.1 Court,Gate_3,Centre Court Debenture,Premium,5,UK,0,False,65.8,14.2,0.0,False,Cold (<15°C),2025-07-06 13:03:00,0,7
2025-07-09,9,Court 12,Gate_4,Grounds Pass,General,1,USA,1,True,110.8,23.5,0.0,True,Hot (>23°C),2025-07-09 11:49:00,0,10
2025-07-11,9,Court 7,Gate_5,Grounds Pass,General,1,Canada,1,False,73.3,19.8,0.0,False,Warm (19–23°C),2025-07-11 11:02:00,0,12
2025-07-09,9,Court 5,Gate_4,Grounds Pass,General,1,UK,0,True,146.8,23.5,0.0,True,Hot (>23°C),2025-07-09 11:54:00,0,10
2025-07-12,12,No.1 Court,Gate_4,Centre Court Debenture,Premium,5,Germany,1,False,27.7,25.1,0.95,True,Hot (>23°C),2025-07-12 13:04:00,0,13
2025-07-06,11,No.1 Court,Gate_7,Queue Ticket,General,0,Other,1,True,76.4,14.2,0.0,False,Cold (<15°C),2025-07-06 13:03:00,0,7
2025-07-01,10,No.3 Court,Gate_7,No.1 Court,Reserved,3,UK,0,False,130.1,19.4,0.0,True,Warm (19–23°C),2025-07-01 12:22:00,0,2
2025-07-08,10,Court 18,Gate_1,No.1 Court,Reserved,3,France,1,False,55.9,15.6,0.0,False,Cool (15–19°C),2025-07-08 11:32:00,0,9
2025-07-07,12,Centre Court,Gate_5,Centre Court,Premium,4,UK,0,False,44.6,21.4,0.0,False,Warm (19–23°C),2025-07-07 13:10:00,0,8
2025-07-07,10,No.2 Court,Gate_4,No.2 Court,Reserved,2,UK,0,True,97.0,24.1,0.0,False,Hot (>23°C),2025-07-07 12:17:00,95,8
2025-07-06,9,Court 4,Gate_1,Grounds Pass,General,1,UK,0,True,65.0,11.9,0.0,False,Cold (<15°C),2025-07-06 11:04:00,0,7
2025-07-08,10,Court 4,Gate_5,No.2 Court,Reserved,2,UK,0,False,39.1,15.6,0.0,False,Cool (15–19°C),2025-07-08 11:29:00,0,9
2025-07-02,10,Court 4,Gate_4,Grounds Pass,General,1,USA,1,True,61.4,27.9,0.0,False,Hot (>23°C),2025-07-02 11:56:00,0,3
2025-07-04,10,Court 5,Gate_1,Centre Court Debenture,Premium,5,Australia,1,True,28.6,21.2,0.0,False,Warm (19–23°C),2025-07-04 11:16:00,0,5
2025-07-08,10,No.2 Court,Gate_7,Queue Ticket,General,0,UK,0,False,132.2,15.6,0.0,False,Cool (15–19°C),2025-07-08 12:23:00,0,9
2025-07-02,10,Court 8,Gate_5,Grounds Pass,General,1,UK,0,True,75.2,27.9,0.0,False,Hot (>23°C),2025-07-02 11:50:00,0,3
2025-07-02,10,Court 5,Gate_7,Centre Court,Premium,4,UK,0,False,65.2,27.9,0.0,False,Hot (>23°C),2025-07-02 11:26:00,0,3
2025-07-13,11,No.1 Court,Gate_4,No.1 Court,Reserved,3,UK,0,True,95.4,20.9,0.0,False,Warm (19–23°C),2025-07-13 13:09:00,0,14
2025-07-02,9,Court 5,Gate_8,Queue Ticket,General,0,UK,0,True,93.7,25.2,0.0,False,Hot (>23°C),2025-07-02 11:26:00,0,3
2025-07-06,9,Court 8,Gate_4,Grounds Pass,General,1,Australia,1,True,92.1,11.9,0.0,False,Cold (<15°C),2025-07-06 11:32:00,0,7
2025-07-13,11,Centre Court,Gate_6,Queue Ticket,General,0,UK,0,True,113.2,20.9,0.0,False,Warm (19–23°C),2025-07-13 13:07:00,0,14
2025-07-01,10,Court 4,Gate_3,Centre Court,Premium,4,Spain,1,True,79.6,19.4,0.0,True,Warm (19–23°C),2025-07-01 11:26:00,0,2
2025-07-11,12,Centre Court,Gate_4,No.2 Court,Reserved,2,UK,0,True,63.8,19.8,0.0,False,Warm (19–23°C),2025-07-11 13:13:00,0,12
2025-07-13,9,Court 6,Gate_8,No.2 Court,Reserved,2,USA,1,True,66.5,20.3,0.0,False,Warm (19–23°C),2025-07-13 11:00:00,0,14
2025-07-04,11,Centre Court,Gate_6,Grounds Pass,General,1,UK,0,True,105.0,20.4,0.0,False,Warm (19–23°C),2025-07-04 13:08:00,0,5
2025-07-09,8,Court 18,Gate_3,Queue Ticket,General,0,USA,1,True,151.9,22.8,0.0,True,Warm (19–23°C),2025-07-09 11:12:00,0,10
2025-07-01,8,Court 7,Gate_8,Grounds Pass,General,1,UK,0,True,198.6,21.8,0.0,True,Warm (19–23°C),2025-07-01 11:32:00,0,2
2025-07-09,10,No.3 Court,Gate_2,Centre Court,Premium,4,USA,1,True,119.5,22.9,0.0,True,Warm (19–23°C),2025-07-09 12:21:00,0,10
2025-07-03,10,Court 6,Gate_3,No.1 Court,Reserved,3,Other,1,True,67.3,19.8,0.0,False,Warm (19–23°C),2025-07-03 11:26:00,0,4
2025-07-12,10,No.2 Court,Gate_8,No.2 Court,Reserved,2,UK,0,False,96.5,27.2,0.0,True,Hot (>23°C),2025-07-12 12:03:00,49,13
2025-07-11,10,No.3 Court,Gate_1,Grounds Pass,General,1,UK,0,True,107.2,19.9,0.0,False,Warm (19–23°C),2025-07-11 12:28:00,26,12
2025-07-13,12,No.2 Court,Gate_2,Centre Court,Premium,4,Australia,1,True,25.4,18.2,0.0,False,Cool (15–19°C),2025-07-13 12:28:00,112,14
2025-06-30,10,No.2 Court,Gate_2,Grounds Pass,General,1,Japan,1,True,87.6,17.2,0.0,False,Cool (15–19°C),2025-06-30 12:02:00,89,1
2025-07-09,11,No.1 Court,Gate_7,No.1 Court,Reserved,3,UK,0,True,103.1,23.2,0.8,True,Hot (>23°C),2025-07-09 13:09:00,0,10
2025-07-05,10,No.3 Court,Gate_8,No.1 Court,Reserved,3,UK,0,True,114.0,23.2,0.0,True,Hot (>23°C),2025-07-05 12:04:00,0,6
2025-07-12,9,No.2 Court,Gate_1,Grounds Pass,General,1,UK,0,True,127.9,25.3,0.0,True,Hot (>23°C),2025-07-12 12:03:00,49,13
2025-07-03,10,No.2 Court,Gate_4,Grounds Pass,General,1,Spain,1,True,86.4,19.8,0.0,False,Warm (19–23°C),2025-07-03 12:23:00,0,4
2025-07-13,10,No.2 Court,Gate_4,Queue Ticket,General,0,Canada,1,False,116.6,19.2,0.0,False,Warm (19–23°C),2025-07-13 12:28:00,112,14
2025-07-03,9,Court 5,Gate_5,Grounds Pass,General,1,Germany,1,True,91.7,17.0,0.0,False,Cool (15–19°C),2025-07-03 11:02:00,33,4
2025-07-01,10,No.3 Court,Gate_4,No.2 Court,Reserved,2,UK,0,False,112.5,19.4,0.0,True,Warm (19–23°C),2025-07-01 12:22:00,0,2
2025-07-05,9,Court 7,Gate_7,No.2 Court,Reserved,2,UK,0,False,120.1,26.0,0.0,True,Hot (>23°C),2025-07-05 11:18:00,0,6
2025-07-09,10,Court 5,Gate_5,No.1 Court,Reserved,3,UK,0,False,99.5,22.9,0.0,True,Warm (19–23°C),2025-07-09 11:54:00,0,10
2025-07-10,10,Court 18,Gate_8,Grounds Pass,General,1,UK,0,False,91.2,24.9,0.0,False,Hot (>23°C),2025-07-10 11:46:00,0,11
2025-07-03,12,Centre Court,Gate_2,Queue Ticket,General,0,USA,1,True,61.1,20.5,0.0,False,Warm (19–23°C),2025-07-03 13:02:00,0,4
2025-07-06,10,Court 6,Gate_7,Grounds Pass,General,1,Switzerland,1,True,86.9,15.5,0.0,False,Cool (15–19°C),2025-07-06 11:42:00,0,7
2025-07-08,10,No.3 Court,Gate_8,Queue Ticket,General,0,UK,0,True,98.5,15.6,0.0,False,Cool (15–19°C),2025-07-08 12:20:00,0,9
2025-07-12,9,Court 18,Gate_8,No.1 Court,Reserved,3,UK,0,False,86.6,25.3,0.0,True,Hot (>23°C),2025-07-12 11:23:00,0,13
2025-07-08,10,Court 7,Gate_4,Grounds Pass,General,1,Australia,1,True,49.7,15.6,0.0,False,Cool (15–19°C),2025-07-08 11:32:00,0,9
2025-06-30,9,Court 7,Gate_6,No.2 Court,Reserved,2,UK,0,False,70.8,18.3,0.0,False,Cool (15–19°C),2025-06-30 11:10:00,0,1
2025-07-04,12,Centre Court,Gate_5,No.2 Court,Reserved,2,UK,0,False,50.7,21.9,0.0,False,Warm (19–23°C),2025-07-04 13:08:00,0,5
2025-07-06,11,Centre Court,Gate_2,Grounds Pass,General,1,Australia,1,True,95.6,14.2,0.0,False,Cold (<15°C),2025-07-06 13:06:00,0,7
2025-07-11,11,No.2 Court,Gate_6,No.2 Court,Reserved,2,Other,1,True,50.5,19.3,0.0,False,Warm (19–23°C),2025-07-11 12:00:00,0,12
2025-07-10,10,Court 7,Gate_7,No.1 Court,Reserved,3,UK,0,True,42.5,24.9,0.0,False,Hot (>23°C),2025-07-10 11:13:00,0,11
2025-07-08,11,No.3 Court,Gate_7,Queue Ticket,General,0,Spain,1,True,73.6,12.1,0.0,False,Cold (<15°C),2025-07-08 12:20:00,0,9
2025-07-04,11,No.1 Court,Gate_4,Grounds Pass,General,1,France,1,True,86.9,20.4,0.0,False,Warm (19–23°C),2025-07-04 13:05:00,0,5
2025-07-04,8,Court 5,Gate_8,Queue Ticket,General,0,UK,0,True,156.9,20.5,0.0,False,Warm (19–23°C),2025-07-04 11:16:00,0,5
2025-07-11,11,No.1 Court,Gate_5,Queue Ticket,General,0,UK,0,True,68.8,19.3,0.0,False,Warm (19–23°C),2025-07-11 13:01:00,0,12
2025-07-11,9,Court 6,Gate_8,No.2 Court,Reserved,2,Spain,1,False,94.2,19.8,0.0,False,Warm (19–23°C),2025-07-11 11:10:00,0,12
2025-07-11,12,Centre Court,Gate_3,Centre Court,Premium,4,Australia,1,True,30.1,19.8,0.0,False,Warm (19–23°C),2025-07-11 13:13:00,0,12
2025-07-02,11,No.3 Court,Gate_4,No.2 Court,Reserved,2,USA,1,True,42.4,26.8,0.0,False,Hot (>23°C),2025-07-02 12:14:00,0,3
2025-07-10,10,Court 4,Gate_5,No.2 Court,Reserved,2,UK,0,True,51.5,24.9,0.0,False,Hot (>23°C),2025-07-10 11:02:00,0,11
2025-07-10,11,No.2 Court,Gate_4,Centre Court Debenture,Premium,5,France,1,False,24.1,23.8,0.0,False,Hot (>23°C),2025-07-10 12:07:00,0,11
2025-07-12,9,Court 4,Gate_2,Queue Ticket,General,0,Canada,1,True,145.4,25.3,0.0,True,Hot (>23°C),2025-07-12 11:45:00,0,13
2025-07-12,9,Court 18,Gate_2,Queue Ticket,General,0,UK,0,True,110.9,25.3,0.0,True,Hot (>23°C),2025-07-12 11:23:00,0,13
2025-07-09,9,Court 8,Gate_5,Centre Court,Premium,4,UK,0,True,96.2,23.5,0.0,True,Hot (>23°C),2025-07-09 11:18:00,0,10
2025-07-05,8,Court 7,Gate_7,Grounds Pass,General,1,UK,0,True,141.6,27.3,0.0,True,Hot (>23°C),2025-07-05 11:18:00,0,6
2025-07-08,10,Court 8,Gate_4,Grounds Pass,General,1,Australia,1,True,77.1,15.6,0.0,False,Cool (15–19°C),2025-07-08 11:31:00,56,9
2025-06-30,11,No.1 Court,Gate_6,Queue Ticket,General,0,UK,0,True,86.7,17.8,0.0,False,Cool (15–19°C),2025-06-30 13:11:00,0,1
2025-07-09,8,Court 7,Gate_8,Queue Ticket,General,0,UK,0,True,170.7,22.8,0.0,True,Warm (19–23°C),2025-07-09 11:02:00,0,10
2025-07-13,11,Centre Court,Gate_8,Grounds Pass,General,1,Australia,1,False,78.7,20.9,0.0,False,Warm (19–23°C),2025-07-13 13:07:00,0,14
2025-07-08,10,Court 18,Gate_5,Grounds Pass,General,1,Switzerland,1,True,69.0,15.6,0.0,False,Cool (15–19°C),2025-07-08 11:32:00,0,9
2025-07-07,9,Court 8,Gate_6,Grounds Pass,General,1,UK,0,True,128.1,22.2,0.0,False,Warm (19–23°C),2025-07-07 11:59:00,0,8
2025-06-30,11,No.2 Court,Gate_6,Centre Court Debenture,Premium,5,UK,0,True,16.1,17.8,0.0,False,Cool (15–19°C),2025-06-30 12:02:00,89,1
2025-07-02,10,Court 6,Gate_3,No.2 Court,Reserved,2,USA,1,True,39.8,27.9,0.0,False,Hot (>23°C),2025-07-02 11:05:00,0,3
2025-07-06,10,No.2 Court,Gate_1,Grounds Pass,General,1,UK,0,True,101.7,15.5,0.0,False,Cool (15–19°C),2025-07-06 12:07:00,0,7
2025-07-07,11,Centre Court,Gate_4,Queue Ticket,General,0,UK,0,False,84.6,21.4,0.0,False,Warm (19–23°C),2025-07-07 13:10:00,0,8
2025-07-04,11,No.1 Court,Gate_1,No.1 Court,Reserved,3,UK,0,True,78.7,20.4,0.0,False,Warm (19–23°C),2025-07-04 13:05:00,0,5
2025-07-06,10,Court 18,Gate_7,Queue Ticket,General,0,France,1,True,82.9,15.5,0.0,False,Cool (15–19°C),2025-07-06 11:29:00,0,7
2025-07-13,10,Court 8,Gate_6,No.2 Court,Reserved,2,UK,0,False,97.5,19.2,0.0,False,Warm (19–23°C),2025-07-13 11:44:00,0,14
2025-07-03,11,No.2 Court,Gate_8,Centre Court,Premium,4,Switzerland,1,False,47.2,20.3,0.0,False,Warm (19–23°C),2025-07-03 12:23:00,0,4
2025-07-03,10,No.2 Court,Gate_2,Centre Court,Premium,4,UK,0,True,86.6,19.8,0.0,False,Warm (19–23°C),2025-07-03 12:23:00,0,4
2025-07-03,12,No.1 Court,Gate_3,No.2 Court,Reserved,2,UK,0,True,68.7,20.5,0.0,False,Warm (19–23°C),2025-07-03 13:11:00,0,4
2025-07-10,11,No.3 Court,Gate_5,Centre Court,Premium,4,Germany,1,True,33.9,23.8,0.0,False,Hot (>23°C),2025-07-10 12:15:00,0,11
2025-06-30,11,No.1 Court,Gate_3,No.2 Court,Reserved,2,Canada,1,True,102.0,17.8,0.0,False,Cool (15–19°C),2025-06-30 13:11:00,0,1
2025-07-03,9,Court 8,Gate_5,Grounds Pass,General,1,UK,0,True,86.2,17.0,0.0,False,Cool (15–19°C),2025-07-03 11:04:00,0,4
2025-07-08,10,Court 8,Gate_5,No.2 Court,Reserved,2,USA,1,True,58.0,15.6,0.0,False,Cool (15–19°C),2025-07-08 11:31:00,56,9
2025-07-02,10,Court 6,Gate_5,Grounds Pass,General,1,USA,1,True,64.4,27.9,0.0,False,Hot (>23°C),2025-07-02 11:05:00,0,3
2025-07-06,11,No.1 Court,Gate_2,Queue Ticket,General,0,USA,1,False,70.4,14.2,0.0,False,Cold (<15°C),2025-07-06 13:03:00,0,7
2025-07-02,10,Court 4,Gate_6,Grounds Pass,General,1,Spain,1,True,61.1,27.9,0.0,False,Hot (>23°C),2025-07-02 11:56:00,0,3
2025-07-11,10,No.1 Court,Gate_5,Queue Ticket,General,0,UK,0,True,126.7,19.9,0.0,False,Warm (19–23°C),2025-07-11 13:01:00,0,12
2025-07-13,10,Court 4,Gate_2,No.1 Court,Reserved,3,USA,1,False,42.6,19.2,0.0,False,Warm (19–23°C),2025-07-13 11:33:00,92,14
2025-07-07,9,Court 6,Gate_8,Queue Ticket,General,0,France,1,True,98.5,22.2,0.0,False,Warm (19–23°C),2025-07-07 11:10:00,0,8
2025-07-05,10,Court 5,Gate_8,Grounds Pass,General,1,USA,1,False,99.9,23.2,0.0,True,Hot (>23°C),2025-07-05 11:41:00,0,6
2025-07-01,10,Court 6,Gate_7,Centre Court,Premium,4,UK,0,True,79.2,19.4,0.0,True,Warm (19–23°C),2025-07-01 11:21:00,66,2
2025-07-01,9,Court 8,Gate_3,Grounds Pass,General,1,UK,0,True,109.9,18.5,0.0,True,Cool (15–19°C),2025-07-01 11:09:00,0,2
2025-07-13,10,Court 4,Gate_8,No.2 Court,Reserved,2,Other,1,True,64.5,19.2,0.0,False,Warm (19–23°C),2025-07-13 11:33:00,92,14
2025-07-07,10,No.3 Court,Gate_8,Grounds Pass,General,1,UK,0,True,77.3,24.1,0.0,False,Hot (>23°C),2025-07-07 12:12:00,37,8
2025-07-02,10,No.2 Court,Gate_8,Grounds Pass,General,1,UK,0,False,100.8,27.9,0.0,False,Hot (>23°C),2025-07-02 12:20:00,0,3
2025-07-01,12,Centre Court,Gate_4,Centre Court,Premium,4,Germany,1,True,58.4,19.3,0.5,True,Warm (19–23°C),2025-07-01 13:13:00,0,2
2025-06-30,10,Court 5,Gate_2,No.2 Court,Reserved,2,UK,0,True,71.2,17.2,0.0,False,Cool (15–19°C),2025-06-30 11:30:00,0,1
2025-07-10,11,No.1 Court,Gate_5,Centre Court,Premium,4,UK,0,False,90.6,23.8,0.0,False,Hot (>23°C),2025-07-10 13:13:00,0,11
2025-07-09,10,No.2 Court,Gate_8,No.2 Court,Reserved,2,Australia,1,True,115.3,22.9,0.0,True,Warm (19–23°C),2025-07-09 12:20:00,0,10
2025-07-07,11,No.1 Court,Gate_7,Queue Ticket,General,0,UK,0,False,120.4,21.4,0.0,False,Warm (19–23°C),2025-07-07 13:02:00,0,8
2025-07-01,9,Court 5,Gate_7,Grounds Pass,General,1,UK,0,True,139.8,18.5,0.0,True,Cool (15–19°C),2025-07-01 11:53:00,0,2
2025-07-05,10,No.3 Court,Gate_2,No.1 Court,Reserved,3,Canada,1,False,70.4,23.2,0.0,True,Hot (>23°C),2025-07-05 12:04:00,0,6
2025-07-05,10,Centre Court,Gate_6,Grounds Pass,General,1,UK,0,True,142.7,23.2,0.0,True,Hot (>23°C),2025-07-05 13:01:00,0,6
2025-07-02,10,Court 6,Gate_6,Centre Court,Premium,4,UK,0,True,24.8,27.9,0.0,False,Hot (>23°C),2025-07-02 11:05:00,0,3
2025-06-30,10,No.2 Court,Gate_6,Centre Court,Premium,4,UK,0,True,91.1,17.2,0.0,False,Cool (15–19°C),2025-06-30 12:02:00,89,1
2025-07-02,10,Court 12,Gate_7,No.2 Court,Reserved,2,France,1,True,45.2,27.9,0.0,False,Hot (>23°C),2025-07-02 11:23:00,0,3
2025-07-11,12,Centre Court,Gate_3,Grounds Pass,General,1,Other,1,True,72.5,19.8,0.0,False,Warm (19–23°C),2025-07-11 13:13:00,0,12
2025-07-02,12,Centre Court,Gate_7,Centre Court,Premium,4,USA,1,True,7.6,27.1,0.0,False,Hot (>23°C),2025-07-02 13:01:00,0,3
2025-07-06,11,No.1 Court,Gate_5,No.2 Court,Reserved,2,USA,1,True,72.3,14.2,0.0,False,Cold (<15°C),2025-07-06 13:03:00,0,7
2025-07-04,11,No.3 Court,Gate_6,Queue Ticket,General,0,UK,0,True,85.0,20.4,0.0,False,Warm (19–23°C),2025-07-04 12:29:00,0,5
2025-07-06,11,No.1 Court,Gate_2,Grounds Pass,General,1,Switzerland,1,True,78.1,14.2,0.0,False,Cold (<15°C),2025-07-06 13:03:00,0,7
2025-07-06,12,No.1 Court,Gate_4,Grounds Pass,General,1,Germany,1,True,56.2,14.8,0.0,False,Cold (<15°C),2025-07-06 13:03:00,0,7
2025-07-10,10,Court 7,Gate_2,Centre Court,Premium,4,UK,0,True,62.1,24.9,0.0,False,Hot (>23°C),2025-07-10 11:13:00,0,11
2025-07-02,10,No.2 Court,Gate_7,Queue Ticket,General,0,UK,0,True,124.7,27.9,0.0,False,Hot (>23°C),2025-07-02 12:20:00,0,3
2025-07-07,11,Centre Court,Gate_4,Queue Ticket,General,0,Other,1,False,78.7,21.4,0.0,False,Warm (19–23°C),2025-07-07 13:10:00,0,8
2025-07-10,12,No.1 Court,Gate_1,No.1 Court,Reserved,3,UK,0,True,35.8,24.1,0.0,False,Hot (>23°C),2025-07-10 13:13:00,0,11
2025-07-03,11,No.3 Court,Gate_7,Centre Court,Premium,4,UK,0,False,59.5,20.3,0.0,False,Warm (19–23°C),2025-07-03 12:08:00,0,4
2025-07-11,11,No.1 Court,Gate_6,Queue Ticket,General,0,UK,0,False,112.0,19.3,0.0,False,Warm (19–23°C),2025-07-11 13:01:00,0,12
2025-07-12,10,No.3 Court,Gate_1,Grounds Pass,General,1,UK,0,True,97.8,27.2,0.0,True,Hot (>23°C),2025-07-12 12:15:00,0,13
2025-07-01,10,Centre Court,Gate_1,Queue Ticket,General,0,Other,1,False,172.6,19.4,0.0,True,Warm (19–23°C),2025-07-01 13:13:00,0,2
2025-07-04,10,Court 6,Gate_3,Queue Ticket,General,0,UK,0,True,82.2,21.2,0.0,False,Warm (19–23°C),2025-07-04 11:26:00,0,5
2025-07-09,10,Court 5,Gate_5,No.1 Court,Reserved,3,Germany,1,False,101.7,22.9,0.0,True,Warm (19–23°C),2025-07-09 11:54:00,0,10
2025-07-07,12,Centre Court,Gate_1,No.1 Court,Reserved,3,Other,1,True,28.2,21.4,0.0,False,Warm (19–23°C),2025-07-07 13:10:00,0,8
2025-06-30,11,Court 4,Gate_4,Grounds Pass,General,1,Australia,1,False,48.0,17.8,0.0,False,Cool (15–19°C),2025-06-30 11:58:00,0,1
2025-07-12,8,Court 6,Gate_8,Grounds Pass,General,1,UK,0,True,124.2,24.7,0.0,True,Hot (>23°C),2025-07-12 11:01:00,0,13
2025-07-11,11,No.1 Court,Gate_3,No.2 Court,Reserved,2,France,1,True,67.1,19.3,0.0,False,Warm (19–23°C),2025-07-11 13:01:00,0,12
2025-07-06,9,Court 12,Gate_1,Queue Ticket,General,0,UK,0,True,79.7,11.9,0.0,False,Cold (<15°C),2025-07-06 11:10:00,0,7
2025-06-30,11,No.3 Court,Gate_7,Centre Court,Premium,4,UK,0,False,18.7,17.8,0.0,False,Cool (15–19°C),2025-06-30 12:15:00,0,1
2025-07-05,11,Centre Court,Gate_5,No.1 Court,Reserved,3,UK,0,False,77.5,25.0,11.35,True,Hot (>23°C),2025-07-05 13:01:00,0,6
2025-07-10,9,Court 4,Gate_2,Queue Ticket,General,0,UK,0,True,116.3,26.4,0.0,False,Hot (>23°C),2025-07-10 11:02:00,0,11
2025-07-03,10,No.3 Court,Gate_2,Grounds Pass,General,1,UK,0,True,114.0,19.8,0.0,False,Warm (19–23°C),2025-07-03 12:08:00,0,4
2025-07-04,9,Court 18,Gate_5,Queue Ticket,General,0,UK,0,False,92.0,21.9,0.0,False,Warm (19–23°C),2025-07-04 11:19:00,36,5
2025-07-08,11,No.3 Court,Gate_8,No.2 Court,Reserved,2,France,1,False,77.1,12.1,0.0,False,Cold (<15°C),2025-07-08 12:20:00,0,9
2025-07-13,9,Court 6,Gate_4,Grounds Pass,General,1,Australia,1,True,85.0,20.3,0.0,False,Warm (19–23°C),2025-07-13 11:00:00,0,14
2025-07-05,9,Court 18,Gate_7,Grounds Pass,General,1,UK,0,True,133.4,26.0,0.0,True,Hot (>23°C),2025-07-05 11:57:00,0,6
2025-07-06,12,Centre Court,Gate_3,Centre Court Debenture,Premium,5,UK,0,True,62.6,14.8,0.0,False,Cold (<15°C),2025-07-06 13:06:00,0,7
2025-07-08,11,Centre Court,Gate_7,Queue Ticket,General,0,UK,0,True,76.4,12.1,0.0,False,Cold (<15°C),2025-07-08 13:00:00,0,9
2025-07-01,10,No.1 Court,Gate_6,Queue Ticket,General,0,UK,0,False,142.6,19.4,0.0,True,Warm (19–23°C),2025-07-01 13:00:00,0,2
2025-07-10,13,No.1 Court,Gate_1,Centre Court,Premium,4,Other,1,True,5.0,23.0,0.0,False,Warm (19–23°C),2025-07-10 13:13:00,0,11
2025-07-10,10,Court 5,Gate_4,No.1 Court,Reserved,3,Other,1,False,60.1,24.9,0.0,False,Hot (>23°C),2025-07-10 11:09:00,0,11
2025-07-04,11,Centre Court,Gate_6,No.2 Court,Reserved,2,UK,0,True,84.4,20.4,0.0,False,Warm (19–23°C),2025-07-04 13:08:00,0,5
2025-07-03,9,Court 5,Gate_1,No.2 Court,Reserved,2,UK,0,False,98.5,17.0,0.0,False,Cool (15–19°C),2025-07-03 11:02:00,33,4
2025-07-08,10,Court 5,Gate_3,Grounds Pass,General,1,UK,0,True,87.9,15.6,0.0,False,Cool (15–19°C),2025-07-08 11:32:00,0,9
2025-07-07,9,Court 18,Gate_5,No.2 Court,Reserved,2,UK,0,False,126.5,22.2,0.0,False,Warm (19–23°C),2025-07-07 11:17:00,0,8
2025-06-30,12,Centre Court,Gate_2,No.1 Court,Reserved,3,UK,0,False,52.5,17.4,0.0,False,Cool (15–19°C),2025-06-30 13:01:00,0,1
2025-07-08,10,Court 18,Gate_1,Grounds Pass,General,1,USA,1,False,82.1,15.6,0.0,False,Cool (15–19°C),2025-07-08 11:32:00,0,9
2025-07-12,9,Court 5,Gate_8,Grounds Pass,General,1,UK,0,True,114.0,25.3,0.0,True,Hot (>23°C),2025-07-12 11:34:00,0,13
2025-07-08,10,Court 12,Gate_3,Centre Court,Premium,4,UK,0,True,70.6,15.6,0.0,False,Cool (15–19°C),2025-07-08 11:49:00,0,9
2025-07-04,10,Court 8,Gate_6,No.2 Court,Reserved,2,France,1,True,84.1,21.2,0.0,False,Warm (19–23°C),2025-07-04 11:59:00,0,5
2025-07-12,8,Court 8,Gate_7,Grounds Pass,General,1,UK,0,True,140.4,24.7,0.0,True,Hot (>23°C),2025-07-12 11:07:00,0,13
2025-07-07,9,No.3 Court,Gate_6,Queue Ticket,General,0,UK,0,True,137.6,22.2,0.0,False,Warm (19–23°C),2025-07-07 12:12:00,37,8
2025-07-08,11,No.1 Court,Gate_5,Centre Court,Premium,4,UK,0,True,99.3,12.1,0.0,False,Cold (<15°C),2025-07-08 13:07:00,0,9
2025-07-07,9,Court 7,Gate_7,Queue Ticket,General,0,France,1,True,103.8,22.2,0.0,False,Warm (19–23°C),2025-07-07 11:35:00,0,8
2025-07-01,10,Court 5,Gate_4,No.1 Court,Reserved,3,Canada,1,False,89.3,19.4,0.0,True,Warm (19–23°C),2025-07-01 11:53:00,0,2
2025-07-13,9,Court 8,Gate_4,Grounds Pass,General,1,UK,0,False,119.8,20.3,0.0,False,Warm (19–23°C),2025-07-13 11:44:00,0,14
2025-07-09,10,No.3 Court,Gate_8,No.1 Court,Reserved,3,Germany,1,True,93.5,22.9,0.0,True,Warm (19–23°C),2025-07-09 12:21:00,0,10
2025-07-08,9,Court 5,Gate_8,Queue Ticket,General,0,France,1,True,106.1,14.1,0.0,False,Cold (<15°C),2025-07-08 11:32:00,0,9
2025-07-07,11,Court 5,Gate_5,Centre Court,Premium,4,Japan,1,True,24.3,21.4,0.0,False,Warm (19–23°C),2025-07-07 11:39:00,34,8
2025-07-06,10,No.2 Court,Gate_8,No.2 Court,Reserved,2,UK,0,True,68.4,15.5,0.0,False,Cool (15–19°C),2025-07-06 12:07:00,0,7
2025-07-13,11,Court 8,Gate_6,No.1 Court,Reserved,3,Australia,1,True,29.9,20.9,0.0,False,Warm (19–23°C),2025-07-13 11:44:00,0,14
2025-07-13,9,Court 5,Gate_3,No.2 Court,Reserved,2,Canada,1,True,77.8,20.3,0.0,False,Warm (19–23°C),2025-07-13 11:08:00,0,14
2025-07-11,11,No.3 Court,Gate_3,Centre Court,Premium,4,USA,1,True,73.7,19.3,0.0,False,Warm (19–23°C),2025-07-11 12:28:00,26,12
2025-07-09,10,No.2 Court,Gate_3,Grounds Pass,General,1,UK,0,True,113.9,22.9,0.0,True,Warm (19–23°C),2025-07-09 12:20:00,0,10
2025-07-10,13,No.1 Court,Gate_8,Centre Court Debenture,Premium,5,Germany,1,False,5.0,23.0,0.0,False,Warm (19–23°C),2025-07-10 13:13:00,0,11
2025-07-11,11,No.3 Court,Gate_4,No.2 Court,Reserved,2,France,1,True,54.0,19.3,0.0,False,Warm (19–23°C),2025-07-11 12:28:00,26,12
2025-07-12,9,Court 5,Gate_8,Grounds Pass,General,1,UK,0,False,123.9,25.3,0.0,True,Hot (>23°C),2025-07-12 11:34:00,0,13
2025-07-06,9,No.2 Court,Gate_3,Queue Ticket,General,0,UK,0,True,140.5,11.9,0.0,False,Cold (<15°C),2025-07-06 12:07:00,0,7
2025-07-13,11,No.1 Court,Gate_3,Grounds Pass,General,1,France,1,True,72.3,20.9,0.0,False,Warm (19–23°C),2025-07-13 13:09:00,0,14
2025-07-13,11,Court 18,Gate_3,No.2 Court,Reserved,2,Germany,1,False,41.8,20.9,0.0,False,Warm (19–23°C),2025-07-13 11:50:00,21,14
2025-07-02,10,No.2 Court,Gate_4,Queue Ticket,General,0,UK,0,False,93.1,27.9,0.0,False,Hot (>23°C),2025-07-02 12:20:00,0,3
2025-07-04,11,No.1 Court,Gate_8,Queue Ticket,General,0,Canada,1,False,99.9,20.4,0.0,False,Warm (19–23°C),2025-07-04 13:05:00,0,5
2025-07-10,10,Court 8,Gate_6,No.1 Court,Reserved,3,UK,0,True,63.2,24.9,0.0,False,Hot (>23°C),2025-07-10 11:53:00,0,11
2025-07-10,11,No.3 Court,Gate_6,Queue Ticket,General,0,UK,0,False,74.8,23.8,0.0,False,Hot (>23°C),2025-07-10 12:15:00,0,11
2025-07-01,9,Court 6,Gate_8,Grounds Pass,General,1,UK,0,False,119.6,18.5,0.0,True,Cool (15–19°C),2025-07-01 11:21:00,66,2
2025-07-12,10,No.3 Court,Gate_1,Grounds Pass,General,1,UK,0,True,102.4,27.2,0.0,True,Hot (>23°C),2025-07-12 12:15:00,0,13
2025-07-01,9,Court 5,Gate_8,Grounds Pass,General,1,Canada,1,True,170.4,18.5,0.0,True,Cool (15–19°C),2025-07-01 11:53:00,0,2
2025-06-30,11,Court 4,Gate_3,No.2 Court,Reserved,2,France,1,True,54.5,17.8,0.0,False,Cool (15–19°C),2025-06-30 11:58:00,0,1
2025-07-10,11,Court 18,Gate_4,Centre Court Debenture,Premium,5,Spain,1,True,41.2,23.8,0.0,False,Hot (>23°C),2025-07-10 11:46:00,0,11
2025-07-10,11,Centre Court,Gate_3,Queue Ticket,General,0,Spain,1,False,75.0,23.8,0.0,False,Hot (>23°C),2025-07-10 13:14:00,0,11
2025-07-01,10,Court 12,Gate_2,Centre Court,Premium,4,Germany,1,True,43.6,19.4,0.0,True,Warm (19–23°C),2025-07-01 11:21:00,0,2
2025-07-02,10,No.3 Court,Gate_2,Grounds Pass,General,1,UK,0,True,77.5,27.9,0.0,False,Hot (>23°C),2025-07-02 12:14:00,0,3
2025-07-03,9,No.3 Court,Gate_1,Centre Court,Premium,4,UK,0,False,128.6,17.0,0.0,False,Cool (15–19°C),2025-07-03 12:08:00,0,4
2025-07-02,11,Court 4,Gate_1,No.2 Court,Reserved,2,USA,1,False,44.0,26.8,0.0,False,Hot (>23°C),2025-07-02 11:56:00,0,3
2025-06-30,11,Centre Court,Gate_5,Centre Court,Premium,4,USA,1,False,65.8,17.8,0.0,False,Cool (15–19°C),2025-06-30 13:01:00,0,1
2025-07-01,9,No.2 Court,Gate_7,No.1 Court,Reserved,3,UK,0,True,138.2,18.5,0.0,True,Cool (15–19°C),2025-07-01 12:04:00,0,2
2025-07-05,9,No.2 Court,Gate_6,Queue Ticket,General,0,USA,1,True,155.9,26.0,0.0,True,Hot (>23°C),2025-07-05 12:21:00,0,6
2025-07-07,11,No.1 Court,Gate_6,Queue Ticket,General,0,Spain,1,True,94.8,21.4,0.0,False,Warm (19–23°C),2025-07-07 13:02:00,0,8
2025-07-11,10,No.2 Court,Gate_7,Queue Ticket,General,0,Switzerland,1,False,98.1,19.9,0.0,False,Warm (19–23°C),2025-07-11 12:00:00,0,12
2025-07-09,10,No.3 Court,Gate_4,Grounds Pass,General,1,Australia,1,True,88.5,22.9,0.0,True,Warm (19–23°C),2025-07-09 12:21:00,0,10
2025-07-07,9,Court 4,Gate_3,Queue Ticket,General,0,USA,1,True,100.1,22.2,0.0,False,Warm (19–23°C),2025-07-07 11:29:00,0,8
2025-07-12,10,Court 6,Gate_4,No.1 Court,Reserved,3,UK,0,True,48.9,27.2,0.0,True,Hot (>23°C),2025-07-12 11:01:00,0,13
2025-07-07,12,Centre Court,Gate_3,Grounds Pass,General,1,Switzerland,1,True,64.5,21.4,0.0,False,Warm (19–23°C),2025-07-07 13:10:00,0,8
2025-07-13,11,Court 12,Gate_1,Grounds Pass,General,1,USA,1,False,38.2,20.9,0.0,False,Warm (19–23°C),2025-07-13 11:48:00,0,14
2025-07-05,11,No.2 Court,Gate_4,No.2 Court,Reserved,2,France,1,False,36.5,25.0,11.35,True,Hot (>23°C),2025-07-05 12:21:00,0,6
2025-07-09,11,Centre Court,Gate_4,No.1 Court,Reserved,3,UK,0,True,68.2,23.2,0.8,True,Hot (>23°C),2025-07-09 13:02:00,0,10
2025-07-07,11,No.2 Court,Gate_6,Grounds Pass,General,1,UK,0,True,64.4,21.4,0.0,False,Warm (19–23°C),2025-07-07 12:17:00,95,8
2025-07-05,9,Court 18,Gate_1,Grounds Pass,General,1,UK,0,False,157.4,26.0,0.0,True,Hot (>23°C),2025-07-05 11:57:00,0,6
2025-07-08,11,Centre Court,Gate_1,No.2 Court,Reserved,2,Spain,1,False,62.0,12.1,0.0,False,Cold (<15°C),2025-07-08 13:00:00,0,9
2025-07-02,10,Court 12,Gate_7,Centre Court,Premium,4,UK,0,True,49.5,27.9,0.0,False,Hot (>23°C),2025-07-02 11:23:00,0,3
2025-07-12,9,Court 8,Gate_7,No.2 Court,Reserved,2,Germany,1,True,82.5,25.3,0.0,True,Hot (>23°C),2025-07-12 11:07:00,0,13
2025-07-05,11,Centre Court,Gate_5,Grounds Pass,General,1,Japan,1,False,119.1,25.0,11.35,True,Hot (>23°C),2025-07-05 13:01:00,0,6
2025-07-07,11,No.2 Court,Gate_7,No.1 Court,Reserved,3,Other,1,True,59.9,21.4,0.0,False,Warm (19–23°C),2025-07-07 12:17:00,95,8
2025-07-06,10,Court 4,Gate_6,No.1 Court,Reserved,3,UK,0,False,41.8,15.5,0.0,False,Cool (15–19°C),2025-07-06 11:04:00,0,7
2025-07-01,10,No.1 Court,Gate_5,Grounds Pass,General,1,UK,0,False,130.2,19.4,0.0,True,Warm (19–23°C),2025-07-01 13:00:00,0,2
2025-07-03,10,Court 5,Gate_5,No.2 Court,Reserved,2,USA,1,True,49.8,19.8,0.0,False,Warm (19–23°C),2025-07-03 11:02:00,33,4
2025-07-05,9,Court 18,Gate_8,Grounds Pass,General,1,UK,0,True,156.2,26.0,0.0,True,Hot (>23°C),2025-07-05 11:57:00,0,6
2025-07-02,10,No.2 Court,Gate_7,Grounds Pass,General,1,UK,0,True,87.5,27.9,0.0,False,Hot (>23°C),2025-07-02 12:20:00,0,3
2025-07-04,10,Court 5,Gate_8,No.1 Court,Reserved,3,UK,0,True,58.0,21.2,0.0,False,Warm (19–23°C),2025-07-04 11:16:00,0,5
2025-07-04,12,No.1 Court,Gate_8,Grounds Pass,General,1,France,1,True,46.7,21.9,0.0,False,Warm (19–23°C),2025-07-04 13:05:00,0,5
2025-07-04,11,Centre Court,Gate_2,Centre Court Debenture,Premium,5,France,1,False,70.7,20.4,0.0,False,Warm (19–23°C),2025-07-04 13:08:00,0,5
2025-06-30,9,Court 5,Gate_1,Queue Ticket,General,0,Australia,1,False,92.4,18.3,0.0,False,Cool (15–19°C),2025-06-30 11:30:00,0,1
2025-07-09,9,Court 5,Gate_6,Queue Ticket,General,0,UK,0,True,168.5,23.5,0.0,True,Hot (>23°C),2025-07-09 11:54:00,0,10
2025-07-05,10,Centre Court,Gate_6,Queue Ticket,General,0,UK,0,False,141.5,23.2,0.0,True,Hot (>23°C),2025-07-05 13:01:00,0,6
2025-07-04,10,Court 4,Gate_6,Grounds Pass,General,1,Spain,1,False,101.9,21.2,0.0,False,Warm (19–23°C),2025-07-04 11:51:00,105,5
2025-07-03,10,Court 4,Gate_4,No.2 Court,Reserved,2,USA,1,False,48.4,19.8,0.0,False,Warm (19–23°C),2025-07-03 11:46:00,0,4
2025-07-01,10,No.3 Court,Gate_7,Queue Ticket,General,0,Japan,1,True,87.3,19.4,0.0,True,Warm (19–23°C),2025-07-01 12:22:00,0,2
2025-07-06,11,Centre Court,Gate_4,No.2 Court,Reserved,2,UK,0,False,125.1,14.2,0.0,False,Cold (<15°C),2025-07-06 13:06:00,0,7
2025-07-06,10,No.3 Court,Gate_6,Queue Ticket,General,0,UK,0,True,87.4,15.5,0.0,False,Cool (15–19°C),2025-07-06 12:21:00,0,7
2025-07-08,12,No.1 Court,Gate_2,No.2 Court,Reserved,2,Germany,1,True,61.8,12.5,0.0,False,Cold (<15°C),2025-07-08 13:07:00,0,9
2025-07-12,9,Court 4,Gate_2,Queue Ticket,General,0,Germany,1,True,123.4,25.3,0.0,True,Hot (>23°C),2025-07-12 11:45:00,0,13
2025-07-09,8,Court 7,Gate_2,Queue Ticket,General,0,UK,0,True,154.3,22.8,0.0,True,Warm (19–23°C),2025-07-09 11:02:00,0,10
2025-07-04,9,Court 18,Gate_6,Grounds Pass,General,1,Germany,1,False,89.4,21.9,0.0,False,Warm (19–23°C),2025-07-04 11:19:00,36,5
2025-07-09,9,No.3 Court,Gate_4,Queue Ticket,General,0,Australia,1,True,144.5,23.5,0.0,True,Hot (>23°C),2025-07-09 12:21:00,0,10
2025-07-13,10,No.3 Court,Gate_2,Queue Ticket,General,0,UK,0,True,114.5,19.2,0.0,False,Warm (19–23°C),2025-07-13 12:17:00,0,14
2025-07-10,11,No.1 Court,Gate_1,Grounds Pass,General,1,UK,0,False,126.1,23.8,0.0,False,Hot (>23°C),2025-07-10 13:13:00,0,11
2025-07-01,10,No.3 Court,Gate_4,Grounds Pass,General,1,Other,1,True,86.3,19.4,0.0,True,Warm (19–23°C),2025-07-01 12:22:00,0,2
2025-07-13,10,Centre Court,Gate_1,Queue Ticket,General,0,UK,0,False,133.0,19.2,0.0,False,Warm (19–23°C),2025-07-13 13:07:00,0,14
2025-07-04,11,Court 4,Gate_8,No.1 Court,Reserved,3,USA,1,True,31.2,20.4,0.0,False,Warm (19–23°C),2025-07-04 11:51:00,105,5
2025-07-13,9,Court 4,Gate_8,Grounds Pass,General,1,UK,0,True,108.0,20.3,0.0,False,Warm (19–23°C),2025-07-13 11:33:00,92,14
2025-07-08,12,No.2 Court,Gate_8,Centre Court Debenture,Premium,5,UK,0,True,20.3,12.5,0.0,False,Cold (<15°C),2025-07-08 12:23:00,0,9
2025-07-12,10,No.2 Court,Gate_4,No.2 Court,Reserved,2,Switzerland,1,True,91.1,27.2,0.0,True,Hot (>23°C),2025-07-12 12:03:00,49,13
2025-07-07,10,No.1 Court,Gate_5,Grounds Pass,General,1,UK,0,True,125.6,24.1,0.0,False,Hot (>23°C),2025-07-07 13:02:00,0,8
2025-07-11,11,No.1 Court,Gate_1,Queue Ticket,General,0,UK,0,True,68.4,19.3,0.0,False,Warm (19–23°C),2025-07-11 13:01:00,0,12
2025-07-01,10,No.2 Court,Gate_3,No.2 Court,Reserved,2,UK,0,False,80.1,19.4,0.0,True,Warm (19–23°C),2025-07-01 12:04:00,0,2
2025-07-06,12,No.1 Court,Gate_1,No.2 Court,Reserved,2,USA,1,False,57.2,14.8,0.0,False,Cold (<15°C),2025-07-06 13:03:00,0,7
2025-07-08,9,Court 18,Gate_6,Grounds Pass,General,1,USA,1,False,95.2,14.1,0.0,False,Cold (<15°C),2025-07-08 11:32:00,0,9
2025-07-10,11,No.2 Court,Gate_5,Grounds Pass,General,1,UK,0,False,57.7,23.8,0.0,False,Hot (>23°C),2025-07-10 12:07:00,0,11
2025-07-06,11,No.3 Court,Gate_7,Centre Court,Premium,4,Australia,1,False,49.5,14.2,0.0,False,Cold (<15°C),2025-07-06 12:21:00,0,7
2025-06-30,11,Centre Court,Gate_1,Grounds Pass,General,1,UK,0,False,81.0,17.8,0.0,False,Cool (15–19°C),2025-06-30 13:01:00,0,1
2025-06-30,12,No.1 Court,Gate_5,Centre Court Debenture,Premium,5,UK,0,True,47.6,17.4,0.0,False,Cool (15–19°C),2025-06-30 13:11:00,0,1
2025-07-02,11,Court 4,Gate_1,Centre Court Debenture,Premium,5,Germany,1,False,5.4,26.8,0.0,False,Hot (>23°C),2025-07-02 11:56:00,0,3
2025-07-09,11,No.3 Court,Gate_5,Centre Court,Premium,4,Japan,1,True,66.5,23.2,0.8,True,Hot (>23°C),2025-07-09 12:21:00,0,10
2025-07-12,10,No.1 Court,Gate_4,Queue Ticket,General,0,UK,0,False,144.6,27.2,0.0,True,Hot (>23°C),2025-07-12 13:04:00,0,13
2025-07-04,11,No.1 Court,Gate_1,Grounds Pass,General,1,UK,0,False,80.5,20.4,0.0,False,Warm (19–23°C),2025-07-04 13:05:00,0,5
2025-07-13,9,Court 4,Gate_5,Queue Ticket,General,0,UK,0,True,142.3,20.3,0.0,False,Warm (19–23°C),2025-07-13 11:33:00,92,14
2025-07-01,10,No.1 Court,Gate_6,Grounds Pass,General,1,Spain,1,True,142.1,19.4,0.0,True,Warm (19–23°C),2025-07-01 13:00:00,0,2
2025-07-09,11,No.1 Court,Gate_8,Centre Court,Premium,4,Japan,1,False,79.6,23.2,0.8,True,Hot (>23°C),2025-07-09 13:09:00,0,10
2025-07-10,11,No.2 Court,Gate_6,Queue Ticket,General,0,Japan,1,False,38.9,23.8,0.0,False,Hot (>23°C),2025-07-10 12:07:00,0,11
2025-07-11,9,Court 5,Gate_2,Queue Ticket,General,0,UK,0,True,112.8,19.8,0.0,False,Warm (19–23°C),2025-07-11 11:44:00,0,12
2025-07-05,10,No.3 Court,Gate_1,Queue Ticket,General,0,USA,1,True,115.5,23.2,0.0,True,Hot (>23°C),2025-07-05 12:04:00,0,6
2025-06-30,10,Court 4,Gate_5,No.2 Court,Reserved,2,UK,0,False,79.5,17.2,0.0,False,Cool (15–19°C),2025-06-30 11:58:00,0,1
2025-07-07,11,No.3 Court,Gate_8,Grounds Pass,General,1,Canada,1,True,68.6,21.4,0.0,False,Warm (19–23°C),2025-07-07 12:12:00,37,8
2025-06-30,10,Court 4,Gate_7,No.1 Court,Reserved,3,UK,0,True,97.5,17.2,0.0,False,Cool (15–19°C),2025-06-30 11:58:00,0,1
2025-07-04,12,No.1 Court,Gate_4,No.2 Court,Reserved,2,Germany,1,True,50.8,21.9,0.0,False,Warm (19–23°C),2025-07-04 13:05:00,0,5
2025-07-11,12,Centre Court,Gate_1,No.2 Court,Reserved,2,France,1,False,30.0,19.8,0.0,False,Warm (19–23°C),2025-07-11 13:13:00,0,12
2025-07-01,9,Court 4,Gate_5,Grounds Pass,General,1,USA,1,True,128.4,18.5,0.0,True,Cool (15–19°C),2025-07-01 11:26:00,0,2
2025-07-07,10,Court 5,Gate_1,Queue Ticket,General,0,USA,1,False,89.1,24.1,0.0,False,Hot (>23°C),2025-07-07 11:39:00,34,8
2025-07-04,10,No.2 Court,Gate_7,No.2 Court,Reserved,2,UK,0,True,98.5,21.2,0.0,False,Warm (19–23°C),2025-07-04 12:13:00,0,5
2025-07-01,10,Court 18,Gate_8,Grounds Pass,General,1,Other,1,True,95.4,19.4,0.0,True,Warm (19–23°C),2025-07-01 11:58:00,0,2
2025-07-12,9,Court 4,Gate_5,Grounds Pass,General,1,UK,0,True,128.5,25.3,0.0,True,Hot (>23°C),2025-07-12 11:45:00,0,13
2025-07-11,10,No.2 Court,Gate_4,Queue Ticket,General,0,USA,1,True,109.1,19.9,0.0,False,Warm (19–23°C),2025-07-11 12:00:00,0,12
2025-07-12,10,No.3 Court,Gate_5,Grounds Pass,General,1,USA,1,True,96.6,27.2,0.0,True,Hot (>23°C),2025-07-12 12:15:00,0,13
2025-07-10,10,Court 4,Gate_3,No.2 Court,Reserved,2,Australia,1,True,45.2,24.9,0.0,False,Hot (>23°C),2025-07-10 11:02:00,0,11
2025-07-04,12,Centre Court,Gate_6,No.2 Court,Reserved,2,UK,0,False,41.5,21.9,0.0,False,Warm (19–23°C),2025-07-04 13:08:00,0,5
2025-07-10,10,Court 6,Gate_8,Centre Court,Premium,4,UK,0,False,76.6,24.9,0.0,False,Hot (>23°C),2025-07-10 11:53:00,0,11
2025-07-11,10,Court 5,Gate_5,Centre Court,Premium,4,UK,0,True,50.1,19.9,0.0,False,Warm (19–23°C),2025-07-11 11:44:00,0,12
2025-07-01,9,Court 5,Gate_8,No.1 Court,Reserved,3,UK,0,False,119.5,18.5,0.0,True,Cool (15–19°C),2025-07-01 11:53:00,0,2
2025-07-13,11,No.1 Court,Gate_4,Grounds Pass,General,1,France,1,True,69.9,20.9,0.0,False,Warm (19–23°C),2025-07-13 13:09:00,0,14
2025-06-30,9,Court 4,Gate_7,Grounds Pass,General,1,UK,0,True,127.6,18.3,0.0,False,Cool (15–19°C),2025-06-30 11:58:00,0,1
2025-07-01,11,No.1 Court,Gate_2,Grounds Pass,General,1,Japan,1,False,116.5,20.6,0.76,True,Warm (19–23°C),2025-07-01 13:00:00,0,2
2025-07-07,11,No.1 Court,Gate_6,Grounds Pass,General,1,UK,0,True,75.7,21.4,0.0,False,Warm (19–23°C),2025-07-07 13:02:00,0,8
2025-07-07,10,Court 4,Gate_1,Grounds Pass,General,1,Canada,1,True,88.4,24.1,0.0,False,Hot (>23°C),2025-07-07 11:29:00,0,8
2025-07-02,10,No.2 Court,Gate_7,Grounds Pass,General,1,UK,0,True,83.6,27.9,0.0,False,Hot (>23°C),2025-07-02 12:20:00,0,3
2025-07-01,10,Court 6,Gate_4,Centre Court,Premium,4,France,1,True,77.7,19.4,0.0,True,Warm (19–23°C),2025-07-01 11:21:00,66,2
2025-07-06,11,Centre Court,Gate_7,Queue Ticket,General,0,USA,1,False,101.2,14.2,0.0,False,Cold (<15°C),2025-07-06 13:06:00,0,7
2025-07-10,12,Centre Court,Gate_6,Grounds Pass,General,1,Australia,1,True,44.0,24.1,0.0,False,Hot (>23°C),2025-07-10 13:14:00,0,11
2025-07-04,12,Centre Court,Gate_5,No.2 Court,Reserved,2,USA,1,True,45.3,21.9,0.0,False,Warm (19–23°C),2025-07-04 13:08:00,0,5
2025-07-04,11,No.3 Court,Gate_5,Centre Court,Premium,4,UK,0,True,48.5,20.4,0.0,False,Warm (19–23°C),2025-07-04 12:29:00,0,5
2025-07-02,11,No.2 Court,Gate_8,No.2 Court,Reserved,2,Germany,1,False,45.9,26.8,0.0,False,Hot (>23°C),2025-07-02 12:20:00,0,3
2025-07-12,11,No.1 Court,Gate_7,Grounds Pass,General,1,Australia,1,False,110.2,27.4,0.06,True,Hot (>23°C),2025-07-12 13:04:00,0,13
2025-07-02,10,Court 6,Gate_1,Centre Court Debenture,Premium,5,UK,0,True,64.7,27.9,0.0,False,Hot (>23°C),2025-07-02 11:05:00,0,3
2025-07-02,10,Court 4,Gate_2,Queue Ticket,General,0,UK,0,False,95.1,27.9,0.0,False,Hot (>23°C),2025-07-02 11:56:00,0,3
2025-07-13,11,No.2 Court,Gate_2,No.2 Court,Reserved,2,UK,0,True,52.4,20.9,0.0,False,Warm (19–23°C),2025-07-13 12:28:00,112,14
2025-07-01,9,No.3 Court,Gate_4,No.2 Court,Reserved,2,UK,0,True,154.4,18.5,0.0,True,Cool (15–19°C),2025-07-01 12:22:00,0,2
2025-07-05,10,Centre Court,Gate_8,Queue Ticket,General,0,UK,0,True,136.7,23.2,0.0,True,Hot (>23°C),2025-07-05 13:01:00,0,6
2025-06-30,11,Court 8,Gate_4,No.2 Court,Reserved,2,Australia,1,False,41.2,17.8,0.0,False,Cool (15–19°C),2025-06-30 11:55:00,0,1
2025-07-07,10,Court 4,Gate_8,Grounds Pass,General,1,USA,1,False,80.7,24.1,0.0,False,Hot (>23°C),2025-07-07 11:29:00,0,8
2025-07-05,9,Court 4,Gate_5,No.1 Court,Reserved,3,France,1,True,102.6,26.0,0.0,True,Hot (>23°C),2025-07-05 11:29:00,0,6
2025-07-09,9,Court 8,Gate_3,Grounds Pass,General,1,Japan,1,True,105.5,23.5,0.0,True,Hot (>23°C),2025-07-09 11:18:00,0,10
2025-07-13,9,Court 5,Gate_2,Grounds Pass,General,1,UK,0,True,99.0,20.3,0.0,False,Warm (19–23°C),2025-07-13 11:08:00,0,14
2025-07-12,9,Court 18,Gate_3,Grounds Pass,General,1,UK,0,False,120.2,25.3,0.0,True,Hot (>23°C),2025-07-12 11:23:00,0,13
2025-07-07,11,No.1 Court,Gate_4,No.2 Court,Reserved,2,UK,0,True,91.4,21.4,0.0,False,Warm (19–23°C),2025-07-07 13:02:00,0,8
2025-07-02,9,Court 12,Gate_3,Grounds Pass,General,1,UK,0,False,105.3,25.2,0.0,False,Hot (>23°C),2025-07-02 11:23:00,0,3
2025-07-12,11,Centre Court,Gate_5,Queue Ticket,General,0,Switzerland,1,False,119.3,27.4,0.06,True,Hot (>23°C),2025-07-12 13:00:00,0,13
2025-07-07,9,Court 4,Gate_5,No.1 Court,Reserved,3,Other,1,True,91.6,22.2,0.0,False,Warm (19–23°C),2025-07-07 11:29:00,0,8
2025-07-12,11,No.1 Court,Gate_4,Grounds Pass,General,1,Other,1,False,91.1,27.4,0.06,True,Hot (>23°C),2025-07-12 13:04:00,0,13
2025-07-02,10,No.3 Court,Gate_6,Queue Ticket,General,0,UK,0,False,119.3,27.9,0.0,False,Hot (>23°C),2025-07-02 12:14:00,0,3
2025-07-03,10,No.3 Court,Gate_6,No.2 Court,Reserved,2,UK,0,True,81.3,19.8,0.0,False,Warm (19–23°C),2025-07-03 12:08:00,0,4
2025-07-07,10,Court 7,Gate_5,Grounds Pass,General,1,Australia,1,True,63.7,24.1,0.0,False,Hot (>23°C),2025-07-07 11:35:00,0,8
2025-07-06,9,Court 12,Gate_6,Queue Ticket,General,0,Other,1,False,97.1,11.9,0.0,False,Cold (<15°C),2025-07-06 11:10:00,0,7
2025-07-02,11,Centre Court,Gate_7,Queue Ticket,General,0,Spain,1,True,111.7,26.8,0.0,False,Hot (>23°C),2025-07-02 13:01:00,0,3
2025-07-01,8,Court 5,Gate_2,Queue Ticket,General,0,UK,0,False,188.1,21.8,0.0,True,Warm (19–23°C),2025-07-01 11:53:00,0,2
2025-06-30,10,Court 18,Gate_7,No.2 Court,Reserved,2,Japan,1,True,65.6,17.2,0.0,False,Cool (15–19°C),2025-06-30 11:26:00,0,1
2025-07-02,10,No.3 Court,Gate_1,Queue Ticket,General,0,Australia,1,False,111.0,27.9,0.0,False,Hot (>23°C),2025-07-02 12:14:00,0,3
2025-07-03,11,No.1 Court,Gate_1,Grounds Pass,General,1,UK,0,True,79.4,20.3,0.0,False,Warm (19–23°C),2025-07-03 13:11:00,0,4
2025-07-04,10,Court 7,Gate_5,No.2 Court,Reserved,2,Australia,1,True,70.9,21.2,0.0,False,Warm (19–23°C),2025-07-04 11:39:00,0,5
2025-07-05,9,Court 5,Gate_5,Grounds Pass,General,1,UK,0,True,136.2,26.0,0.0,True,Hot (>23°C),2025-07-05 11:41:00,0,6
2025-06-30,11,Court 4,Gate_7,Centre Court,Premium,4,France,1,False,7.1,17.8,0.0,False,Cool (15–19°C),2025-06-30 11:58:00,0,1
2025-07-12,9,Court 12,Gate_4,Grounds Pass,General,1,UK,0,True,96.4,25.3,0.0,True,Hot (>23°C),2025-07-12 11:04:00,0,13
2025-07-09,10,No.2 Court,Gate_3,No.2 Court,Reserved,2,UK,0,True,118.9,22.9,0.0,True,Warm (19–23°C),2025-07-09 12:20:00,0,10
2025-07-06,10,No.2 Court,Gate_1,No.1 Court,Reserved,3,UK,0,True,73.5,15.5,0.0,False,Cool (15–19°C),2025-07-06 12:07:00,0,7
2025-07-08,11,No.1 Court,Gate_2,Grounds Pass,General,1,Switzerland,1,False,82.4,12.1,0.0,False,Cold (<15°C),2025-07-08 13:07:00,0,9
2025-06-30,9,Court 18,Gate_5,Queue Ticket,General,0,UK,0,True,118.5,18.3,0.0,False,Cool (15–19°C),2025-06-30 11:26:00,0,1
2025-06-30,12,No.1 Court,Gate_2,Centre Court,Premium,4,Australia,1,True,61.2,17.4,0.0,False,Cool (15–19°C),2025-06-30 13:11:00,0,1
2025-07-04,10,No.2 Court,Gate_4,Grounds Pass,General,1,UK,0,False,92.8,21.2,0.0,False,Warm (19–23°C),2025-07-04 12:13:00,0,5
2025-07-12,9,Court 4,Gate_8,Grounds Pass,General,1,UK,0,True,129.9,25.3,0.0,True,Hot (>23°C),2025-07-12 11:45:00,0,13
2025-07-03,11,No.3 Court,Gate_3,No.2 Court,Reserved,2,Australia,1,True,47.5,20.3,0.0,False,Warm (19–23°C),2025-07-03 12:08:00,0,4
2025-07-07,10,Court 4,Gate_6,Queue Ticket,General,0,UK,0,False,85.3,24.1,0.0,False,Hot (>23°C),2025-07-07 11:29:00,0,8
2025-07-02,11,No.3 Court,Gate_7,No.1 Court,Reserved,3,Germany,1,False,19.5,26.8,0.0,False,Hot (>23°C),2025-07-02 12:14:00,0,3
2025-07-11,10,Court 5,Gate_7,Grounds Pass,General,1,USA,1,True,100.7,19.9,0.0,False,Warm (19–23°C),2025-07-11 11:44:00,0,12
2025-07-04,9,Court 18,Gate_4,Centre Court,Premium,4,UK,0,True,87.6,21.9,0.0,False,Warm (19–23°C),2025-07-04 11:19:00,36,5
2025-06-30,12,No.1 Court,Gate_6,Centre Court,Premium,4,Switzerland,1,True,47.1,17.4,0.0,False,Cool (15–19°C),2025-06-30 13:11:00,0,1
2025-07-03,12,Centre Court,Gate_4,No.2 Court,Reserved,2,UK,0,True,49.3,20.5,0.0,False,Warm (19–23°C),2025-07-03 13:02:00,0,4
2025-07-10,12,No.2 Court,Gate_1,Centre Court,Premium,4,USA,1,False,5.0,24.1,0.0,False,Hot (>23°C),2025-07-10 12:07:00,0,11
2025-07-04,10,Court 5,Gate_2,Grounds Pass,General,1,Spain,1,False,56.3,21.2,0.0,False,Warm (19–23°C),2025-07-04 11:16:00,0,5
2025-07-08,11,No.3 Court,Gate_7,Centre Court,Premium,4,UK,0,False,79.3,12.1,0.0,False,Cold (<15°C),2025-07-08 12:20:00,0,9
2025-07-13,10,Court 8,Gate_1,No.1 Court,Reserved,3,UK,0,False,80.4,19.2,0.0,False,Warm (19–23°C),2025-07-13 11:44:00,0,14
2025-07-11,10,Court 5,Gate_4,Grounds Pass,General,1,USA,1,True,45.2,19.9,0.0,False,Warm (19–23°C),2025-07-11 11:44:00,0,12
2025-07-09,11,No.1 Court,Gate_5,Grounds Pass,General,1,Canada,1,False,86.6,23.2,0.8,True,Hot (>23°C),2025-07-09 13:09:00,0,10
2025-07-05,9,Court 4,Gate_3,Grounds Pass,General,1,UK,0,True,107.1,26.0,0.0,True,Hot (>23°C),2025-07-05 11:29:00,0,6
2025-07-03,9,Court 5,Gate_6,Queue Ticket,General,0,Australia,1,False,111.4,17.0,0.0,False,Cool (15–19°C),2025-07-03 11:02:00,33,4
2025-07-03,12,No.1 Court,Gate_5,Centre Court,Premium,4,Switzerland,1,True,27.0,20.5,0.0,False,Warm (19–23°C),2025-07-03 13:11:00,0,4
2025-07-02,11,No.3 Court,Gate_6,Grounds Pass,General,1,UK,0,True,57.1,26.8,0.0,False,Hot (>23°C),2025-07-02 12:14:00,0,3
2025-07-09,9,No.3 Court,Gate_3,Grounds Pass,General,1,UK,0,False,143.0,23.5,0.0,True,Hot (>23°C),2025-07-09 12:21:00,0,10
2025-07-11,12,No.1 Court,Gate_3,Queue Ticket,General,0,France,1,False,60.3,19.8,0.0,False,Warm (19–23°C),2025-07-11 13:01:00,0,12
2025-07-07,9,Court 6,Gate_5,Queue Ticket,General,0,UK,0,True,119.3,22.2,0.0,False,Warm (19–23°C),2025-07-07 11:10:00,0,8
2025-07-03,10,No.2 Court,Gate_6,Grounds Pass,General,1,USA,1,True,115.2,19.8,0.0,False,Warm (19–23°C),2025-07-03 12:23:00,0,4
2025-07-02,9,Court 7,Gate_3,Grounds Pass,General,1,UK,0,False,106.7,25.2,0.0,False,Hot (>23°C),2025-07-02 11:18:00,0,3
2025-07-02,11,No.1 Court,Gate_7,Grounds Pass,General,1,USA,1,True,75.5,26.8,0.0,False,Hot (>23°C),2025-07-02 13:07:00,0,3
2025-07-09,8,Court 6,Gate_2,Queue Ticket,General,0,France,1,True,141.6,22.8,0.0,True,Warm (19–23°C),2025-07-09 11:14:00,0,10
2025-07-09,10,No.3 Court,Gate_6,Grounds Pass,General,1,UK,0,False,118.9,22.9,0.0,True,Warm (19–23°C),2025-07-09 12:21:00,0,10
2025-07-11,10,Court 8,Gate_6,Centre Court Debenture,Premium,5,Japan,1,True,15.5,19.9,0.0,False,Warm (19–23°C),2025-07-11 11:11:00,0,12
2025-07-05,11,Centre Court,Gate_5,Grounds Pass,General,1,UK,0,False,73.8,25.0,11.35,True,Hot (>23°C),2025-07-05 13:01:00,0,6
2025-07-03,9,Court 18,Gate_2,Grounds Pass,General,1,USA,1,True,95.4,17.0,0.0,False,Cool (15–19°C),2025-07-03 11:05:00,0,4
2025-07-06,9,Court 18,Gate_5,Queue Ticket,General,0,Australia,1,True,124.3,11.9,0.0,False,Cold (<15°C),2025-07-06 11:29:00,0,7
2025-07-02,11,No.1 Court,Gate_6,Queue Ticket,General,0,USA,1,True,97.1,26.8,0.0,False,Hot (>23°C),2025-07-02 13:07:00,0,3
2025-07-06,11,No.1 Court,Gate_4,No.2 Court,Reserved,2,UK,0,False,87.3,14.2,0.0,False,Cold (<15°C),2025-07-06 13:03:00,0,7
2025-07-03,11,No.2 Court,Gate_6,Centre Court Debenture,Premium,5,Australia,1,False,59.9,20.3,0.0,False,Warm (19–23°C),2025-07-03 12:23:00,0,4
2025-07-11,10,No.2 Court,Gate_1,No.2 Court,Reserved,2,France,1,True,89.7,19.9,0.0,False,Warm (19–23°C),2025-07-11 12:00:00,0,12
2025-07-12,10,No.3 Court,Gate_4,Queue Ticket,General,0,USA,1,True,122.0,27.2,0.0,True,Hot (>23°C),2025-07-12 12:15:00,0,13
2025-07-07,10,No.2 Court,Gate_1,Grounds Pass,General,1,UK,0,True,96.8,24.1,0.0,False,Hot (>23°C),2025-07-07 12:17:00,95,8
2025-07-13,11,No.1 Court,Gate_2,Queue Ticket,General,0,USA,1,False,90.2,20.9,0.0,False,Warm (19–23°C),2025-07-13 13:09:00,0,14
2025-07-05,11,Centre Court,Gate_4,No.2 Court,Reserved,2,UK,0,True,103.4,25.0,11.35,True,Hot (>23°C),2025-07-05 13:01:00,0,6
2025-07-01,10,No.2 Court,Gate_8,Grounds Pass,General,1,Other,1,False,82.2,19.4,0.0,True,Warm (19–23°C),2025-07-01 12:04:00,0,2
2025-07-05,12,No.1 Court,Gate_4,Centre Court,Premium,4,UK,0,True,58.6,24.5,2.94,True,Hot (>23°C),2025-07-05 13:01:00,0,6
2025-07-08,10,Court 8,Gate_8,Centre Court,Premium,4,UK,0,True,40.4,15.6,0.0,False,Cool (15–19°C),2025-07-08 11:31:00,56,9
2025-07-11,10,Court 18,Gate_1,Centre Court,Premium,4,USA,1,False,81.5,19.9,0.0,False,Warm (19–23°C),2025-07-11 11:58:00,113,12
2025-07-11,9,Court 4,Gate_8,Grounds Pass,General,1,UK,0,True,142.3,19.8,0.0,False,Warm (19–23°C),2025-07-11 11:49:00,0,12
2025-07-13,10,Court 8,Gate_6,Grounds Pass,General,1,UK,0,False,98.2,19.2,0.0,False,Warm (19–23°C),2025-07-13 11:44:00,0,14
2025-07-05,11,No.1 Court,Gate_1,Centre Court,Premium,4,UK,0,True,78.4,25.0,11.35,True,Hot (>23°C),2025-07-05 13:01:00,0,6
2025-07-09,9,Court 5,Gate_8,Queue Ticket,General,0,UK,0,True,151.7,23.5,0.0,True,Hot (>23°C),2025-07-09 11:54:00,0,10
2025-07-02,11,Court 8,Gate_7,Centre Court,Premium,4,Other,1,True,36.8,26.8,0.0,False,Hot (>23°C),2025-07-02 11:50:00,0,3
2025-07-08,10,Court 7,Gate_2,No.1 Court,Reserved,3,UK,0,True,88.1,15.6,0.0,False,Cool (15–19°C),2025-07-08 11:32:00,0,9
2025-07-10,10,Court 8,Gate_4,Grounds Pass,General,1,Spain,1,False,70.6,24.9,0.0,False,Hot (>23°C),2025-07-10 11:53:00,0,11
2025-07-12,9,Court 6,Gate_3,Grounds Pass,General,1,UK,0,True,108.4,25.3,0.0,True,Hot (>23°C),2025-07-12 11:01:00,0,13
2025-07-01,9,Court 18,Gate_8,Queue Ticket,General,0,UK,0,True,132.8,18.5,0.0,True,Cool (15–19°C),2025-07-01 11:58:00,0,2
2025-07-13,11,No.1 Court,Gate_6,Grounds Pass,General,1,UK,0,False,102.8,20.9,0.0,False,Warm (19–23°C),2025-07-13 13:09:00,0,14
2025-07-12,9,Court 12,Gate_7,Queue Ticket,General,0,Germany,1,False,113.8,25.3,0.0,True,Hot (>23°C),2025-07-12 11:04:00,0,13
2025-07-05,10,No.3 Court,Gate_2,Grounds Pass,General,1,UK,0,False,112.0,23.2,0.0,True,Hot (>23°C),2025-07-05 12:04:00,0,6
2025-07-07,10,No.2 Court,Gate_1,Queue Ticket,General,0,Other,1,False,95.3,24.1,0.0,False,Hot (>23°C),2025-07-07 12:17:00,95,8
2025-07-09,9,Court 8,Gate_7,Queue Ticket,General,0,Spain,1,False,137.7,23.5,0.0,True,Hot (>23°C),2025-07-09 11:18:00,0,10
2025-07-04,11,Centre Court,Gate_7,Grounds Pass,General,1,Other,1,True,82.5,20.4,0.0,False,Warm (19–23°C),2025-07-04 13:08:00,0,5
2025-07-07,10,Court 18,Gate_4,Grounds Pass,General,1,Japan,1,False,39.5,24.1,0.0,False,Hot (>23°C),2025-07-07 11:17:00,0,8
2025-07-07,10,No.3 Court,Gate_1,Grounds Pass,General,1,Spain,1,True,92.8,24.1,0.0,False,Hot (>23°C),2025-07-07 12:12:00,37,8
2025-07-08,8,Court 5,Gate_2,Queue Ticket,General,0,UK,0,False,162.3,13.4,0.0,False,Cold (<15°C),2025-07-08 11:32:00,0,9
2025-07-06,11,Centre Court,Gate_3,Grounds Pass,General,1,UK,0,True,99.0,14.2,0.0,False,Cold (<15°C),2025-07-06 13:06:00,0,7
2025-07-02,11,No.2 Court,Gate_8,Centre Court,Premium,4,UK,0,False,20.1,26.8,0.0,False,Hot (>23°C),2025-07-02 12:20:00,0,3
2025-07-08,10,Court 12,Gate_2,No.2 Court,Reserved,2,UK,0,False,76.5,15.6,0.0,False,Cool (15–19°C),2025-07-08 11:49:00,0,9
2025-07-04,9,Court 8,Gate_6,Queue Ticket,General,0,Other,1,True,146.6,21.9,0.0,False,Warm (19–23°C),2025-07-04 11:59:00,0,5
2025-07-11,9,Court 7,Gate_5,Grounds Pass,General,1,UK,0,True,116.2,19.8,0.0,False,Warm (19–23°C),2025-07-11 11:02:00,0,12
2025-07-12,10,No.3 Court,Gate_1,Grounds Pass,General,1,Japan,1,True,85.6,27.2,0.0,True,Hot (>23°C),2025-07-12 12:15:00,0,13
2025-07-13,10,Court 18,Gate_8,No.2 Court,Reserved,2,Germany,1,True,79.4,19.2,0.0,False,Warm (19–23°C),2025-07-13 11:50:00,21,14
2025-07-10,10,No.3 Court,Gate_1,Grounds Pass,General,1,UK,0,True,82.8,24.9,0.0,False,Hot (>23°C),2025-07-10 12:15:00,0,11
2025-07-05,10,Court 12,Gate_6,Grounds Pass,General,1,Canada,1,False,66.0,23.2,0.0,True,Hot (>23°C),2025-07-05 11:20:00,0,6
2025-07-02,11,No.2 Court,Gate_2,No.1 Court,Reserved,3,Canada,1,True,28.9,26.8,0.0,False,Hot (>23°C),2025-07-02 12:20:00,0,3
2025-07-07,11,No.1 Court,Gate_4,Grounds Pass,General,1,Other,1,False,62.9,21.4,0.0,False,Warm (19–23°C),2025-07-07 13:02:00,0,8
2025-06-30,11,Centre Court,Gate_2,Grounds Pass,General,1,UK,0,False,74.9,17.8,0.0,False,Cool (15–19°C),2025-06-30 13:01:00,0,1
2025-07-08,12,Centre Court,Gate_4,Grounds Pass,General,1,USA,1,False,50.4,12.5,0.0,False,Cold (<15°C),2025-07-08 13:00:00,0,9
2025-07-09,10,Centre Court,Gate_4,Queue Ticket,General,0,UK,0,True,152.0,22.9,0.0,True,Warm (19–23°C),2025-07-09 13:02:00,0,10
2025-07-07,10,No.2 Court,Gate_6,Grounds Pass,General,1,UK,0,False,86.8,24.1,0.0,False,Hot (>23°C),2025-07-07 12:17:00,95,8
2025-07-13,10,Court 4,Gate_7,Grounds Pass,General,1,USA,1,False,53.2,19.2,0.0,False,Warm (19–23°C),2025-07-13 11:33:00,92,14
2025-07-03,9,Court 7,Gate_4,Queue Ticket,General,0,UK,0,True,154.5,17.0,0.0,False,Cool (15–19°C),2025-07-03 11:40:00,0,4
2025-07-09,10,No.2 Court,Gate_8,Grounds Pass,General,1,UK,0,True,88.0,22.9,0.0,True,Warm (19–23°C),2025-07-09 12:20:00,0,10
2025-07-07,9,Court 7,Gate_5,Queue Ticket,General,0,USA,1,False,116.9,22.2,0.0,False,Warm (19–23°C),2025-07-07 11:35:00,0,8
2025-07-08,10,Court 6,Gate_7,Grounds Pass,General,1,USA,1,False,46.8,15.6,0.0,False,Cool (15–19°C),2025-07-08 11:28:00,0,9
2025-07-08,10,Court 5,Gate_5,Queue Ticket,General,0,USA,1,True,50.6,15.6,0.0,False,Cool (15–19°C),2025-07-08 11:32:00,0,9
2025-07-12,9,No.2 Court,Gate_7,Queue Ticket,General,0,Spain,1,True,140.6,25.3,0.0,True,Hot (>23°C),2025-07-12 12:03:00,49,13
2025-07-03,12,Centre Court,Gate_2,Centre Court,Premium,4,Other,1,True,31.6,20.5,0.0,False,Warm (19–23°C),2025-07-03 13:02:00,0,4
2025-07-06,12,Centre Court,Gate_6,Grounds Pass,General,1,USA,1,True,53.1,14.8,0.0,False,Cold (<15°C),2025-07-06 13:06:00,0,7
2025-07-11,10,No.1 Court,Gate_8,Queue Ticket,General,0,UK,0,True,131.1,19.9,0.0,False,Warm (19–23°C),2025-07-11 13:01:00,0,12
2025-07-09,11,No.1 Court,Gate_4,No.2 Court,Reserved,2,Australia,1,True,95.2,23.2,0.8,True,Hot (>23°C),2025-07-09 13:09:00,0,10
2025-07-08,10,Court 6,Gate_4,No.2 Court,Reserved,2,UK,0,False,85.0,15.6,0.0,False,Cool (15–19°C),2025-07-08 11:28:00,0,9
2025-07-10,11,Centre Court,Gate_1,Queue Ticket,General,0,UK,0,True,108.2,23.8,0.0,False,Hot (>23°C),2025-07-10 13:14:00,0,11
2025-07-12,9,Court 7,Gate_7,Grounds Pass,General,1,USA,1,True,103.3,25.3,0.0,True,Hot (>23°C),2025-07-12 11:42:00,63,13
2025-07-10,13,No.1 Court,Gate_6,No.1 Court,Reserved,3,Japan,1,True,9.8,23.0,0.0,False,Warm (19–23°C),2025-07-10 13:13:00,0,11
2025-07-08,10,Court 18,Gate_4,No.2 Court,Reserved,2,UK,0,False,65.2,15.6,0.0,False,Cool (15–19°C),2025-07-08 11:32:00,0,9
2025-07-02,11,Centre Court,Gate_4,Grounds Pass,General,1,Canada,1,True,67.9,26.8,0.0,False,Hot (>23°C),2025-07-02 13:01:00,0,3
2025-07-03,10,Court 8,Gate_2,Centre Court,Premium,4,France,1,False,60.2,19.8,0.0,False,Warm (19–23°C),2025-07-03 11:04:00,0,4
2025-06-30,12,No.1 Court,Gate_1,No.1 Court,Reserved,3,UK,0,False,68.0,17.4,0.0,False,Cool (15–19°C),2025-06-30 13:11:00,0,1
2025-07-11,11,Court 4,Gate_4,Centre Court,Premium,4,USA,1,True,23.8,19.3,0.0,False,Warm (19–23°C),2025-07-11 11:49:00,0,12
2025-07-11,10,No.2 Court,Gate_7,No.2 Court,Reserved,2,Spain,1,True,102.7,19.9,0.0,False,Warm (19–23°C),2025-07-11 12:00:00,0,12
2025-07-01,8,Court 7,Gate_4,Grounds Pass,General,1,UK,0,True,157.7,21.8,0.0,True,Warm (19–23°C),2025-07-01 11:32:00,0,2
2025-07-13,10,Court 18,Gate_1,Grounds Pass,General,1,UK,0,True,108.5,19.2,0.0,False,Warm (19–23°C),2025-07-13 11:50:00,21,14
2025-07-04,12,Centre Court,Gate_2,No.2 Court,Reserved,2,France,1,False,63.4,21.9,0.0,False,Warm (19–23°C),2025-07-04 13:08:00,0,5
2025-07-09,11,No.3 Court,Gate_3,No.1 Court,Reserved,3,UK,0,True,74.8,23.2,0.8,True,Hot (>23°C),2025-07-09 12:21:00,0,10
2025-07-12,11,Centre Court,Gate_1,Grounds Pass,General,1,UK,0,False,97.9,27.4,0.06,True,Hot (>23°C),2025-07-12 13:00:00,0,13
2025-07-06,9,Court 7,Gate_8,Grounds Pass,General,1,Switzerland,1,True,102.6,11.9,0.0,False,Cold (<15°C),2025-07-06 11:12:00,0,7
2025-07-11,9,Court 12,Gate_6,Queue Ticket,General,0,Australia,1,True,113.2,19.8,0.0,False,Warm (19–23°C),2025-07-11 11:19:00,0,12
2025-06-30,10,Centre Court,Gate_6,Grounds Pass,General,1,UK,0,False,122.2,17.2,0.0,False,Cool (15–19°C),2025-06-30 13:01:00,0,1
2025-06-30,10,Court 8,Gate_4,Grounds Pass,General,1,UK,0,True,83.8,17.2,0.0,False,Cool (15–19°C),2025-06-30 11:55:00,0,1
2025-07-04,10,Court 7,Gate_6,Grounds Pass,General,1,UK,0,False,71.6,21.2,0.0,False,Warm (19–23°C),2025-07-04 11:39:00,0,5
2025-07-01,11,No.1 Court,Gate_7,Centre Court Debenture,Premium,5,Australia,1,False,99.6,20.6,0.76,True,Warm (19–23°C),2025-07-01 13:00:00,0,2
2025-07-03,11,No.2 Court,Gate_3,No.1 Court,Reserved,3,Other,1,False,25.2,20.3,0.0,False,Warm (19–23°C),2025-07-03 12:23:00,0,4
2025-07-04,10,Court 4,Gate_8,Queue Ticket,General,0,USA,1,True,107.4,21.2,0.0,False,Warm (19–23°C),2025-07-04 11:51:00,105,5
2025-07-12,10,No.2 Court,Gate_3,Queue Ticket,General,0,Germany,1,False,88.3,27.2,0.0,True,Hot (>23°C),2025-07-12 12:03:00,49,13
2025-07-03,9,Court 5,Gate_4,No.2 Court,Reserved,2,USA,1,False,62.1,17.0,0.0,False,Cool (15–19°C),2025-07-03 11:02:00,33,4
2025-07-01,9,Court 5,Gate_1,Grounds Pass,General,1,UK,0,False,133.0,18.5,0.0,True,Cool (15–19°C),2025-07-01 11:53:00,0,2
2025-07-03,10,Court 5,Gate_1,No.2 Court,Reserved,2,USA,1,True,54.7,19.8,0.0,False,Warm (19–23°C),2025-07-03 11:02:00,33,4
2025-07-03,11,Centre Court,Gate_7,Centre Court,Premium,4,UK,0,True,64.4,20.3,0.0,False,Warm (19–23°C),2025-07-03 13:02:00,0,4
2025-07-02,9,Court 7,Gate_3,No.2 Court,Reserved,2,UK,0,True,99.0,25.2,0.0,False,Hot (>23°C),2025-07-02 11:18:00,0,3
2025-07-13,9,Court 5,Gate_6,Queue Ticket,General,0,Germany,1,True,125.3,20.3,0.0,False,Warm (19–23°C),2025-07-13 11:08:00,0,14
2025-07-09,9,Court 5,Gate_5,Grounds Pass,General,1,UK,0,True,158.9,23.5,0.0,True,Hot (>23°C),2025-07-09 11:54:00,0,10
2025-07-05,11,Centre Court,Gate_6,Grounds Pass,General,1,Australia,1,True,102.4,25.0,11.35,True,Hot (>23°C),2025-07-05 13:01:00,0,6
2025-07-04,10,Court 7,Gate_3,No.1 Court,Reserved,3,UK,0,False,65.0,21.2,0.0,False,Warm (19–23°C),2025-07-04 11:39:00,0,5
2025-07-01,11,No.1 Court,Gate_5,Grounds Pass,General,1,USA,1,True,118.8,20.6,0.76,True,Warm (19–23°C),2025-07-01 13:00:00,0,2
2025-07-03,10,No.3 Court,Gate_5,Grounds Pass,General,1,France,1,True,94.8,19.8,0.0,False,Warm (19–23°C),2025-07-03 12:08:00,0,4
2025-06-30,11,Centre Court,Gate_8,Grounds Pass,General,1,UK,0,False,96.9,17.8,0.0,False,Cool (15–19°C),2025-06-30 13:01:00,0,1
2025-07-05,10,Court 18,Gate_2,No.2 Court,Reserved,2,USA,1,False,85.2,23.2,0.0,True,Hot (>23°C),2025-07-05 11:57:00,0,6
2025-07-09,10,No.3 Court,Gate_2,Grounds Pass,General,1,UK,0,True,101.2,22.9,0.0,True,Warm (19–23°C),2025-07-09 12:21:00,0,10
2025-07-09,11,No.2 Court,Gate_5,Grounds Pass,General,1,Spain,1,True,79.5,23.2,0.8,True,Hot (>23°C),2025-07-09 12:20:00,0,10
2025-06-30,10,No.2 Court,Gate_4,Centre Court,Premium,4,UK,0,True,87.9,17.2,0.0,False,Cool (15–19°C),2025-06-30 12:02:00,89,1
2025-07-11,11,No.1 Court,Gate_1,Grounds Pass,General,1,UK,0,True,80.9,19.3,0.0,False,Warm (19–23°C),2025-07-11 13:01:00,0,12
2025-07-06,12,No.1 Court,Gate_7,Grounds Pass,General,1,Japan,1,True,62.4,14.8,0.0,False,Cold (<15°C),2025-07-06 13:03:00,0,7
2025-07-08,10,Court 8,Gate_1,Centre Court,Premium,4,UK,0,True,73.9,15.6,0.0,False,Cool (15–19°C),2025-07-08 11:31:00,56,9
2025-07-06,10,Court 6,Gate_1,Grounds Pass,General,1,UK,0,True,67.0,15.5,0.0,False,Cool (15–19°C),2025-07-06 11:42:00,0,7
2025-07-09,10,Centre Court,Gate_4,Grounds Pass,General,1,UK,0,False,135.9,22.9,0.0,True,Warm (19–23°C),2025-07-09 13:02:00,0,10
2025-07-01,9,Court 12,Gate_7,Grounds Pass,General,1,Germany,1,True,106.5,18.5,0.0,True,Cool (15–19°C),2025-07-01 11:21:00,0,2
2025-07-10,12,No.1 Court,Gate_3,Queue Ticket,General,0,Other,1,True,62.7,24.1,0.0,False,Hot (>23°C),2025-07-10 13:13:00,0,11
2025-07-01,10,No.2 Court,Gate_4,Grounds Pass,General,1,Australia,1,True,104.6,19.4,0.0,True,Warm (19–23°C),2025-07-01 12:04:00,0,2
2025-07-12,10,Court 5,Gate_5,No.1 Court,Reserved,3,Germany,1,True,80.0,27.2,0.0,True,Hot (>23°C),2025-07-12 11:34:00,0,13
2025-07-04,10,Court 8,Gate_3,No.2 Court,Reserved,2,UK,0,True,83.1,21.2,0.0,False,Warm (19–23°C),2025-07-04 11:59:00,0,5
2025-07-09,10,No.2 Court,Gate_2,Grounds Pass,General,1,UK,0,False,126.8,22.9,0.0,True,Warm (19–23°C),2025-07-09 12:20:00,0,10
2025-07-12,8,Court 6,Gate_4,Grounds Pass,General,1,UK,0,True,147.9,24.7,0.0,True,Hot (>23°C),2025-07-12 11:01:00,0,13
2025-07-06,9,Court 4,Gate_7,No.2 Court,Reserved,2,UK,0,True,110.1,11.9,0.0,False,Cold (<15°C),2025-07-06 11:04:00,0,7
2025-07-10,10,Court 7,Gate_2,No.2 Court,Reserved,2,UK,0,True,41.0,24.9,0.0,False,Hot (>23°C),2025-07-10 11:13:00,0,11
2025-07-06,10,Court 18,Gate_2,Grounds Pass,General,1,Germany,1,False,38.4,15.5,0.0,False,Cool (15–19°C),2025-07-06 11:29:00,0,7
2025-07-04,10,Court 4,Gate_5,No.1 Court,Reserved,3,UK,0,False,58.5,21.2,0.0,False,Warm (19–23°C),2025-07-04 11:51:00,105,5
2025-07-09,9,Court 18,Gate_6,No.2 Court,Reserved,2,UK,0,True,115.5,23.5,0.0,True,Hot (>23°C),2025-07-09 11:12:00,0,10
2025-07-12,10,No.2 Court,Gate_1,No.1 Court,Reserved,3,Other,1,False,84.4,27.2,0.0,True,Hot (>23°C),2025-07-12 12:03:00,49,13
2025-06-30,9,Court 7,Gate_4,No.2 Court,Reserved,2,UK,0,True,93.0,18.3,0.0,False,Cool (15–19°C),2025-06-30 11:10:00,0,1
2025-07-02,11,No.3 Court,Gate_5,Queue Ticket,General,0,UK,0,True,58.4,26.8,0.0,False,Hot (>23°C),2025-07-02 12:14:00,0,3
2025-06-30,11,No.1 Court,Gate_8,No.2 Court,Reserved,2,UK,0,True,91.0,17.8,0.0,False,Cool (15–19°C),2025-06-30 13:11:00,0,1
2025-07-01,9,Court 18,Gate_3,Queue Ticket,General,0,Switzerland,1,True,128.8,18.5,0.0,True,Cool (15–19°C),2025-07-01 11:58:00,0,2
2025-07-10,10,Court 5,Gate_7,Grounds Pass,General,1,Germany,1,False,51.2,24.9,0.0,False,Hot (>23°C),2025-07-10 11:09:00,0,11
2025-07-11,11,No.3 Court,Gate_7,Grounds Pass,General,1,UK,0,False,64.1,19.3,0.0,False,Warm (19–23°C),2025-07-11 12:28:00,26,12
2025-07-04,10,Court 18,Gate_1,Centre Court,Premium,4,UK,0,True,77.9,21.2,0.0,False,Warm (19–23°C),2025-07-04 11:19:00,36,5
2025-07-11,12,Centre Court,Gate_7,No.2 Court,Reserved,2,UK,0,True,45.2,19.8,0.0,False,Warm (19–23°C),2025-07-11 13:13:00,0,12
2025-07-12,10,No.1 Court,Gate_7,Grounds Pass,General,1,UK,0,False,150.2,27.2,0.0,True,Hot (>23°C),2025-07-12 13:04:00,0,13
2025-07-12,10,Court 5,Gate_1,Queue Ticket,General,0,UK,0,True,90.8,27.2,0.0,True,Hot (>23°C),2025-07-12 11:34:00,0,13
2025-07-07,10,Court 4,Gate_4,No.1 Court,Reserved,3,UK,0,False,86.4,24.1,0.0,False,Hot (>23°C),2025-07-07 11:29:00,0,8
2025-07-02,11,Court 8,Gate_6,Grounds Pass,General,1,UK,0,False,45.8,26.8,0.0,False,Hot (>23°C),2025-07-02 11:50:00,0,3
2025-07-13,12,No.1 Court,Gate_1,No.1 Court,Reserved,3,Japan,1,True,34.5,18.2,0.0,False,Cool (15–19°C),2025-07-13 13:09:00,0,14
2025-07-05,10,Court 5,Gate_3,Grounds Pass,General,1,Other,1,False,98.8,23.2,0.0,True,Hot (>23°C),2025-07-05 11:41:00,0,6
2025-07-04,9,Court 6,Gate_3,Grounds Pass,General,1,Japan,1,False,115.0,21.9,0.0,False,Warm (19–23°C),2025-07-04 11:26:00,0,5
2025-07-06,10,Court 7,Gate_3,Centre Court Debenture,Premium,5,UK,0,False,37.0,15.5,0.0,False,Cool (15–19°C),2025-07-06 11:12:00,0,7
2025-07-11,9,Court 5,Gate_6,Grounds Pass,General,1,Spain,1,True,124.6,19.8,0.0,False,Warm (19–23°C),2025-07-11 11:44:00,0,12
2025-07-12,10,No.1 Court,Gate_6,Queue Ticket,General,0,USA,1,True,128.6,27.2,0.0,True,Hot (>23°C),2025-07-12 13:04:00,0,13
2025-07-12,9,Court 7,Gate_3,Grounds Pass,General,1,USA,1,False,107.3,25.3,0.0,True,Hot (>23°C),2025-07-12 11:42:00,63,13
2025-07-05,10,Court 18,Gate_3,Queue Ticket,General,0,UK,0,True,108.7,23.2,0.0,True,Hot (>23°C),2025-07-05 11:57:00,0,6
2025-07-01,10,No.2 Court,Gate_4,Grounds Pass,General,1,Spain,1,True,112.8,19.4,0.0,True,Warm (19–23°C),2025-07-01 12:04:00,0,2
2025-07-02,11,Centre Court,Gate_2,Queue Ticket,General,0,Germany,1,True,119.9,26.8,0.0,False,Hot (>23°C),2025-07-02 13:01:00,0,3
2025-07-13,11,Court 4,Gate_6,Grounds Pass,General,1,Canada,1,True,22.6,20.9,0.0,False,Warm (19–23°C),2025-07-13 11:33:00,92,14
2025-07-13,11,No.1 Court,Gate_1,No.2 Court,Reserved,2,UK,0,True,86.6,20.9,0.0,False,Warm (19–23°C),2025-07-13 13:09:00,0,14
2025-07-02,9,Court 5,Gate_8,Queue Ticket,General,0,UK,0,True,131.9,25.2,0.0,False,Hot (>23°C),2025-07-02 11:26:00,0,3
2025-07-01,11,Centre Court,Gate_2,No.1 Court,Reserved,3,UK,0,True,86.1,20.6,0.76,True,Warm (19–23°C),2025-07-01 13:13:00,0,2
2025-07-01,9,Court 6,Gate_8,Grounds Pass,General,1,USA,1,True,89.8,18.5,0.0,True,Cool (15–19°C),2025-07-01 11:21:00,66,2
2025-07-02,9,Court 6,Gate_4,Queue Ticket,General,0,Australia,1,True,117.5,25.2,0.0,False,Hot (>23°C),2025-07-02 11:05:00,0,3
2025-07-12,9,Court 18,Gate_8,Grounds Pass,General,1,UK,0,True,118.7,25.3,0.0,True,Hot (>23°C),2025-07-12 11:23:00,0,13
2025-07-03,11,Court 7,Gate_4,No.1 Court,Reserved,3,USA,1,True,26.1,20.3,0.0,False,Warm (19–23°C),2025-07-03 11:40:00,0,4
2025-07-08,11,No.3 Court,Gate_7,Centre Court,Premium,4,USA,1,False,74.8,12.1,0.0,False,Cold (<15°C),2025-07-08 12:20:00,0,9
2025-07-07,11,No.1 Court,Gate_2,Queue Ticket,General,0,Australia,1,True,76.2,21.4,0.0,False,Warm (19–23°C),2025-07-07 13:02:00,0,8
2025-07-07,10,Court 7,Gate_2,No.2 Court,Reserved,2,UK,0,True,70.8,24.1,0.0,False,Hot (>23°C),2025-07-07 11:35:00,0,8
2025-07-05,11,No.1 Court,Gate_8,No.2 Court,Reserved,2,UK,0,False,116.0,25.0,11.35,True,Hot (>23°C),2025-07-05 13:01:00,0,6
2025-06-30,10,Court 5,Gate_6,No.1 Court,Reserved,3,France,1,True,54.2,17.2,0.0,False,Cool (15–19°C),2025-06-30 11:30:00,0,1
2025-07-06,9,Court 12,Gate_6,Grounds Pass,General,1,UK,0,False,112.9,11.9,0.0,False,Cold (<15°C),2025-07-06 11:10:00,0,7
2025-07-12,11,Centre Court,Gate_2,No.2 Court,Reserved,2,Germany,1,False,81.1,27.4,0.06,True,Hot (>23°C),2025-07-12 13:00:00,0,13
2025-07-09,9,Court 8,Gate_4,Queue Ticket,General,0,UK,0,True,134.6,23.5,0.0,True,Hot (>23°C),2025-07-09 11:18:00,0,10
2025-07-01,11,Centre Court,Gate_8,Grounds Pass,General,1,UK,0,False,119.9,20.6,0.76,True,Warm (19–23°C),2025-07-01 13:13:00,0,2
2025-07-04,10,Centre Court,Gate_6,Queue Ticket,General,0,UK,0,True,136.1,21.2,0.0,False,Warm (19–23°C),2025-07-04 13:08:00,0,5
2025-07-13,10,Court 18,Gate_4,No.2 Court,Reserved,2,UK,0,False,90.3,19.2,0.0,False,Warm (19–23°C),2025-07-13 11:50:00,21,14
2025-07-05,10,Court 4,Gate_4,No.2 Court,Reserved,2,UK,0,False,82.1,23.2,0.0,True,Hot (>23°C),2025-07-05 11:29:00,0,6
2025-07-06,9,Court 12,Gate_4,Centre Court,Premium,4,UK,0,True,121.2,11.9,0.0,False,Cold (<15°C),2025-07-06 11:10:00,0,7
2025-07-05,8,Court 6,Gate_1,Queue Ticket,General,0,UK,0,True,136.1,27.3,0.0,True,Hot (>23°C),2025-07-05 11:14:00,0,6
2025-07-05,11,Centre Court,Gate_3,No.1 Court,Reserved,3,Spain,1,True,66.0,25.0,11.35,True,Hot (>23°C),2025-07-05 13:01:00,0,6
2025-07-12,10,No.3 Court,Gate_4,No.1 Court,Reserved,3,UK,0,True,110.6,27.2,0.0,True,Hot (>23°C),2025-07-12 12:15:00,0,13
2025-07-06,11,No.1 Court,Gate_2,Queue Ticket,General,0,Japan,1,True,120.5,14.2,0.0,False,Cold (<15°C),2025-07-06 13:03:00,0,7
2025-07-05,10,No.1 Court,Gate_6,Grounds Pass,General,1,USA,1,True,122.9,23.2,0.0,True,Hot (>23°C),2025-07-05 13:01:00,0,6
2025-07-05,11,Centre Court,Gate_2,No.1 Court,Reserved,3,Japan,1,False,74.1,25.0,11.35,True,Hot (>23°C),2025-07-05 13:01:00,0,6
2025-07-10,11,No.2 Court,Gate_6,Grounds Pass,General,1,Spain,1,True,51.4,23.8,0.0,False,Hot (>23°C),2025-07-10 12:07:00,0,11
2025-07-04,12,No.1 Court,Gate_6,Centre Court Debenture,Premium,5,Germany,1,True,18.9,21.9,0.0,False,Warm (19–23°C),2025-07-04 13:05:00,0,5
2025-07-04,10,Court 6,Gate_4,No.2 Court,Reserved,2,USA,1,False,49.0,21.2,0.0,False,Warm (19–23°C),2025-07-04 11:26:00,0,5
2025-07-08,12,No.1 Court,Gate_3,No.2 Court,Reserved,2,UK,0,True,64.4,12.5,0.0,False,Cold (<15°C),2025-07-08 13:07:00,0,9
2025-07-04,10,Court 6,Gate_1,Centre Court,Premium,4,Other,1,True,64.4,21.2,0.0,False,Warm (19–23°C),2025-07-04 11:26:00,0,5
2025-07-02,9,Court 7,Gate_6,No.1 Court,Reserved,3,UK,0,False,83.9,25.2,0.0,False,Hot (>23°C),2025-07-02 11:18:00,0,3
2025-06-30,9,No.2 Court,Gate_4,Queue Ticket,General,0,UK,0,True,129.9,18.3,0.0,False,Cool (15–19°C),2025-06-30 12:02:00,89,1
2025-07-09,9,Court 18,Gate_6,Grounds Pass,General,1,UK,0,False,128.8,23.5,0.0,True,Hot (>23°C),2025-07-09 11:12:00,0,10
2025-07-13,11,No.2 Court,Gate_8,No.2 Court,Reserved,2,France,1,True,73.9,20.9,0.0,False,Warm (19–23°C),2025-07-13 12:28:00,112,14
2025-07-10,12,Centre Court,Gate_5,Grounds Pass,General,1,USA,1,False,49.2,24.1,0.0,False,Hot (>23°C),2025-07-10 13:14:00,0,11
2025-07-10,12,No.1 Court,Gate_6,Centre Court,Premium,4,USA,1,False,54.8,24.1,0.0,False,Hot (>23°C),2025-07-10 13:13:00,0,11
2025-07-09,9,Court 6,Gate_1,Grounds Pass,General,1,France,1,False,102.7,23.5,0.0,True,Hot (>23°C),2025-07-09 11:14:00,0,10
2025-07-13,12,Centre Court,Gate_7,No.1 Court,Reserved,3,UK,0,True,60.7,18.2,0.0,False,Cool (15–19°C),2025-07-13 13:07:00,0,14
2025-06-30,11,No.1 Court,Gate_4,Queue Ticket,General,0,Japan,1,True,77.9,17.8,0.0,False,Cool (15–19°C),2025-06-30 13:11:00,0,1
2025-07-10,10,Court 4,Gate_4,No.2 Court,Reserved,2,Other,1,True,7.0,24.9,0.0,False,Hot (>23°C),2025-07-10 11:02:00,0,11
2025-07-04,10,Court 7,Gate_4,Queue Ticket,General,0,Japan,1,False,74.5,21.2,0.0,False,Warm (19–23°C),2025-07-04 11:39:00,0,5
2025-07-04,10,Court 8,Gate_3,Grounds Pass,General,1,France,1,False,75.4,21.2,0.0,False,Warm (19–23°C),2025-07-04 11:59:00,0,5
2025-07-06,10,Court 5,Gate_1,Centre Court Debenture,Premium,5,Japan,1,False,41.8,15.5,0.0,False,Cool (15–19°C),2025-07-06 11:05:00,0,7
2025-07-09,9,No.3 Court,Gate_4,Queue Ticket,General,0,France,1,True,150.1,23.5,0.0,True,Hot (>23°C),2025-07-09 12:21:00,0,10
2025-07-07,12,Centre Court,Gate_8,No.1 Court,Reserved,3,Australia,1,False,35.9,21.4,0.0,False,Warm (19–23°C),2025-07-07 13:10:00,0,8
2025-07-09,8,Court 6,Gate_4,No.2 Court,Reserved,2,UK,0,True,153.3,22.8,0.0,True,Warm (19–23°C),2025-07-09 11:14:00,0,10
2025-07-13,9,Court 12,Gate_1,No.2 Court,Reserved,2,UK,0,False,111.2,20.3,0.0,False,Warm (19–23°C),2025-07-13 11:48:00,0,14
2025-07-08,10,Court 7,Gate_2,No.2 Court,Reserved,2,UK,0,True,86.4,15.6,0.0,False,Cool (15–19°C),2025-07-08 11:32:00,0,9
2025-07-13,10,Court 12,Gate_5,Centre Court,Premium,4,UK,0,True,84.9,19.2,0.0,False,Warm (19–23°C),2025-07-13 11:48:00,0,14
2025-07-03,10,Court 6,Gate_5,No.1 Court,Reserved,3,UK,0,True,49.6,19.8,0.0,False,Warm (19–23°C),2025-07-03 11:26:00,0,4
2025-07-11,9,Court 8,Gate_4,Grounds Pass,General,1,Canada,1,True,112.4,19.8,0.0,False,Warm (19–23°C),2025-07-11 11:11:00,0,12
2025-07-07,10,No.3 Court,Gate_2,No.2 Court,Reserved,2,Other,1,True,84.8,24.1,0.0,False,Hot (>23°C),2025-07-07 12:12:00,37,8
2025-07-06,11,No.2 Court,Gate_2,Centre Court,Premium,4,UK,0,False,66.1,14.2,0.0,False,Cold (<15°C),2025-07-06 12:07:00,0,7
2025-07-10,11,No.2 Court,Gate_7,No.2 Court,Reserved,2,Japan,1,True,42.4,23.8,0.0,False,Hot (>23°C),2025-07-10 12:07:00,0,11
2025-07-01,10,Court 4,Gate_3,Centre Court,Premium,4,Switzerland,1,True,58.1,19.4,0.0,True,Warm (19–23°C),2025-07-01 11:26:00,0,2
2025-07-01,9,Court 5,Gate_1,Queue Ticket,General,0,UK,0,True,154.4,18.5,0.0,True,Cool (15–19°C),2025-07-01 11:53:00,0,2
2025-07-10,11,Centre Court,Gate_3,Grounds Pass,General,1,UK,0,True,93.0,23.8,0.0,False,Hot (>23°C),2025-07-10 13:14:00,0,11
2025-07-12,9,No.2 Court,Gate_3,Grounds Pass,General,1,UK,0,True,128.1,25.3,0.0,True,Hot (>23°C),2025-07-12 12:03:00,49,13
2025-07-02,11,No.1 Court,Gate_1,Grounds Pass,General,1,UK,0,True,82.2,26.8,0.0,False,Hot (>23°C),2025-07-02 13:07:00,0,3
2025-07-06,9,Court 8,Gate_3,Queue Ticket,General,0,Germany,1,True,122.4,11.9,0.0,False,Cold (<15°C),2025-07-06 11:32:00,0,7
2025-07-01,10,Court 5,Gate_5,Grounds Pass,General,1,Switzerland,1,True,83.9,19.4,0.0,True,Warm (19–23°C),2025-07-01 11:53:00,0,2
2025-07-09,9,Court 6,Gate_8,Grounds Pass,General,1,UK,0,True,131.9,23.5,0.0,True,Hot (>23°C),2025-07-09 11:14:00,0,10
2025-07-09,10,No.2 Court,Gate_8,Centre Court,Premium,4,UK,0,False,85.3,22.9,0.0,True,Warm (19–23°C),2025-07-09 12:20:00,0,10
2025-07-08,9,Court 4,Gate_8,Queue Ticket,General,0,UK,0,True,107.6,14.1,0.0,False,Cold (<15°C),2025-07-08 11:29:00,0,9
2025-07-05,11,No.1 Court,Gate_8,Centre Court,Premium,4,Australia,1,True,75.7,25.0,11.35,True,Hot (>23°C),2025-07-05 13:01:00,0,6
2025-07-04,11,No.1 Court,Gate_2,No.1 Court,Reserved,3,UK,0,False,103.3,20.4,0.0,False,Warm (19–23°C),2025-07-04 13:05:00,0,5
2025-06-30,11,Court 4,Gate_7,Grounds Pass,General,1,France,1,True,50.7,17.8,0.0,False,Cool (15–19°C),2025-06-30 11:58:00,0,1
2025-07-09,10,No.1 Court,Gate_6,Queue Ticket,General,0,Japan,1,True,150.5,22.9,0.0,True,Warm (19–23°C),2025-07-09 13:09:00,0,10
2025-07-08,9,Court 7,Gate_4,Grounds Pass,General,1,UK,0,True,134.0,14.1,0.0,False,Cold (<15°C),2025-07-08 11:32:00,0,9
2025-07-03,10,No.2 Court,Gate_7,Grounds Pass,General,1,UK,0,True,84.4,19.8,0.0,False,Warm (19–23°C),2025-07-03 12:23:00,0,4
2025-07-11,9,Court 8,Gate_7,Centre Court Debenture,Premium,5,UK,0,True,74.3,19.8,0.0,False,Warm (19–23°C),2025-07-11 11:11:00,0,12
2025-07-10,9,No.2 Court,Gate_1,Grounds Pass,General,1,UK,0,False,138.5,26.4,0.0,False,Hot (>23°C),2025-07-10 12:07:00,0,11
2025-07-09,10,No.2 Court,Gate_8,Grounds Pass,General,1,USA,1,False,116.1,22.9,0.0,True,Warm (19–23°C),2025-07-09 12:20:00,0,10
2025-06-30,10,Court 6,Gate_1,No.1 Court,Reserved,3,UK,0,False,44.6,17.2,0.0,False,Cool (15–19°C),2025-06-30 11:07:00,0,1
2025-07-13,11,Centre Court,Gate_2,Centre Court,Premium,4,UK,0,True,78.6,20.9,0.0,False,Warm (19–23°C),2025-07-13 13:07:00,0,14
2025-07-03,11,Centre Court,Gate_1,Queue Ticket,General,0,Other,1,False,95.9,20.3,0.0,False,Warm (19–23°C),2025-07-03 13:02:00,0,4
2025-07-03,12,Centre Court,Gate_8,Centre Court Debenture,Premium,5,UK,0,True,59.3,20.5,0.0,False,Warm (19–23°C),2025-07-03 13:02:00,0,4
2025-07-12,11,No.2 Court,Gate_8,Centre Court Debenture,Premium,5,UK,0,False,28.1,27.4,0.06,True,Hot (>23°C),2025-07-12 12:03:00,49,13
2025-07-02,10,Court 6,Gate_4,No.2 Court,Reserved,2,Germany,1,False,56.4,27.9,0.0,False,Hot (>23°C),2025-07-02 11:05:00,0,3
2025-07-10,11,Centre Court,Gate_1,Grounds Pass,General,1,UK,0,True,95.9,23.8,0.0,False,Hot (>23°C),2025-07-10 13:14:00,0,11
2025-07-01,10,No.3 Court,Gate_6,No.2 Court,Reserved,2,UK,0,True,100.4,19.4,0.0,True,Warm (19–23°C),2025-07-01 12:22:00,0,2
2025-07-08,11,Centre Court,Gate_4,Grounds Pass,General,1,Japan,1,True,93.8,12.1,0.0,False,Cold (<15°C),2025-07-08 13:00:00,0,9
2025-07-13,9,Court 6,Gate_4,No.1 Court,Reserved,3,UK,0,True,80.0,20.3,0.0,False,Warm (19–23°C),2025-07-13 11:00:00,0,14
2025-07-07,10,Centre Court,Gate_5,Queue Ticket,General,0,UK,0,True,146.9,24.1,0.0,False,Hot (>23°C),2025-07-07 13:10:00,0,8
2025-07-03,12,Centre Court,Gate_8,Centre Court,Premium,4,USA,1,True,32.6,20.5,0.0,False,Warm (19–23°C),2025-07-03 13:02:00,0,4
2025-07-09,10,Centre Court,Gate_6,Queue Ticket,General,0,USA,1,True,123.8,22.9,0.0,True,Warm (19–23°C),2025-07-09 13:02:00,0,10
2025-07-10,11,Court 8,Gate_2,No.1 Court,Reserved,3,Other,1,True,10.4,23.8,0.0,False,Hot (>23°C),2025-07-10 11:53:00,0,11
2025-07-04,10,Court 8,Gate_4,Grounds Pass,General,1,USA,1,False,86.9,21.2,0.0,False,Warm (19–23°C),2025-07-04 11:59:00,0,5
2025-07-11,10,Court 8,Gate_2,No.2 Court,Reserved,2,UK,0,False,37.0,19.9,0.0,False,Warm (19–23°C),2025-07-11 11:11:00,0,12
2025-07-04,12,No.1 Court,Gate_5,No.2 Court,Reserved,2,Spain,1,True,36.4,21.9,0.0,False,Warm (19–23°C),2025-07-04 13:05:00,0,5
2025-07-07,10,Court 6,Gate_5,Centre Court,Premium,4,Australia,1,True,58.7,24.1,0.0,False,Hot (>23°C),2025-07-07 11:10:00,0,8
2025-07-09,9,Court 5,Gate_3,No.2 Court,Reserved,2,UK,0,False,159.1,23.5,0.0,True,Hot (>23°C),2025-07-09 11:54:00,0,10
2025-06-30,11,Court 12,Gate_8,Centre Court,Premium,4,USA,1,False,11.6,17.8,0.0,False,Cool (15–19°C),2025-06-30 11:32:00,0,1
2025-07-04,11,No.1 Court,Gate_1,Grounds Pass,General,1,UK,0,True,96.8,20.4,0.0,False,Warm (19–23°C),2025-07-04 13:05:00,0,5
2025-06-30,11,Court 4,Gate_4,No.1 Court,Reserved,3,Australia,1,True,53.1,17.8,0.0,False,Cool (15–19°C),2025-06-30 11:58:00,0,1
2025-07-06,10,Court 12,Gate_6,Centre Court,Premium,4,Australia,1,True,55.1,15.5,0.0,False,Cool (15–19°C),2025-07-06 11:10:00,0,7
2025-07-11,8,Court 6,Gate_3,Queue Ticket,General,0,UK,0,False,138.2,21.7,0.0,False,Warm (19–23°C),2025-07-11 11:10:00,0,12
2025-07-07,10,Court 7,Gate_5,No.2 Court,Reserved,2,UK,0,False,86.0,24.1,0.0,False,Hot (>23°C),2025-07-07 11:35:00,0,8
2025-07-04,11,Centre Court,Gate_7,Grounds Pass,General,1,USA,1,False,74.9,20.4,0.0,False,Warm (19–23°C),2025-07-04 13:08:00,0,5
2025-07-13,11,No.2 Court,Gate_5,Centre Court,Premium,4,Germany,1,False,74.1,20.9,0.0,False,Warm (19–23°C),2025-07-13 12:28:00,112,14
2025-07-01,11,No.1 Court,Gate_8,No.2 Court,Reserved,2,UK,0,True,112.6,20.6,0.76,True,Warm (19–23°C),2025-07-01 13:00:00,0,2
2025-07-06,12,No.3 Court,Gate_1,No.2 Court,Reserved,2,France,1,True,20.2,14.8,0.0,False,Cold (<15°C),2025-07-06 12:21:00,0,7
2025-07-03,9,Court 6,Gate_2,Queue Ticket,General,0,UK,0,False,114.0,17.0,0.0,False,Cool (15–19°C),2025-07-03 11:26:00,0,4
2025-07-10,10,No.3 Court,Gate_8,Queue Ticket,General,0,UK,0,True,117.2,24.9,0.0,False,Hot (>23°C),2025-07-10 12:15:00,0,11
2025-07-02,10,No.2 Court,Gate_5,Grounds Pass,General,1,UK,0,True,100.8,27.9,0.0,False,Hot (>23°C),2025-07-02 12:20:00,0,3
2025-07-06,12,Centre Court,Gate_4,Centre Court,Premium,4,Canada,1,True,49.7,14.8,0.0,False,Cold (<15°C),2025-07-06 13:06:00,0,7
2025-07-01,10,No.2 Court,Gate_8,Grounds Pass,General,1,Australia,1,False,112.8,19.4,0.0,True,Warm (19–23°C),2025-07-01 12:04:00,0,2
2025-07-06,10,No.3 Court,Gate_4,Queue Ticket,General,0,UK,0,True,119.9,15.5,0.0,False,Cool (15–19°C),2025-07-06 12:21:00,0,7
2025-07-02,10,Court 7,Gate_8,No.2 Court,Reserved,2,USA,1,False,54.3,27.9,0.0,False,Hot (>23°C),2025-07-02 11:18:00,0,3
2025-07-02,11,No.1 Court,Gate_1,Grounds Pass,General,1,UK,0,True,103.2,26.8,0.0,False,Hot (>23°C),2025-07-02 13:07:00,0,3
2025-07-05,10,Court 5,Gate_8,No.2 Court,Reserved,2,Japan,1,True,73.6,23.2,0.0,True,Hot (>23°C),2025-07-05 11:41:00,0,6
2025-07-12,9,Court 4,Gate_3,Queue Ticket,General,0,UK,0,True,164.5,25.3,0.0,True,Hot (>23°C),2025-07-12 11:45:00,0,13
2025-07-08,11,Centre Court,Gate_8,Grounds Pass,General,1,UK,0,False,90.3,12.1,0.0,False,Cold (<15°C),2025-07-08 13:00:00,0,9
2025-07-08,11,Court 6,Gate_8,Centre Court Debenture,Premium,5,UK,0,False,27.4,12.1,0.0,False,Cold (<15°C),2025-07-08 11:28:00,0,9
2025-07-10,10,No.2 Court,Gate_4,Queue Ticket,General,0,UK,0,False,73.3,24.9,0.0,False,Hot (>23°C),2025-07-10 12:07:00,0,11
2025-07-03,12,No.1 Court,Gate_3,No.2 Court,Reserved,2,UK,0,False,46.7,20.5,0.0,False,Warm (19–23°C),2025-07-03 13:11:00,0,4
2025-07-04,9,No.2 Court,Gate_1,Grounds Pass,General,1,UK,0,True,134.8,21.9,0.0,False,Warm (19–23°C),2025-07-04 12:13:00,0,5
2025-07-11,10,No.3 Court,Gate_5,No.2 Court,Reserved,2,USA,1,False,88.8,19.9,0.0,False,Warm (19–23°C),2025-07-11 12:28:00,26,12
2025-07-07,10,Court 12,Gate_7,No.2 Court,Reserved,2,USA,1,True,83.5,24.1,0.0,False,Hot (>23°C),2025-07-07 11:34:00,0,8
2025-06-30,9,Court 6,Gate_3,Queue Ticket,General,0,UK,0,True,92.7,18.3,0.0,False,Cool (15–19°C),2025-06-30 11:07:00,0,1
2025-07-11,9,Court 8,Gate_6,Grounds Pass,General,1,UK,0,True,97.3,19.8,0.0,False,Warm (19–23°C),2025-07-11 11:11:00,0,12
2025-07-12,10,No.3 Court,Gate_2,No.2 Court,Reserved,2,UK,0,False,102.7,27.2,0.0,True,Hot (>23°C),2025-07-12 12:15:00,0,13
2025-07-05,11,No.1 Court,Gate_3,Grounds Pass,General,1,Australia,1,True,94.6,25.0,11.35,True,Hot (>23°C),2025-07-05 13:01:00,0,6
2025-07-10,11,No.3 Court,Gate_5,No.2 Court,Reserved,2,Japan,1,True,58.4,23.8,0.0,False,Hot (>23°C),2025-07-10 12:15:00,0,11
2025-07-06,11,No.1 Court,Gate_5,Queue Ticket,General,0,UK,0,False,94.7,14.2,0.0,False,Cold (<15°C),2025-07-06 13:03:00,0,7
2025-07-02,10,Centre Court,Gate_4,Queue Ticket,General,0,UK,0,True,126.2,27.9,0.0,False,Hot (>23°C),2025-07-02 13:01:00,0,3
2025-07-01,10,No.3 Court,Gate_6,Grounds Pass,General,1,USA,1,False,95.7,19.4,0.0,True,Warm (19–23°C),2025-07-01 12:22:00,0,2
2025-07-11,11,No.1 Court,Gate_3,Grounds Pass,General,1,UK,0,True,89.7,19.3,0.0,False,Warm (19–23°C),2025-07-11 13:01:00,0,12
2025-06-30,10,No.2 Court,Gate_4,Grounds Pass,General,1,Spain,1,True,80.3,17.2,0.0,False,Cool (15–19°C),2025-06-30 12:02:00,89,1
2025-07-13,11,No.1 Court,Gate_1,Grounds Pass,General,1,UK,0,True,75.9,20.9,0.0,False,Warm (19–23°C),2025-07-13 13:09:00,0,14
2025-07-03,11,No.3 Court,Gate_8,Grounds Pass,General,1,Japan,1,True,63.9,20.3,0.0,False,Warm (19–23°C),2025-07-03 12:08:00,0,4
2025-07-12,10,Court 7,Gate_3,No.1 Court,Reserved,3,Other,1,True,82.5,27.2,0.0,True,Hot (>23°C),2025-07-12 11:42:00,63,13
2025-07-06,10,Court 6,Gate_6,Queue Ticket,General,0,UK,0,True,99.5,15.5,0.0,False,Cool (15–19°C),2025-07-06 11:42:00,0,7
2025-06-30,11,No.3 Court,Gate_3,No.1 Court,Reserved,3,USA,1,False,19.2,17.8,0.0,False,Cool (15–19°C),2025-06-30 12:15:00,0,1
2025-07-09,10,Court 4,Gate_3,Centre Court,Premium,4,Japan,1,True,91.4,22.9,0.0,True,Warm (19–23°C),2025-07-09 11:43:00,81,10
2025-06-30,10,Court 12,Gate_4,Grounds Pass,General,1,Australia,1,True,80.8,17.2,0.0,False,Cool (15–19°C),2025-06-30 11:32:00,0,1
2025-07-04,11,No.2 Court,Gate_6,Grounds Pass,General,1,UK,0,False,72.0,20.4,0.0,False,Warm (19–23°C),2025-07-04 12:13:00,0,5
2025-07-08,10,Court 5,Gate_8,No.2 Court,Reserved,2,Other,1,True,60.1,15.6,0.0,False,Cool (15–19°C),2025-07-08 11:32:00,0,9
2025-07-09,9,Court 8,Gate_4,Centre Court,Premium,4,Other,1,False,123.0,23.5,0.0,True,Hot (>23°C),2025-07-09 11:18:00,0,10
2025-07-12,9,Court 4,Gate_6,No.1 Court,Reserved,3,Germany,1,True,118.5,25.3,0.0,True,Hot (>23°C),2025-07-12 11:45:00,0,13
2025-07-02,10,Court 12,Gate_6,Grounds Pass,General,1,USA,1,False,63.1,27.9,0.0,False,Hot (>23°C),2025-07-02 11:23:00,0,3
2025-07-01,9,No.2 Court,Gate_4,Grounds Pass,General,1,UK,0,True,139.0,18.5,0.0,True,Cool (15–19°C),2025-07-01 12:04:00,0,2
2025-07-10,11,No.1 Court,Gate_7,Queue Ticket,General,0,USA,1,False,89.3,23.8,0.0,False,Hot (>23°C),2025-07-10 13:13:00,0,11
2025-07-11,12,Centre Court,Gate_6,Centre Court,Premium,4,UK,0,True,61.3,19.8,0.0,False,Warm (19–23°C),2025-07-11 13:13:00,0,12
2025-07-12,9,Court 8,Gate_8,Centre Court,Premium,4,Spain,1,True,84.7,25.3,0.0,True,Hot (>23°C),2025-07-12 11:07:00,0,13
2025-07-12,12,Centre Court,Gate_1,Centre Court,Premium,4,Japan,1,False,47.4,25.1,0.95,True,Hot (>23°C),2025-07-12 13:00:00,0,13
2025-07-07,11,No.1 Court,Gate_1,Centre Court,Premium,4,UK,0,False,97.7,21.4,0.0,False,Warm (19–23°C),2025-07-07 13:02:00,0,8
2025-07-06,11,No.1 Court,Gate_6,Grounds Pass,General,1,USA,1,True,64.8,14.2,0.0,False,Cold (<15°C),2025-07-06 13:03:00,0,7
2025-07-13,10,No.3 Court,Gate_6,Grounds Pass,General,1,Switzerland,1,False,99.1,19.2,0.0,False,Warm (19–23°C),2025-07-13 12:17:00,0,14
2025-07-07,9,Court 4,Gate_8,No.2 Court,Reserved,2,UK,0,True,90.6,22.2,0.0,False,Warm (19–23°C),2025-07-07 11:29:00,0,8
2025-07-06,11,Centre Court,Gate_8,Grounds Pass,General,1,USA,1,True,87.0,14.2,0.0,False,Cold (<15°C),2025-07-06 13:06:00,0,7
2025-07-03,9,Court 5,Gate_8,Grounds Pass,General,1,Switzerland,1,True,75.4,17.0,0.0,False,Cool (15–19°C),2025-07-03 11:02:00,33,4
2025-07-04,10,Court 8,Gate_2,Centre Court,Premium,4,UK,0,False,84.1,21.2,0.0,False,Warm (19–23°C),2025-07-04 11:59:00,0,5
2025-07-11,10,Court 7,Gate_3,Centre Court,Premium,4,UK,0,False,54.6,19.9,0.0,False,Warm (19–23°C),2025-07-11 11:02:00,0,12
2025-07-07,12,Centre Court,Gate_7,No.1 Court,Reserved,3,Australia,1,False,14.9,21.4,0.0,False,Warm (19–23°C),2025-07-07 13:10:00,0,8
2025-06-30,8,Court 7,Gate_3,Queue Ticket,General,0,UK,0,False,138.2,15.9,0.0,False,Cool (15–19°C),2025-06-30 11:10:00,0,1
2025-07-10,9,Court 5,Gate_3,Grounds Pass,General,1,UK,0,True,74.1,26.4,0.0,False,Hot (>23°C),2025-07-10 11:09:00,0,11
2025-07-04,10,Court 7,Gate_3,Centre Court,Premium,4,Canada,1,True,55.5,21.2,0.0,False,Warm (19–23°C),2025-07-04 11:39:00,0,5
2025-06-30,10,Court 4,Gate_5,Grounds Pass,General,1,UK,0,False,70.8,17.2,0.0,False,Cool (15–19°C),2025-06-30 11:58:00,0,1
2025-07-05,11,No.2 Court,Gate_4,No.1 Court,Reserved,3,Switzerland,1,True,75.9,25.0,11.35,True,Hot (>23°C),2025-07-05 12:21:00,0,6
2025-07-04,12,Centre Court,Gate_1,Centre Court Debenture,Premium,5,UK,0,True,47.4,21.9,0.0,False,Warm (19–23°C),2025-07-04 13:08:00,0,5
2025-07-09,10,No.3 Court,Gate_6,No.2 Court,Reserved,2,UK,0,True,130.8,22.9,0.0,True,Warm (19–23°C),2025-07-09 12:21:00,0,10
2025-07-04,10,Court 8,Gate_2,Queue Ticket,General,0,UK,0,True,116.0,21.2,0.0,False,Warm (19–23°C),2025-07-04 11:59:00,0,5
2025-07-01,9,Court 5,Gate_7,Queue Ticket,General,0,Switzerland,1,False,165.1,18.5,0.0,True,Cool (15–19°C),2025-07-01 11:53:00,0,2
2025-07-03,9,Court 5,Gate_5,Grounds Pass,General,1,Germany,1,True,87.4,17.0,0.0,False,Cool (15–19°C),2025-07-03 11:02:00,33,4
2025-07-03,12,Centre Court,Gate_3,Queue Ticket,General,0,UK,0,True,59.8,20.5,0.0,False,Warm (19–23°C),2025-07-03 13:02:00,0,4
2025-07-04,10,Court 8,Gate_5,Queue Ticket,General,0,Other,1,True,94.8,21.2,0.0,False,Warm (19–23°C),2025-07-04 11:59:00,0,5
2025-07-02,9,Court 4,Gate_1,Queue Ticket,General,0,Japan,1,False,125.9,25.2,0.0,False,Hot (>23°C),2025-07-02 11:56:00,0,3
2025-07-08,11,Court 12,Gate_8,No.1 Court,Reserved,3,UK,0,True,38.9,12.1,0.0,False,Cold (<15°C),2025-07-08 11:49:00,0,9
2025-07-11,12,Centre Court,Gate_2,Centre Court,Premium,4,USA,1,True,66.5,19.8,0.0,False,Warm (19–23°C),2025-07-11 13:13:00,0,12
2025-07-06,10,Court 8,Gate_2,Grounds Pass,General,1,USA,1,True,81.8,15.5,0.0,False,Cool (15–19°C),2025-07-06 11:32:00,0,7
2025-07-12,11,No.1 Court,Gate_3,Grounds Pass,General,1,France,1,True,110.7,27.4,0.06,True,Hot (>23°C),2025-07-12 13:04:00,0,13
2025-07-11,9,Court 6,Gate_5,Queue Ticket,General,0,UK,0,False,114.6,19.8,0.0,False,Warm (19–23°C),2025-07-11 11:10:00,0,12
2025-07-06,9,Court 8,Gate_7,Queue Ticket,General,0,UK,0,True,107.0,11.9,0.0,False,Cold (<15°C),2025-07-06 11:32:00,0,7
2025-07-05,9,Court 6,Gate_3,Grounds Pass,General,1,UK,0,False,123.8,26.0,0.0,True,Hot (>23°C),2025-07-05 11:14:00,0,6
2025-07-02,10,Court 5,Gate_7,Grounds Pass,General,1,Spain,1,False,40.6,27.9,0.0,False,Hot (>23°C),2025-07-02 11:26:00,0,3
2025-07-05,9,Court 6,Gate_6,Centre Court,Premium,4,Japan,1,False,99.4,26.0,0.0,True,Hot (>23°C),2025-07-05 11:14:00,0,6
2025-07-05,9,Court 5,Gate_3,Grounds Pass,General,1,Other,1,True,105.9,26.0,0.0,True,Hot (>23°C),2025-07-05 11:41:00,0,6
2025-07-08,10,Court 5,Gate_4,Queue Ticket,General,0,UK,0,True,90.1,15.6,0.0,False,Cool (15–19°C),2025-07-08 11:32:00,0,9
2025-07-09,9,Court 5,Gate_6,Queue Ticket,General,0,UK,0,True,129.1,23.5,0.0,True,Hot (>23°C),2025-07-09 11:54:00,0,10
2025-07-10,12,Centre Court,Gate_2,Grounds Pass,General,1,UK,0,True,60.9,24.1,0.0,False,Hot (>23°C),2025-07-10 13:14:00,0,11
2025-07-09,11,Centre Court,Gate_3,Grounds Pass,General,1,Germany,1,True,94.6,23.2,0.8,True,Hot (>23°C),2025-07-09 13:02:00,0,10
2025-07-08,10,Court 7,Gate_2,No.1 Court,Reserved,3,Other,1,True,41.1,15.6,0.0,False,Cool (15–19°C),2025-07-08 11:32:00,0,9
2025-07-08,10,No.2 Court,Gate_6,No.2 Court,Reserved,2,UK,0,False,104.2,15.6,0.0,False,Cool (15–19°C),2025-07-08 12:23:00,0,9
2025-07-13,11,No.3 Court,Gate_3,No.1 Court,Reserved,3,UK,0,False,50.8,20.9,0.0,False,Warm (19–23°C),2025-07-13 12:17:00,0,14
2025-07-10,10,No.3 Court,Gate_4,Queue Ticket,General,0,UK,0,True,109.1,24.9,0.0,False,Hot (>23°C),2025-07-10 12:15:00,0,11
2025-07-09,11,No.3 Court,Gate_6,No.1 Court,Reserved,3,France,1,False,42.5,23.2,0.8,True,Hot (>23°C),2025-07-09 12:21:00,0,10
2025-07-08,10,Court 18,Gate_1,No.2 Court,Reserved,2,UK,0,False,80.6,15.6,0.0,False,Cool (15–19°C),2025-07-08 11:32:00,0,9
2025-07-03,10,No.3 Court,Gate_1,Queue Ticket,General,0,Germany,1,True,99.6,19.8,0.0,False,Warm (19–23°C),2025-07-03 12:08:00,0,4
2025-06-30,11,No.1 Court,Gate_5,Grounds Pass,General,1,France,1,False,88.3,17.8,0.0,False,Cool (15–19°C),2025-06-30 13:11:00,0,1
2025-07-11,11,Centre Court,Gate_4,Queue Ticket,General,0,UK,0,True,98.8,19.3,0.0,False,Warm (19–23°C),2025-07-11 13:13:00,0,12
2025-07-09,9,Court 18,Gate_2,No.2 Court,Reserved,2,Japan,1,True,84.2,23.5,0.0,True,Hot (>23°C),2025-07-09 11:12:00,0,10
2025-07-04,10,No.2 Court,Gate_4,No.1 Court,Reserved,3,UK,0,True,113.7,21.2,0.0,False,Warm (19–23°C),2025-07-04 12:13:00,0,5
2025-07-11,9,Court 8,Gate_4,Queue Ticket,General,0,Other,1,False,89.3,19.8,0.0,False,Warm (19–23°C),2025-07-11 11:11:00,0,12
2025-07-11,11,No.3 Court,Gate_7,Grounds Pass,General,1,Germany,1,True,57.4,19.3,0.0,False,Warm (19–23°C),2025-07-11 12:28:00,26,12
2025-07-12,11,No.1 Court,Gate_3,No.2 Court,Reserved,2,USA,1,True,114.9,27.4,0.06,True,Hot (>23°C),2025-07-12 13:04:00,0,13
2025-07-08,9,Court 5,Gate_7,Grounds Pass,General,1,UK,0,True,106.4,14.1,0.0,False,Cold (<15°C),2025-07-08 11:32:00,0,9
2025-07-07,9,Court 6,Gate_3,Grounds Pass,General,1,USA,1,True,81.5,22.2,0.0,False,Warm (19–23°C),2025-07-07 11:10:00,0,8
2025-07-01,9,Court 7,Gate_2,Grounds Pass,General,1,UK,0,False,127.1,18.5,0.0,True,Cool (15–19°C),2025-07-01 11:32:00,0,2
2025-07-05,10,Court 18,Gate_8,No.1 Court,Reserved,3,UK,0,True,86.9,23.2,0.0,True,Hot (>23°C),2025-07-05 11:57:00,0,6
2025-07-08,11,No.1 Court,Gate_6,Grounds Pass,General,1,UK,0,False,100.0,12.1,0.0,False,Cold (<15°C),2025-07-08 13:07:00,0,9
2025-07-10,10,Court 5,Gate_1,No.1 Court,Reserved,3,Switzerland,1,True,33.2,24.9,0.0,False,Hot (>23°C),2025-07-10 11:09:00,0,11
2025-07-10,12,Centre Court,Gate_7,No.2 Court,Reserved,2,UK,0,True,47.2,24.1,0.0,False,Hot (>23°C),2025-07-10 13:14:00,0,11
2025-07-13,11,No.1 Court,Gate_6,Grounds Pass,General,1,UK,0,True,104.3,20.9,0.0,False,Warm (19–23°C),2025-07-13 13:09:00,0,14
2025-07-06,9,Court 7,Gate_8,Grounds Pass,General,1,UK,0,True,109.0,11.9,0.0,False,Cold (<15°C),2025-07-06 11:12:00,0,7
2025-07-03,10,Court 4,Gate_1,No.2 Court,Reserved,2,UK,0,False,101.8,19.8,0.0,False,Warm (19–23°C),2025-07-03 11:46:00,0,4
2025-07-02,10,Court 6,Gate_7,No.1 Court,Reserved,3,UK,0,True,50.4,27.9,0.0,False,Hot (>23°C),2025-07-02 11:05:00,0,3
2025-07-02,11,Court 4,Gate_2,No.2 Court,Reserved,2,UK,0,True,38.2,26.8,0.0,False,Hot (>23°C),2025-07-02 11:56:00,0,3
2025-07-13,11,Centre Court,Gate_3,No.2 Court,Reserved,2,UK,0,False,81.5,20.9,0.0,False,Warm (19–23°C),2025-07-13 13:07:00,0,14
2025-07-09,10,No.1 Court,Gate_3,Queue Ticket,General,0,Japan,1,False,134.4,22.9,0.0,True,Warm (19–23°C),2025-07-09 13:09:00,0,10
2025-07-13,10,No.2 Court,Gate_1,Centre Court,Premium,4,UK,0,True,119.8,19.2,0.0,False,Warm (19–23°C),2025-07-13 12:28:00,112,14
2025-07-02,11,Centre Court,Gate_3,No.2 Court,Reserved,2,UK,0,False,64.0,26.8,0.0,False,Hot (>23°C),2025-07-02 13:01:00,0,3
2025-07-02,10,Court 4,Gate_5,Grounds Pass,General,1,UK,0,True,65.0,27.9,0.0,False,Hot (>23°C),2025-07-02 11:56:00,0,3
2025-07-13,11,Court 4,Gate_7,Centre Court,Premium,4,France,1,True,31.0,20.9,0.0,False,Warm (19–23°C),2025-07-13 11:33:00,92,14
2025-07-01,9,Court 4,Gate_5,Grounds Pass,General,1,Germany,1,True,114.0,18.5,0.0,True,Cool (15–19°C),2025-07-01 11:26:00,0,2
2025-07-10,11,Centre Court,Gate_7,Centre Court,Premium,4,UK,0,True,90.2,23.8,0.0,False,Hot (>23°C),2025-07-10 13:14:00,0,11
2025-07-01,10,No.3 Court,Gate_6,No.1 Court,Reserved,3,UK,0,False,102.6,19.4,0.0,True,Warm (19–23°C),2025-07-01 12:22:00,0,2
2025-07-13,11,No.2 Court,Gate_6,No.1 Court,Reserved,3,USA,1,False,43.6,20.9,0.0,False,Warm (19–23°C),2025-07-13 12:28:00,112,14
2025-06-30,11,No.1 Court,Gate_4,Grounds Pass,General,1,Spain,1,True,97.2,17.8,0.0,False,Cool (15–19°C),2025-06-30 13:11:00,0,1
2025-07-02,11,Centre Court,Gate_5,Grounds Pass,General,1,Japan,1,True,88.2,26.8,0.0,False,Hot (>23°C),2025-07-02 13:01:00,0,3
2025-07-02,10,Court 5,Gate_7,No.2 Court,Reserved,2,UK,0,True,49.3,27.9,0.0,False,Hot (>23°C),2025-07-02 11:26:00,0,3
2025-06-30,12,No.1 Court,Gate_5,Centre Court,Premium,4,Other,1,True,26.2,17.4,0.0,False,Cool (15–19°C),2025-06-30 13:11:00,0,1
2025-07-05,11,No.2 Court,Gate_4,Centre Court Debenture,Premium,5,France,1,True,60.7,25.0,11.35,True,Hot (>23°C),2025-07-05 12:21:00,0,6
2025-07-03,11,No.2 Court,Gate_4,Queue Ticket,General,0,Australia,1,False,77.9,20.3,0.0,False,Warm (19–23°C),2025-07-03 12:23:00,0,4
2025-07-05,9,Court 4,Gate_3,Queue Ticket,General,0,UK,0,False,144.4,26.0,0.0,True,Hot (>23°C),2025-07-05 11:29:00,0,6
2025-07-06,11,No.2 Court,Gate_4,Centre Court Debenture,Premium,5,UK,0,False,66.7,14.2,0.0,False,Cold (<15°C),2025-07-06 12:07:00,0,7
2025-07-03,9,Court 4,Gate_6,Grounds Pass,General,1,UK,0,True,109.5,17.0,0.0,False,Cool (15–19°C),2025-07-03 11:46:00,0,4
2025-07-05,9,Court 12,Gate_4,Queue Ticket,General,0,UK,0,False,133.5,26.0,0.0,True,Hot (>23°C),2025-07-05 11:20:00,0,6
2025-07-04,11,No.2 Court,Gate_6,No.2 Court,Reserved,2,UK,0,False,42.3,20.4,0.0,False,Warm (19–23°C),2025-07-04 12:13:00,0,5
2025-07-05,8,Court 6,Gate_3,Queue Ticket,General,0,UK,0,True,153.0,27.3,0.0,True,Hot (>23°C),2025-07-05 11:14:00,0,6
2025-07-02,10,No.3 Court,Gate_5,Queue Ticket,General,0,UK,0,False,130.6,27.9,0.0,False,Hot (>23°C),2025-07-02 12:14:00,0,3
2025-07-08,10,No.3 Court,Gate_4,Centre Court,Premium,4,UK,0,True,84.9,15.6,0.0,False,Cool (15–19°C),2025-07-08 12:20:00,0,9
2025-06-30,10,Court 8,Gate_1,Grounds Pass,General,1,UK,0,True,83.6,17.2,0.0,False,Cool (15–19°C),2025-06-30 11:55:00,0,1
2025-07-11,9,Court 12,Gate_5,Grounds Pass,General,1,UK,0,True,80.5,19.8,0.0,False,Warm (19–23°C),2025-07-11 11:19:00,0,12
2025-07-05,9,Court 7,Gate_1,Grounds Pass,General,1,UK,0,False,131.8,26.0,0.0,True,Hot (>23°C),2025-07-05 11:18:00,0,6
2025-07-05,9,Court 7,Gate_5,Queue Ticket,General,0,Japan,1,False,103.5,26.0,0.0,True,Hot (>23°C),2025-07-05 11:18:00,0,6
2025-07-03,10,Court 6,Gate_4,Grounds Pass,General,1,UK,0,True,84.6,19.8,0.0,False,Warm (19–23°C),2025-07-03 11:26:00,0,4
2025-07-09,9,No.3 Court,Gate_8,Queue Ticket,General,0,Canada,1,True,141.1,23.5,0.0,True,Hot (>23°C),2025-07-09 12:21:00,0,10
2025-07-08,10,No.2 Court,Gate_4,Grounds Pass,General,1,UK,0,True,122.4,15.6,0.0,False,Cool (15–19°C),2025-07-08 12:23:00,0,9
2025-07-06,11,Centre Court,Gate_6,Grounds Pass,General,1,Australia,1,False,98.1,14.2,0.0,False,Cold (<15°C),2025-07-06 13:06:00,0,7
2025-07-09,10,Court 4,Gate_5,Grounds Pass,General,1,Switzerland,1,True,93.9,22.9,0.0,True,Warm (19–23°C),2025-07-09 11:43:00,81,10
2025-07-11,11,No.1 Court,Gate_2,Grounds Pass,General,1,Spain,1,True,76.8,19.3,0.0,False,Warm (19–23°C),2025-07-11 13:01:00,0,12
2025-07-02,10,Court 8,Gate_7,Grounds Pass,General,1,Other,1,False,71.1,27.9,0.0,False,Hot (>23°C),2025-07-02 11:50:00,0,3
2025-07-03,12,No.1 Court,Gate_7,Grounds Pass,General,1,Australia,1,True,50.4,20.5,0.0,False,Warm (19–23°C),2025-07-03 13:11:00,0,4
2025-07-08,12,No.1 Court,Gate_6,Queue Ticket,General,0,UK,0,True,51.4,12.5,0.0,False,Cold (<15°C),2025-07-08 13:07:00,0,9
2025-07-10,10,Court 12,Gate_3,No.1 Court,Reserved,3,Other,1,False,27.0,24.9,0.0,False,Hot (>23°C),2025-07-10 11:01:00,0,11
2025-07-05,9,Court 18,Gate_4,Queue Ticket,General,0,Canada,1,True,122.7,26.0,0.0,True,Hot (>23°C),2025-07-05 11:57:00,0,6
2025-07-12,10,Centre Court,Gate_3,Grounds Pass,General,1,USA,1,True,126.2,27.2,0.0,True,Hot (>23°C),2025-07-12 13:00:00,0,13
2025-07-08,9,Court 6,Gate_1,Queue Ticket,General,0,UK,0,True,134.5,14.1,0.0,False,Cold (<15°C),2025-07-08 11:28:00,0,9
2025-07-01,10,No.2 Court,Gate_2,Grounds Pass,General,1,USA,1,False,122.7,19.4,0.0,True,Warm (19–23°C),2025-07-01 12:04:00,0,2
2025-07-02,11,No.3 Court,Gate_4,Centre Court Debenture,Premium,5,UK,0,True,24.4,26.8,0.0,False,Hot (>23°C),2025-07-02 12:14:00,0,3
2025-07-08,9,Court 4,Gate_8,Queue Ticket,General,0,Switzerland,1,False,125.7,14.1,0.0,False,Cold (<15°C),2025-07-08 11:29:00,0,9
2025-07-03,11,No.2 Court,Gate_6,No.2 Court,Reserved,2,Spain,1,False,64.9,20.3,0.0,False,Warm (19–23°C),2025-07-03 12:23:00,0,4
2025-07-09,9,Court 12,Gate_8,Queue Ticket,General,0,UK,0,True,136.2,23.5,0.0,True,Hot (>23°C),2025-07-09 11:49:00,0,10
2025-06-30,12,Centre Court,Gate_5,No.1 Court,Reserved,3,USA,1,True,29.7,17.4,0.0,False,Cool (15–19°C),2025-06-30 13:01:00,0,1
2025-07-07,9,Court 4,Gate_3,Centre Court,Premium,4,UK,0,False,89.5,22.2,0.0,False,Warm (19–23°C),2025-07-07 11:29:00,0,8
2025-07-06,9,Court 5,Gate_2,Grounds Pass,General,1,UK,0,True,118.0,11.9,0.0,False,Cold (<15°C),2025-07-06 11:05:00,0,7
2025-07-03,10,Court 8,Gate_1,Grounds Pass,General,1,UK,0,False,60.3,19.8,0.0,False,Warm (19–23°C),2025-07-03 11:04:00,0,4
2025-07-02,10,Court 8,Gate_3,No.2 Court,Reserved,2,UK,0,True,65.0,27.9,0.0,False,Hot (>23°C),2025-07-02 11:50:00,0,3
2025-07-02,11,Centre Court,Gate_4,Queue Ticket,General,0,Australia,1,False,69.0,26.8,0.0,False,Hot (>23°C),2025-07-02 13:01:00,0,3
2025-07-04,10,Court 4,Gate_4,Centre Court,Premium,4,UK,0,True,57.2,21.2,0.0,False,Warm (19–23°C),2025-07-04 11:51:00,105,5
2025-07-02,9,Court 7,Gate_8,Queue Ticket,General,0,UK,0,True,100.8,25.2,0.0,False,Hot (>23°C),2025-07-02 11:18:00,0,3
2025-06-30,9,Court 18,Gate_4,Grounds Pass,General,1,USA,1,True,94.1,18.3,0.0,False,Cool (15–19°C),2025-06-30 11:26:00,0,1
2025-07-04,10,No.2 Court,Gate_3,Grounds Pass,General,1,UK,0,True,102.8,21.2,0.0,False,Warm (19–23°C),2025-07-04 12:13:00,0,5
2025-07-10,11,No.2 Court,Gate_5,No.1 Court,Reserved,3,USA,1,False,40.6,23.8,0.0,False,Hot (>23°C),2025-07-10 12:07:00,0,11
2025-07-07,11,Court 5,Gate_3,Centre Court,Premium,4,Switzerland,1,False,12.2,21.4,0.0,False,Warm (19–23°C),2025-07-07 11:39:00,34,8
2025-07-10,9,Court 7,Gate_1,Grounds Pass,General,1,Other,1,False,74.6,26.4,0.0,False,Hot (>23°C),2025-07-10 11:13:00,0,11
2025-07-06,9,Court 6,Gate_3,Queue Ticket,General,0,UK,0,True,111.1,11.9,0.0,False,Cold (<15°C),2025-07-06 11:42:00,0,7
2025-07-05,11,No.1 Court,Gate_7,No.1 Court,Reserved,3,UK,0,True,105.7,25.0,11.35,True,Hot (>23°C),2025-07-05 13:01:00,0,6
2025-06-30,12,No.1 Court,Gate_6,Centre Court Debenture,Premium,5,UK,0,True,49.8,17.4,0.0,False,Cool (15–19°C),2025-06-30 13:11:00,0,1
2025-07-08,12,No.1 Court,Gate_6,Centre Court,Premium,4,UK,0,True,60.0,12.5,0.0,False,Cold (<15°C),2025-07-08 13:07:00,0,9
2025-07-10,11,No.1 Court,Gate_8,Queue Ticket,General,0,UK,0,False,87.9,23.8,0.0,False,Hot (>23°C),2025-07-10 13:13:00,0,11
2025-07-10,10,Court 5,Gate_6,Grounds Pass,General,1,UK,0,False,52.1,24.9,0.0,False,Hot (>23°C),2025-07-10 11:09:00,0,11
2025-07-11,10,Court 12,Gate_8,Centre Court Debenture,Premium,5,Switzerland,1,True,50.7,19.9,0.0,False,Warm (19–23°C),2025-07-11 11:19:00,0,12
2025-07-03,11,Centre Court,Gate_1,Queue Ticket,General,0,UK,0,True,118.3,20.3,0.0,False,Warm (19–23°C),2025-07-03 13:02:00,0,4
2025-07-09,10,No.2 Court,Gate_5,Queue Ticket,General,0,UK,0,False,107.3,22.9,0.0,True,Warm (19–23°C),2025-07-09 12:20:00,0,10
2025-07-10,10,Court 4,Gate_2,Centre Court,Premium,4,USA,1,True,22.6,24.9,0.0,False,Hot (>23°C),2025-07-10 11:02:00,0,11
2025-07-07,10,Court 7,Gate_6,Grounds Pass,General,1,Germany,1,True,68.6,24.1,0.0,False,Hot (>23°C),2025-07-07 11:35:00,0,8
2025-07-03,9,Court 5,Gate_2,Queue Ticket,General,0,Japan,1,True,75.8,17.0,0.0,False,Cool (15–19°C),2025-07-03 11:02:00,33,4
2025-07-12,10,No.2 Court,Gate_4,No.2 Court,Reserved,2,UK,0,True,88.6,27.2,0.0,True,Hot (>23°C),2025-07-12 12:03:00,49,13
2025-07-01,10,Court 7,Gate_4,No.1 Court,Reserved,3,Australia,1,True,78.3,19.4,0.0,True,Warm (19–23°C),2025-07-01 11:32:00,0,2
2025-07-01,11,Centre Court,Gate_8,No.1 Court,Reserved,3,UK,0,False,121.3,20.6,0.76,True,Warm (19–23°C),2025-07-01 13:13:00,0,2
2025-07-04,11,No.3 Court,Gate_7,Centre Court Debenture,Premium,5,Australia,1,True,29.5,20.4,0.0,False,Warm (19–23°C),2025-07-04 12:29:00,0,5
2025-07-08,12,Centre Court,Gate_2,No.2 Court,Reserved,2,USA,1,False,58.0,12.5,0.0,False,Cold (<15°C),2025-07-08 13:00:00,0,9
2025-07-02,11,No.1 Court,Gate_4,Grounds Pass,General,1,UK,0,True,96.6,26.8,0.0,False,Hot (>23°C),2025-07-02 13:07:00,0,3
2025-07-09,9,Court 12,Gate_6,Centre Court Debenture,Premium,5,UK,0,False,114.6,23.5,0.0,True,Hot (>23°C),2025-07-09 11:49:00,0,10
2025-07-10,9,Court 4,Gate_6,No.2 Court,Reserved,2,UK,0,True,79.5,26.4,0.0,False,Hot (>23°C),2025-07-10 11:02:00,0,11
2025-07-02,10,Court 6,Gate_5,No.2 Court,Reserved,2,UK,0,True,63.1,27.9,0.0,False,Hot (>23°C),2025-07-02 11:05:00,0,3
2025-07-10,9,Court 7,Gate_6,Grounds Pass,General,1,UK,0,False,76.5,26.4,0.0,False,Hot (>23°C),2025-07-10 11:13:00,0,11
2025-07-13,10,Court 18,Gate_5,Centre Court Debenture,Premium,5,UK,0,True,86.1,19.2,0.0,False,Warm (19–23°C),2025-07-13 11:50:00,21,14
2025-07-04,12,Centre Court,Gate_6,Centre Court Debenture,Premium,5,Japan,1,True,41.7,21.9,0.0,False,Warm (19–23°C),2025-07-04 13:08:00,0,5
2025-07-05,9,Court 4,Gate_6,Grounds Pass,General,1,USA,1,True,104.6,26.0,0.0,True,Hot (>23°C),2025-07-05 11:29:00,0,6
2025-07-07,11,Centre Court,Gate_8,Grounds Pass,General,1,UK,0,False,116.2,21.4,0.0,False,Warm (19–23°C),2025-07-07 13:10:00,0,8
2025-07-04,9,Court 18,Gate_3,Grounds Pass,General,1,UK,0,False,90.2,21.9,0.0,False,Warm (19–23°C),2025-07-04 11:19:00,36,5
2025-07-03,11,Centre Court,Gate_4,Queue Ticket,General,0,UK,0,True,112.2,20.3,0.0,False,Warm (19–23°C),2025-07-03 13:02:00,0,4
2025-07-10,11,No.2 Court,Gate_8,No.1 Court,Reserved,3,UK,0,True,55.1,23.8,0.0,False,Hot (>23°C),2025-07-10 12:07:00,0,11
2025-07-04,11,No.1 Court,Gate_6,Grounds Pass,General,1,USA,1,True,93.9,20.4,0.0,False,Warm (19–23°C),2025-07-04 13:05:00,0,5
2025-07-03,10,No.2 Court,Gate_4,Queue Ticket,General,0,UK,0,False,114.4,19.8,0.0,False,Warm (19–23°C),2025-07-03 12:23:00,0,4
2025-07-11,9,Court 6,Gate_5,No.2 Court,Reserved,2,Other,1,False,104.4,19.8,0.0,False,Warm (19–23°C),2025-07-11 11:10:00,0,12
2025-07-10,11,Centre Court,Gate_8,Grounds Pass,General,1,France,1,False,83.7,23.8,0.0,False,Hot (>23°C),2025-07-10 13:14:00,0,11
2025-07-09,8,Court 6,Gate_7,Queue Ticket,General,0,UK,0,True,170.6,22.8,0.0,True,Warm (19–23°C),2025-07-09 11:14:00,0,10
2025-07-05,9,No.3 Court,Gate_2,Grounds Pass,General,1,Other,1,False,143.2,26.0,0.0,True,Hot (>23°C),2025-07-05 12:04:00,0,6
2025-07-12,9,Court 12,Gate_3,No.1 Court,Reserved,3,UK,0,True,114.3,25.3,0.0,True,Hot (>23°C),2025-07-12 11:04:00,0,13
2025-07-07,11,Court 4,Gate_1,Centre Court,Premium,4,Other,1,True,23.7,21.4,0.0,False,Warm (19–23°C),2025-07-07 11:29:00,0,8
2025-07-13,12,No.1 Court,Gate_6,Grounds Pass,General,1,Canada,1,True,57.1,18.2,0.0,False,Cool (15–19°C),2025-07-13 13:09:00,0,14
2025-07-07,11,Centre Court,Gate_6,Grounds Pass,General,1,France,1,True,102.2,21.4,0.0,False,Warm (19–23°C),2025-07-07 13:10:00,0,8
2025-07-06,11,No.1 Court,Gate_6,Queue Ticket,General,0,France,1,False,91.7,14.2,0.0,False,Cold (<15°C),2025-07-06 13:03:00,0,7
2025-07-02,10,Court 12,Gate_4,Queue Ticket,General,0,UK,0,True,79.3,27.9,0.0,False,Hot (>23°C),2025-07-02 11:23:00,0,3
2025-07-09,11,No.1 Court,Gate_2,Grounds Pass,General,1,UK,0,False,111.5,23.2,0.8,True,Hot (>23°C),2025-07-09 13:09:00,0,10
2025-07-11,12,Centre Court,Gate_3,Grounds Pass,General,1,UK,0,False,36.0,19.8,0.0,False,Warm (19–23°C),2025-07-11 13:13:00,0,12
2025-07-05,9,No.3 Court,Gate_2,Queue Ticket,General,0,UK,0,True,141.4,26.0,0.0,True,Hot (>23°C),2025-07-05 12:04:00,0,6
2025-07-10,12,No.1 Court,Gate_4,No.2 Court,Reserved,2,UK,0,True,60.2,24.1,0.0,False,Hot (>23°C),2025-07-10 13:13:00,0,11
2025-06-30,11,No.1 Court,Gate_7,Queue Ticket,General,0,Switzerland,1,True,100.1,17.8,0.0,False,Cool (15–19°C),2025-06-30 13:11:00,0,1
2025-07-11,10,No.3 Court,Gate_8,Grounds Pass,General,1,UK,0,True,101.7,19.9,0.0,False,Warm (19–23°C),2025-07-11 12:28:00,26,12
2025-07-11,10,Court 5,Gate_5,Grounds Pass,General,1,Canada,1,True,84.7,19.9,0.0,False,Warm (19–23°C),2025-07-11 11:44:00,0,12
2025-07-01,10,Court 18,Gate_2,Grounds Pass,General,1,USA,1,False,114.8,19.4,0.0,True,Warm (19–23°C),2025-07-01 11:58:00,0,2
2025-07-02,12,No.1 Court,Gate_8,Grounds Pass,General,1,UK,0,True,57.3,27.1,0.0,False,Hot (>23°C),2025-07-02 13:07:00,0,3
2025-06-30,10,Court 6,Gate_7,Queue Ticket,General,0,USA,1,False,54.4,17.2,0.0,False,Cool (15–19°C),2025-06-30 11:07:00,0,1
2025-07-13,10,Court 6,Gate_4,No.2 Court,Reserved,2,USA,1,True,47.5,19.2,0.0,False,Warm (19–23°C),2025-07-13 11:00:00,0,14
2025-06-30,11,No.2 Court,Gate_5,Centre Court Debenture,Premium,5,UK,0,False,40.4,17.8,0.0,False,Cool (15–19°C),2025-06-30 12:02:00,89,1
2025-07-09,9,Court 12,Gate_2,Queue Ticket,General,0,UK,0,False,121.1,23.5,0.0,True,Hot (>23°C),2025-07-09 11:49:00,0,10
2025-07-11,9,Court 12,Gate_4,Queue Ticket,General,0,UK,0,False,82.8,19.8,0.0,False,Warm (19–23°C),2025-07-11 11:19:00,0,12
2025-06-30,11,Centre Court,Gate_5,Grounds Pass,General,1,Australia,1,True,74.0,17.8,0.0,False,Cool (15–19°C),2025-06-30 13:01:00,0,1
2025-07-13,9,Court 8,Gate_6,Queue Ticket,General,0,France,1,False,104.1,20.3,0.0,False,Warm (19–23°C),2025-07-13 11:44:00,0,14
2025-07-05,9,Court 6,Gate_1,Queue Ticket,General,0,UK,0,False,99.3,26.0,0.0,True,Hot (>23°C),2025-07-05 11:14:00,0,6
2025-07-13,11,Centre Court,Gate_3,Queue Ticket,General,0,USA,1,False,89.0,20.9,0.0,False,Warm (19–23°C),2025-07-13 13:07:00,0,14
2025-07-04,11,No.3 Court,Gate_7,Grounds Pass,General,1,UK,0,False,38.6,20.4,0.0,False,Warm (19–23°C),2025-07-04 12:29:00,0,5
2025-07-03,11,Centre Court,Gate_7,Queue Ticket,General,0,Australia,1,True,82.3,20.3,0.0,False,Warm (19–23°C),2025-07-03 13:02:00,0,4
2025-07-04,11,Court 4,Gate_1,No.1 Court,Reserved,3,Germany,1,True,49.3,20.4,0.0,False,Warm (19–23°C),2025-07-04 11:51:00,105,5
2025-07-02,9,Court 12,Gate_5,Grounds Pass,General,1,USA,1,True,96.2,25.2,0.0,False,Hot (>23°C),2025-07-02 11:23:00,0,3
2025-07-03,11,No.1 Court,Gate_1,Grounds Pass,General,1,USA,1,True,87.1,20.3,0.0,False,Warm (19–23°C),2025-07-03 13:11:00,0,4
2025-07-09,9,Court 5,Gate_1,Queue Ticket,General,0,France,1,True,117.8,23.5,0.0,True,Hot (>23°C),2025-07-09 11:54:00,0,10
2025-07-13,10,Court 7,Gate_1,Grounds Pass,General,1,Other,1,True,74.9,19.2,0.0,False,Warm (19–23°C),2025-07-13 11:57:00,0,14
2025-07-06,10,No.3 Court,Gate_8,Queue Ticket,General,0,UK,0,True,130.3,15.5,0.0,False,Cool (15–19°C),2025-07-06 12:21:00,0,7
2025-07-08,9,Court 6,Gate_6,Queue Ticket,General,0,UK,0,False,104.2,14.1,0.0,False,Cold (<15°C),2025-07-08 11:28:00,0,9
2025-07-05,9,No.3 Court,Gate_6,Grounds Pass,General,1,UK,0,True,125.7,26.0,0.0,True,Hot (>23°C),2025-07-05 12:04:00,0,6
2025-07-03,9,Court 6,Gate_3,Grounds Pass,General,1,Switzerland,1,True,110.6,17.0,0.0,False,Cool (15–19°C),2025-07-03 11:26:00,0,4
2025-07-05,10,Court 18,Gate_5,No.2 Court,Reserved,2,UK,0,True,105.6,23.2,0.0,True,Hot (>23°C),2025-07-05 11:57:00,0,6
2025-07-08,11,Centre Court,Gate_7,No.2 Court,Reserved,2,UK,0,False,76.7,12.1,0.0,False,Cold (<15°C),2025-07-08 13:00:00,0,9
2025-07-02,10,Court 5,Gate_1,No.1 Court,Reserved,3,Australia,1,True,47.5,27.9,0.0,False,Hot (>23°C),2025-07-02 11:26:00,0,3
2025-07-04,10,No.2 Court,Gate_5,Queue Ticket,General,0,USA,1,True,88.6,21.2,0.0,False,Warm (19–23°C),2025-07-04 12:13:00,0,5
2025-06-30,10,Court 5,Gate_1,No.2 Court,Reserved,2,USA,1,False,39.8,17.2,0.0,False,Cool (15–19°C),2025-06-30 11:30:00,0,1
2025-07-08,10,Court 5,Gate_2,Queue Ticket,General,0,USA,1,True,78.7,15.6,0.0,False,Cool (15–19°C),2025-07-08 11:32:00,0,9
2025-07-13,10,Court 8,Gate_4,Grounds Pass,General,1,UK,0,True,100.0,19.2,0.0,False,Warm (19–23°C),2025-07-13 11:44:00,0,14
2025-07-07,10,Court 4,Gate_1,Queue Ticket,General,0,Other,1,False,85.7,24.1,0.0,False,Hot (>23°C),2025-07-07 11:29:00,0,8
2025-07-09,9,Court 8,Gate_6,Grounds Pass,General,1,Japan,1,True,124.7,23.5,0.0,True,Hot (>23°C),2025-07-09 11:18:00,0,10
2025-07-01,9,No.2 Court,Gate_2,Centre Court,Premium,4,UK,0,False,136.9,18.5,0.0,True,Cool (15–19°C),2025-07-01 12:04:00,0,2
2025-07-04,11,No.3 Court,Gate_1,Centre Court,Premium,4,USA,1,True,68.5,20.4,0.0,False,Warm (19–23°C),2025-07-04 12:29:00,0,5
2025-07-05,11,Centre Court,Gate_2,Grounds Pass,General,1,UK,0,True,118.4,25.0,11.35,True,Hot (>23°C),2025-07-05 13:01:00,0,6
2025-07-10,10,No.2 Court,Gate_3,Queue Ticket,General,0,France,1,False,86.3,24.9,0.0,False,Hot (>23°C),2025-07-10 12:07:00,0,11
2025-07-05,10,Court 4,Gate_8,No.1 Court,Reserved,3,UK,0,False,82.6,23.2,0.0,True,Hot (>23°C),2025-07-05 11:29:00,0,6
2025-07-09,10,No.3 Court,Gate_6,Grounds Pass,General,1,Germany,1,True,95.3,22.9,0.0,True,Warm (19–23°C),2025-07-09 12:21:00,0,10
2025-07-05,10,Centre Court,Gate_4,Grounds Pass,General,1,Australia,1,True,128.5,23.2,0.0,True,Hot (>23°C),2025-07-05 13:01:00,0,6
2025-07-10,11,Court 18,Gate_6,Centre Court,Premium,4,UK,0,False,34.3,23.8,0.0,False,Hot (>23°C),2025-07-10 11:46:00,0,11
2025-07-12,10,Court 5,Gate_8,Grounds Pass,General,1,USA,1,False,76.6,27.2,0.0,True,Hot (>23°C),2025-07-12 11:34:00,0,13
2025-07-11,10,No.2 Court,Gate_5,Grounds Pass,General,1,UK,0,False,88.8,19.9,0.0,False,Warm (19–23°C),2025-07-11 12:00:00,0,12
2025-07-06,10,Court 5,Gate_5,No.2 Court,Reserved,2,USA,1,True,39.8,15.5,0.0,False,Cool (15–19°C),2025-07-06 11:05:00,0,7
2025-07-08,9,Court 18,Gate_1,Grounds Pass,General,1,USA,1,False,97.9,14.1,0.0,False,Cold (<15°C),2025-07-08 11:32:00,0,9
2025-06-30,10,No.2 Court,Gate_4,Queue Ticket,General,0,UK,0,False,103.3,17.2,0.0,False,Cool (15–19°C),2025-06-30 12:02:00,89,1
2025-07-07,9,Court 6,Gate_1,Grounds Pass,General,1,UK,0,True,110.4,22.2,0.0,False,Warm (19–23°C),2025-07-07 11:10:00,0,8
2025-07-11,10,Court 7,Gate_7,No.1 Court,Reserved,3,Australia,1,True,43.6,19.9,0.0,False,Warm (19–23°C),2025-07-11 11:02:00,0,12
2025-06-30,10,No.2 Court,Gate_4,Centre Court,Premium,4,UK,0,False,80.5,17.2,0.0,False,Cool (15–19°C),2025-06-30 12:02:00,89,1
2025-07-13,11,No.2 Court,Gate_1,No.2 Court,Reserved,2,Japan,1,False,34.8,20.9,0.0,False,Warm (19–23°C),2025-07-13 12:28:00,112,14
2025-07-04,10,Court 8,Gate_1,Grounds Pass,General,1,Canada,1,False,90.2,21.2,0.0,False,Warm (19–23°C),2025-07-04 11:59:00,0,5
2025-07-09,11,No.1 Court,Gate_6,Queue Ticket,General,0,UK,0,True,123.9,23.2,0.8,True,Hot (>23°C),2025-07-09 13:09:00,0,10
2025-07-12,10,Court 4,Gate_8,No.1 Court,Reserved,3,UK,0,False,102.7,27.2,0.0,True,Hot (>23°C),2025-07-12 11:45:00,0,13
2025-07-07,11,No.1 Court,Gate_3,No.2 Court,Reserved,2,UK,0,True,90.3,21.4,0.0,False,Warm (19–23°C),2025-07-07 13:02:00,0,8
2025-06-30,10,Court 8,Gate_6,Centre Court,Premium,4,Japan,1,True,66.2,17.2,0.0,False,Cool (15–19°C),2025-06-30 11:55:00,0,1
2025-07-08,11,No.3 Court,Gate_5,Centre Court Debenture,Premium,5,UK,0,True,55.2,12.1,0.0,False,Cold (<15°C),2025-07-08 12:20:00,0,9
2025-07-02,12,No.1 Court,Gate_4,Centre Court,Premium,4,USA,1,True,43.0,27.1,0.0,False,Hot (>23°C),2025-07-02 13:07:00,0,3
2025-07-11,10,No.2 Court,Gate_2,Grounds Pass,General,1,UK,0,True,90.3,19.9,0.0,False,Warm (19–23°C),2025-07-11 12:00:00,0,12
2025-07-02,11,No.1 Court,Gate_4,Queue Ticket,General,0,USA,1,False,87.4,26.8,0.0,False,Hot (>23°C),2025-07-02 13:07:00,0,3
2025-06-30,11,No.2 Court,Gate_6,Centre Court,Premium,4,Australia,1,True,52.6,17.8,0.0,False,Cool (15–19°C),2025-06-30 12:02:00,89,1
2025-07-01,10,No.3 Court,Gate_4,Centre Court Debenture,Premium,5,UK,0,False,110.5,19.4,0.0,True,Warm (19–23°C),2025-07-01 12:22:00,0,2
2025-07-08,11,No.2 Court,Gate_4,Centre Court,Premium,4,UK,0,True,74.0,12.1,0.0,False,Cold (<15°C),2025-07-08 12:23:00,0,9
2025-07-11,10,Court 7,Gate_5,Centre Court,Premium,4,USA,1,False,12.7,19.9,0.0,False,Warm (19–23°C),2025-07-11 11:02:00,0,12
2025-07-04,9,Court 5,Gate_3,No.1 Court,Reserved,3,UK,0,True,87.9,21.9,0.0,False,Warm (19–23°C),2025-07-04 11:16:00,0,5
2025-07-08,10,No.3 Court,Gate_4,No.2 Court,Reserved,2,UK,0,True,81.6,15.6,0.0,False,Cool (15–19°C),2025-07-08 12:20:00,0,9
2025-07-06,11,No.1 Court,Gate_2,No.1 Court,Reserved,3,UK,0,False,98.7,14.2,0.0,False,Cold (<15°C),2025-07-06 13:03:00,0,7
2025-06-30,9,Court 7,Gate_2,Grounds Pass,General,1,Australia,1,True,75.6,18.3,0.0,False,Cool (15–19°C),2025-06-30 11:10:00,0,1
2025-07-03,10,Court 4,Gate_8,Grounds Pass,General,1,USA,1,True,68.1,19.8,0.0,False,Warm (19–23°C),2025-07-03 11:46:00,0,4
2025-07-06,9,Court 6,Gate_1,Queue Ticket,General,0,UK,0,True,106.9,11.9,0.0,False,Cold (<15°C),2025-07-06 11:42:00,0,7
2025-07-12,8,Court 6,Gate_7,Queue Ticket,General,0,UK,0,True,171.4,24.7,0.0,True,Hot (>23°C),2025-07-12 11:01:00,0,13
2025-07-06,10,No.2 Court,Gate_8,Grounds Pass,General,1,UK,0,True,113.6,15.5,0.0,False,Cool (15–19°C),2025-07-06 12:07:00,0,7
2025-07-04,10,No.2 Court,Gate_6,Grounds Pass,General,1,UK,0,True,98.6,21.2,0.0,False,Warm (19–23°C),2025-07-04 12:13:00,0,5
2025-07-02,11,Court 4,Gate_7,Centre Court Debenture,Premium,5,USA,1,True,5.0,26.8,0.0,False,Hot (>23°C),2025-07-02 11:56:00,0,3
2025-07-11,9,Court 8,Gate_1,Queue Ticket,General,0,Australia,1,True,85.5,19.8,0.0,False,Warm (19–23°C),2025-07-11 11:11:00,0,12
2025-07-08,11,No.3 Court,Gate_1,Queue Ticket,General,0,UK,0,True,68.1,12.1,0.0,False,Cold (<15°C),2025-07-08 12:20:00,0,9
2025-07-01,10,No.2 Court,Gate_8,Grounds Pass,General,1,France,1,True,116.5,19.4,0.0,True,Warm (19–23°C),2025-07-01 12:04:00,0,2
2025-07-13,11,Centre Court,Gate_8,No.2 Court,Reserved,2,USA,1,True,78.0,20.9,0.0,False,Warm (19–23°C),2025-07-13 13:07:00,0,14
2025-07-01,10,No.3 Court,Gate_6,Grounds Pass,General,1,USA,1,True,114.5,19.4,0.0,True,Warm (19–23°C),2025-07-01 12:22:00,0,2
2025-07-03,9,Court 5,Gate_5,Grounds Pass,General,1,UK,0,True,97.7,17.0,0.0,False,Cool (15–19°C),2025-07-03 11:02:00,33,4
2025-07-10,10,No.2 Court,Gate_6,Queue Ticket,General,0,UK,0,True,94.6,24.9,0.0,False,Hot (>23°C),2025-07-10 12:07:00,0,11
2025-07-09,10,No.3 Court,Gate_3,Grounds Pass,General,1,UK,0,False,134.1,22.9,0.0,True,Warm (19–23°C),2025-07-09 12:21:00,0,10
2025-07-01,10,Centre Court,Gate_3,Queue Ticket,General,0,UK,0,True,135.9,19.4,0.0,True,Warm (19–23°C),2025-07-01 13:13:00,0,2
2025-07-03,11,No.3 Court,Gate_8,Centre Court,Premium,4,UK,0,True,55.6,20.3,0.0,False,Warm (19–23°C),2025-07-03 12:08:00,0,4
2025-07-07,11,No.1 Court,Gate_8,Grounds Pass,General,1,UK,0,True,103.0,21.4,0.0,False,Warm (19–23°C),2025-07-07 13:02:00,0,8
2025-07-10,11,Centre Court,Gate_7,Grounds Pass,General,1,Other,1,True,105.4,23.8,0.0,False,Hot (>23°C),2025-07-10 13:14:00,0,11
2025-07-05,10,Court 8,Gate_4,Queue Ticket,General,0,Australia,1,True,108.6,23.2,0.0,True,Hot (>23°C),2025-07-05 11:57:00,28,6
2025-07-05,9,Court 6,Gate_2,Grounds Pass,General,1,UK,0,True,91.2,26.0,0.0,True,Hot (>23°C),2025-07-05 11:14:00,0,6
2025-07-04,10,Court 6,Gate_6,No.2 Court,Reserved,2,USA,1,False,73.5,21.2,0.0,False,Warm (19–23°C),2025-07-04 11:26:00,0,5
2025-07-02,10,Court 18,Gate_2,No.2 Court,Reserved,2,UK,0,False,74.5,27.9,0.0,False,Hot (>23°C),2025-07-02 11:38:00,0,3
2025-07-07,11,No.1 Court,Gate_5,No.2 Court,Reserved,2,UK,0,True,84.7,21.4,0.0,False,Warm (19–23°C),2025-07-07 13:02:00,0,8
2025-07-04,9,Court 4,Gate_1,Queue Ticket,General,0,USA,1,True,115.1,21.9,0.0,False,Warm (19–23°C),2025-07-04 11:51:00,105,5
2025-07-05,10,No.2 Court,Gate_8,Queue Ticket,General,0,France,1,True,85.0,23.2,0.0,True,Hot (>23°C),2025-07-05 12:21:00,0,6
2025-07-01,10,No.3 Court,Gate_4,Centre Court Debenture,Premium,5,USA,1,True,89.3,19.4,0.0,True,Warm (19–23°C),2025-07-01 12:22:00,0,2
2025-07-08,11,No.2 Court,Gate_1,No.1 Court,Reserved,3,UK,0,True,42.7,12.1,0.0,False,Cold (<15°C),2025-07-08 12:23:00,0,9
2025-07-09,10,Court 12,Gate_1,Centre Court,Premium,4,USA,1,True,79.6,22.9,0.0,True,Warm (19–23°C),2025-07-09 11:49:00,0,10
2025-07-01,10,No.1 Court,Gate_8,Grounds Pass,General,1,UK,0,True,131.4,19.4,0.0,True,Warm (19–23°C),2025-07-01 13:00:00,0,2
2025-07-04,11,No.2 Court,Gate_5,Grounds Pass,General,1,Australia,1,False,34.2,20.4,0.0,False,Warm (19–23°C),2025-07-04 12:13:00,0,5
2025-06-30,11,No.1 Court,Gate_7,Grounds Pass,General,1,UK,0,True,93.6,17.8,0.0,False,Cool (15–19°C),2025-06-30 13:11:00,0,1
2025-07-05,11,Centre Court,Gate_5,Grounds Pass,General,1,Switzerland,1,False,93.9,25.0,11.35,True,Hot (>23°C),2025-07-05 13:01:00,0,6
2025-07-03,10,Court 6,Gate_1,Centre Court,Premium,4,Switzerland,1,False,60.9,19.8,0.0,False,Warm (19–23°C),2025-07-03 11:26:00,0,4
2025-07-02,10,Court 4,Gate_7,Queue Ticket,General,0,UK,0,True,91.8,27.9,0.0,False,Hot (>23°C),2025-07-02 11:56:00,0,3
2025-07-04,9,Court 6,Gate_1,Grounds Pass,General,1,UK,0,True,86.8,21.9,0.0,False,Warm (19–23°C),2025-07-04 11:26:00,0,5
2025-07-04,10,Court 5,Gate_2,Grounds Pass,General,1,Germany,1,True,62.3,21.2,0.0,False,Warm (19–23°C),2025-07-04 11:16:00,0,5
2025-07-02,11,No.1 Court,Gate_1,No.2 Court,Reserved,2,UK,0,True,85.8,26.8,0.0,False,Hot (>23°C),2025-07-02 13:07:00,0,3
2025-07-02,9,Court 6,Gate_1,No.1 Court,Reserved,3,UK,0,False,82.5,25.2,0.0,False,Hot (>23°C),2025-07-02 11:05:00,0,3
2025-07-02,9,Court 18,Gate_5,Queue Ticket,General,0,UK,0,True,125.4,25.2,0.0,False,Hot (>23°C),2025-07-02 11:38:00,0,3
2025-07-11,11,Centre Court,Gate_4,No.1 Court,Reserved,3,Germany,1,False,90.3,19.3,0.0,False,Warm (19–23°C),2025-07-11 13:13:00,0,12
2025-07-08,9,Court 5,Gate_2,Queue Ticket,General,0,UK,0,True,99.1,14.1,0.0,False,Cold (<15°C),2025-07-08 11:32:00,0,9
2025-07-10,11,Court 8,Gate_1,No.2 Court,Reserved,2,France,1,True,26.7,23.8,0.0,False,Hot (>23°C),2025-07-10 11:53:00,0,11
2025-07-06,12,Centre Court,Gate_1,Centre Court,Premium,4,USA,1,False,57.9,14.8,0.0,False,Cold (<15°C),2025-07-06 13:06:00,0,7
2025-07-02,10,No.2 Court,Gate_7,Grounds Pass,General,1,UK,0,True,90.6,27.9,0.0,False,Hot (>23°C),2025-07-02 12:20:00,0,3
2025-07-10,10,Court 5,Gate_3,No.1 Court,Reserved,3,UK,0,True,62.0,24.9,0.0,False,Hot (>23°C),2025-07-10 11:09:00,0,11
2025-07-11,12,Centre Court,Gate_6,No.2 Court,Reserved,2,UK,0,True,56.2,19.8,0.0,False,Warm (19–23°C),2025-07-11 13:13:00,0,12
2025-07-13,11,Centre Court,Gate_7,Grounds Pass,General,1,Germany,1,True,97.3,20.9,0.0,False,Warm (19–23°C),2025-07-13 13:07:00,0,14
2025-07-04,11,No.1 Court,Gate_1,No.2 Court,Reserved,2,UK,0,False,108.0,20.4,0.0,False,Warm (19–23°C),2025-07-04 13:05:00,0,5
2025-07-07,10,No.2 Court,Gate_8,No.1 Court,Reserved,3,UK,0,True,87.6,24.1,0.0,False,Hot (>23°C),2025-07-07 12:17:00,95,8
2025-07-02,11,Centre Court,Gate_6,Queue Ticket,General,0,Australia,1,True,91.7,26.8,0.0,False,Hot (>23°C),2025-07-02 13:01:00,0,3
2025-07-03,10,Court 8,Gate_7,No.2 Court,Reserved,2,UK,0,False,43.8,19.8,0.0,False,Warm (19–23°C),2025-07-03 11:04:00,0,4
2025-07-11,11,Centre Court,Gate_5,No.2 Court,Reserved,2,USA,1,True,87.1,19.3,0.0,False,Warm (19–23°C),2025-07-11 13:13:00,0,12
2025-07-10,12,Centre Court,Gate_8,Centre Court,Premium,4,Other,1,False,50.4,24.1,0.0,False,Hot (>23°C),2025-07-10 13:14:00,0,11
2025-07-05,11,No.1 Court,Gate_4,Centre Court,Premium,4,UK,0,True,94.7,25.0,11.35,True,Hot (>23°C),2025-07-05 13:01:00,0,6
2025-07-13,12,No.1 Court,Gate_2,Centre Court Debenture,Premium,5,UK,0,False,48.9,18.2,0.0,False,Cool (15–19°C),2025-07-13 13:09:00,0,14
2025-07-02,11,Court 4,Gate_4,No.1 Court,Reserved,3,Australia,1,False,54.3,26.8,0.0,False,Hot (>23°C),2025-07-02 11:56:00,0,3
2025-07-13,10,Court 7,Gate_4,No.2 Court,Reserved,2,UK,0,True,85.9,19.2,0.0,False,Warm (19–23°C),2025-07-13 11:57:00,0,14
2025-07-11,10,Court 8,Gate_5,No.1 Court,Reserved,3,Australia,1,True,69.8,19.9,0.0,False,Warm (19–23°C),2025-07-11 11:11:00,0,12
2025-07-06,10,No.3 Court,Gate_2,Queue Ticket,General,0,Spain,1,True,106.6,15.5,0.0,False,Cool (15–19°C),2025-07-06 12:21:00,0,7
2025-07-02,10,No.2 Court,Gate_8,Grounds Pass,General,1,UK,0,True,90.5,27.9,0.0,False,Hot (>23°C),2025-07-02 12:20:00,0,3
2025-06-30,11,Court 12,Gate_1,No.2 Court,Reserved,2,USA,1,False,24.7,17.8,0.0,False,Cool (15–19°C),2025-06-30 11:32:00,0,1
2025-07-07,10,No.3 Court,Gate_6,Grounds Pass,General,1,Spain,1,True,98.7,24.1,0.0,False,Hot (>23°C),2025-07-07 12:12:00,37,8
2025-07-07,9,Court 18,Gate_4,Grounds Pass,General,1,UK,0,True,125.2,22.2,0.0,False,Warm (19–23°C),2025-07-07 11:17:00,0,8
2025-07-13,10,No.2 Court,Gate_8,Grounds Pass,General,1,Switzerland,1,True,89.9,19.2,0.0,False,Warm (19–23°C),2025-07-13 12:28:00,112,14
2025-07-03,9,Court 7,Gate_5,No.1 Court,Reserved,3,USA,1,True,105.5,17.0,0.0,False,Cool (15–19°C),2025-07-03 11:40:00,0,4
2025-07-08,10,Court 7,Gate_3,Queue Ticket,General,0,France,1,True,84.3,15.6,0.0,False,Cool (15–19°C),2025-07-08 11:32:00,0,9
2025-07-06,12,Centre Court,Gate_6,Centre Court Debenture,Premium,5,Australia,1,False,11.3,14.8,0.0,False,Cold (<15°C),2025-07-06 13:06:00,0,7
2025-07-04,9,Court 6,Gate_8,Queue Ticket,General,0,Australia,1,True,107.4,21.9,0.0,False,Warm (19–23°C),2025-07-04 11:26:00,0,5
2025-07-11,10,Court 18,Gate_4,Centre Court,Premium,4,UK,0,True,61.1,19.9,0.0,False,Warm (19–23°C),2025-07-11 11:58:00,113,12
2025-07-03,11,No.3 Court,Gate_1,No.1 Court,Reserved,3,Switzerland,1,True,50.6,20.3,0.0,False,Warm (19–23°C),2025-07-03 12:08:00,0,4
2025-07-05,10,No.3 Court,Gate_7,Centre Court,Premium,4,UK,0,False,99.6,23.2,0.0,True,Hot (>23°C),2025-07-05 12:04:00,0,6
2025-07-07,9,Court 8,Gate_6,Queue Ticket,General,0,UK,0,True,138.2,22.2,0.0,False,Warm (19–23°C),2025-07-07 11:59:00,0,8
2025-06-30,10,No.3 Court,Gate_5,Grounds Pass,General,1,France,1,True,89.7,17.2,0.0,False,Cool (15–19°C),2025-06-30 12:15:00,0,1
2025-07-11,11,Centre Court,Gate_4,Grounds Pass,General,1,Canada,1,True,75.1,19.3,0.0,False,Warm (19–23°C),2025-07-11 13:13:00,0,12
2025-07-13,10,Court 8,Gate_8,Grounds Pass,General,1,USA,1,False,70.3,19.2,0.0,False,Warm (19–23°C),2025-07-13 11:44:00,0,14
2025-07-12,10,Centre Court,Gate_3,Grounds Pass,General,1,UK,0,False,144.8,27.2,0.0,True,Hot (>23°C),2025-07-12 13:00:00,0,13
2025-07-04,10,No.3 Court,Gate_5,Grounds Pass,General,1,UK,0,True,145.3,21.2,0.0,False,Warm (19–23°C),2025-07-04 12:29:00,0,5
2025-07-09,10,No.2 Court,Gate_6,No.1 Court,Reserved,3,Germany,1,True,87.9,22.9,0.0,True,Warm (19–23°C),2025-07-09 12:20:00,0,10
2025-07-01,10,No.2 Court,Gate_1,No.2 Court,Reserved,2,France,1,False,104.7,19.4,0.0,True,Warm (19–23°C),2025-07-01 12:04:00,0,2
2025-07-06,10,No.2 Court,Gate_5,Queue Ticket,General,0,UK,0,False,102.2,15.5,0.0,False,Cool (15–19°C),2025-07-06 12:07:00,0,7
2025-07-12,10,No.2 Court,Gate_8,Centre Court,Premium,4,Spain,1,True,122.4,27.2,0.0,True,Hot (>23°C),2025-07-12 12:03:00,49,13
2025-07-01,9,No.2 Court,Gate_5,Grounds Pass,General,1,UK,0,True,139.1,18.5,0.0,True,Cool (15–19°C),2025-07-01 12:04:00,0,2
2025-07-12,9,Court 7,Gate_8,Centre Court Debenture,Premium,5,UK,0,True,120.2,25.3,0.0,True,Hot (>23°C),2025-07-12 11:42:00,63,13
2025-07-07,10,Court 5,Gate_7,Queue Ticket,General,0,Germany,1,True,93.9,24.1,0.0,False,Hot (>23°C),2025-07-07 11:39:00,34,8
2025-07-13,9,Court 6,Gate_5,No.1 Court,Reserved,3,UK,0,True,68.2,20.3,0.0,False,Warm (19–23°C),2025-07-13 11:00:00,0,14
2025-07-05,8,Court 7,Gate_6,Queue Ticket,General,0,Japan,1,True,138.3,27.3,0.0,True,Hot (>23°C),2025-07-05 11:18:00,0,6
2025-07-12,10,Centre Court,Gate_2,Grounds Pass,General,1,UK,0,True,145.0,27.2,0.0,True,Hot (>23°C),2025-07-12 13:00:00,0,13
2025-06-30,10,No.3 Court,Gate_4,Centre Court,Premium,4,UK,0,True,77.1,17.2,0.0,False,Cool (15–19°C),2025-06-30 12:15:00,0,1
2025-07-12,10,No.2 Court,Gate_2,No.2 Court,Reserved,2,Canada,1,False,67.8,27.2,0.0,True,Hot (>23°C),2025-07-12 12:03:00,49,13
2025-07-01,11,Centre Court,Gate_1,Centre Court Debenture,Premium,5,UK,0,False,118.9,20.6,0.76,True,Warm (19–23°C),2025-07-01 13:13:00,0,2
2025-07-04,11,Court 5,Gate_2,Centre Court,Premium,4,Other,1,False,7.3,20.4,0.0,False,Warm (19–23°C),2025-07-04 11:16:00,0,5
2025-07-12,10,Court 4,Gate_8,Grounds Pass,General,1,USA,1,False,101.8,27.2,0.0,True,Hot (>23°C),2025-07-12 11:45:00,0,13
2025-07-12,9,Court 6,Gate_1,Grounds Pass,General,1,UK,0,False,98.7,25.3,0.0,True,Hot (>23°C),2025-07-12 11:01:00,0,13
2025-07-12,11,No.1 Court,Gate_5,Grounds Pass,General,1,Australia,1,False,101.3,27.4,0.06,True,Hot (>23°C),2025-07-12 13:04:00,0,13
2025-07-12,10,Court 5,Gate_5,Centre Court,Premium,4,France,1,True,36.9,27.2,0.0,True,Hot (>23°C),2025-07-12 11:34:00,0,13
2025-07-10,10,Court 8,Gate_1,No.2 Court,Reserved,2,France,1,True,91.0,24.9,0.0,False,Hot (>23°C),2025-07-10 11:53:00,0,11
2025-07-01,10,No.3 Court,Gate_8,Queue Ticket,General,0,USA,1,True,95.4,19.4,0.0,True,Warm (19–23°C),2025-07-01 12:22:00,0,2
2025-07-08,11,Centre Court,Gate_3,Grounds Pass,General,1,UK,0,False,85.3,12.1,0.0,False,Cold (<15°C),2025-07-08 13:00:00,0,9
2025-07-09,10,Court 4,Gate_4,Grounds Pass,General,1,France,1,True,99.8,22.9,0.0,True,Warm (19–23°C),2025-07-09 11:43:00,81,10
2025-07-07,10,Court 7,Gate_5,Grounds Pass,General,1,UK,0,True,94.7,24.1,0.0,False,Hot (>23°C),2025-07-07 11:35:00,0,8
2025-07-09,11,No.1 Court,Gate_6,Grounds Pass,General,1,UK,0,True,117.4,23.2,0.8,True,Hot (>23°C),2025-07-09 13:09:00,0,10
2025-07-08,12,No.1 Court,Gate_4,No.2 Court,Reserved,2,Australia,1,False,28.6,12.5,0.0,False,Cold (<15°C),2025-07-08 13:07:00,0,9
2025-07-02,9,Court 6,Gate_6,Grounds Pass,General,1,UK,0,True,81.9,25.2,0.0,False,Hot (>23°C),2025-07-02 11:05:00,0,3
2025-07-12,10,No.2 Court,Gate_5,No.1 Court,Reserved,3,USA,1,True,64.4,27.2,0.0,True,Hot (>23°C),2025-07-12 12:03:00,49,13
2025-07-12,10,No.2 Court,Gate_3,Centre Court,Premium,4,UK,0,False,92.2,27.2,0.0,True,Hot (>23°C),2025-07-12 12:03:00,49,13
2025-07-07,9,Court 6,Gate_4,Centre Court,Premium,4,UK,0,False,85.8,22.2,0.0,False,Warm (19–23°C),2025-07-07 11:10:00,0,8
2025-07-07,10,Court 7,Gate_7,Grounds Pass,General,1,UK,0,False,85.4,24.1,0.0,False,Hot (>23°C),2025-07-07 11:35:00,0,8
2025-07-06,11,No.1 Court,Gate_4,Grounds Pass,General,1,UK,0,True,99.5,14.2,0.0,False,Cold (<15°C),2025-07-06 13:03:00,0,7
2025-07-10,12,No.1 Court,Gate_8,No.1 Court,Reserved,3,France,1,False,39.2,24.1,0.0,False,Hot (>23°C),2025-07-10 13:13:00,0,11
2025-07-08,10,No.3 Court,Gate_1,Grounds Pass,General,1,UK,0,False,98.5,15.6,0.0,False,Cool (15–19°C),2025-07-08 12:20:00,0,9
2025-07-10,10,Court 7,Gate_7,Grounds Pass,General,1,USA,1,True,24.3,24.9,0.0,False,Hot (>23°C),2025-07-10 11:13:00,0,11
2025-07-03,10,No.2 Court,Gate_1,Queue Ticket,General,0,Australia,1,True,124.7,19.8,0.0,False,Warm (19–23°C),2025-07-03 12:23:00,0,4
2025-07-10,11,Court 18,Gate_5,Centre Court Debenture,Premium,5,Canada,1,True,5.0,23.8,0.0,False,Hot (>23°C),2025-07-10 11:46:00,0,11
2025-07-01,11,No.1 Court,Gate_8,Centre Court,Premium,4,UK,0,True,93.8,20.6,0.76,True,Warm (19–23°C),2025-07-01 13:00:00,0,2
2025-07-11,11,No.2 Court,Gate_1,Grounds Pass,General,1,Switzerland,1,False,33.7,19.3,0.0,False,Warm (19–23°C),2025-07-11 12:00:00,0,12
2025-07-13,12,Centre Court,Gate_1,No.2 Court,Reserved,2,Germany,1,False,47.6,18.2,0.0,False,Cool (15–19°C),2025-07-13 13:07:00,0,14
2025-06-30,10,Court 4,Gate_8,Grounds Pass,General,1,UK,0,True,111.5,17.2,0.0,False,Cool (15–19°C),2025-06-30 11:58:00,0,1
2025-07-11,10,Court 18,Gate_7,Grounds Pass,General,1,UK,0,False,78.2,19.9,0.0,False,Warm (19–23°C),2025-07-11 11:58:00,113,12
2025-06-30,11,Centre Court,Gate_4,No.2 Court,Reserved,2,UK,0,True,100.7,17.8,0.0,False,Cool (15–19°C),2025-06-30 13:01:00,0,1
2025-07-07,9,Court 6,Gate_1,Grounds Pass,General,1,UK,0,True,125.6,22.2,0.0,False,Warm (19–23°C),2025-07-07 11:10:00,0,8
2025-07-05,10,Centre Court,Gate_6,Queue Ticket,General,0,Other,1,True,125.2,23.2,0.0,True,Hot (>23°C),2025-07-05 13:01:00,0,6
2025-07-04,10,No.2 Court,Gate_4,No.1 Court,Reserved,3,UK,0,False,85.5,21.2,0.0,False,Warm (19–23°C),2025-07-04 12:13:00,0,5
2025-07-11,10,Court 5,Gate_6,No.2 Court,Reserved,2,Australia,1,False,47.9,19.9,0.0,False,Warm (19–23°C),2025-07-11 11:44:00,0,12
2025-07-03,10,Court 18,Gate_6,Grounds Pass,General,1,UK,0,False,61.9,19.8,0.0,False,Warm (19–23°C),2025-07-03 11:05:00,0,4
2025-07-01,11,No.1 Court,Gate_1,Centre Court,Premium,4,UK,0,True,115.8,20.6,0.76,True,Warm (19–23°C),2025-07-01 13:00:00,0,2
2025-07-07,11,Court 8,Gate_2,No.2 Court,Reserved,2,Australia,1,True,31.2,21.4,0.0,False,Warm (19–23°C),2025-07-07 11:59:00,0,8
2025-06-30,9,Court 6,Gate_4,Queue Ticket,General,0,UK,0,True,110.2,18.3,0.0,False,Cool (15–19°C),2025-06-30 11:07:00,0,1
2025-07-01,8,Court 6,Gate_3,Queue Ticket,General,0,UK,0,False,172.8,21.8,0.0,True,Warm (19–23°C),2025-07-01 11:21:00,66,2
2025-06-30,10,Centre Court,Gate_7,Queue Ticket,General,0,UK,0,True,138.1,17.2,0.0,False,Cool (15–19°C),2025-06-30 13:01:00,0,1
2025-07-10,11,No.3 Court,Gate_3,Grounds Pass,General,1,USA,1,True,46.2,23.8,0.0,False,Hot (>23°C),2025-07-10 12:15:00,0,11
2025-07-01,9,Court 8,Gate_3,Queue Ticket,General,0,Australia,1,True,88.1,18.5,0.0,True,Cool (15–19°C),2025-07-01 11:09:00,0,2
2025-07-05,10,No.3 Court,Gate_4,Grounds Pass,General,1,Spain,1,False,122.5,23.2,0.0,True,Hot (>23°C),2025-07-05 12:04:00,0,6
2025-07-05,9,Court 6,Gate_1,Centre Court,Premium,4,UK,0,True,77.3,26.0,0.0,True,Hot (>23°C),2025-07-05 11:14:00,0,6
2025-07-11,8,Court 7,Gate_6,Grounds Pass,General,1,UK,0,True,125.8,21.7,0.0,False,Warm (19–23°C),2025-07-11 11:02:00,0,12
2025-07-07,11,No.1 Court,Gate_4,Grounds Pass,General,1,UK,0,True,113.3,21.4,0.0,False,Warm (19–23°C),2025-07-07 13:02:00,0,8
2025-07-12,10,No.3 Court,Gate_1,Grounds Pass,General,1,Switzerland,1,False,83.8,27.2,0.0,True,Hot (>23°C),2025-07-12 12:15:00,0,13
2025-07-09,9,Court 4,Gate_8,Grounds Pass,General,1,Switzerland,1,True,128.6,23.5,0.0,True,Hot (>23°C),2025-07-09 11:43:00,81,10
2025-06-30,11,No.2 Court,Gate_2,Queue Ticket,General,0,UK,0,False,60.5,17.8,0.0,False,Cool (15–19°C),2025-06-30 12:02:00,89,1
2025-07-04,10,Court 4,Gate_8,No.2 Court,Reserved,2,UK,0,True,79.4,21.2,0.0,False,Warm (19–23°C),2025-07-04 11:51:00,105,5
2025-07-13,10,Court 4,Gate_6,No.2 Court,Reserved,2,USA,1,False,78.9,19.2,0.0,False,Warm (19–23°C),2025-07-13 11:33:00,92,14
2025-07-06,10,Court 7,Gate_2,Grounds Pass,General,1,USA,1,False,50.2,15.5,0.0,False,Cool (15–19°C),2025-07-06 11:12:00,0,7
2025-07-13,11,Centre Court,Gate_3,Grounds Pass,General,1,UK,0,True,90.7,20.9,0.0,False,Warm (19–23°C),2025-07-13 13:07:00,0,14
2025-07-10,11,Centre Court,Gate_2,Grounds Pass,General,1,USA,1,False,85.1,23.8,0.0,False,Hot (>23°C),2025-07-10 13:14:00,0,11
2025-07-06,11,No.3 Court,Gate_6,Grounds Pass,General,1,UK,0,False,73.8,14.2,0.0,False,Cold (<15°C),2025-07-06 12:21:00,0,7
2025-07-06,9,Court 5,Gate_6,Queue Ticket,General,0,UK,0,False,78.1,11.9,0.0,False,Cold (<15°C),2025-07-06 11:05:00,0,7
2025-07-05,9,Court 12,Gate_2,No.2 Court,Reserved,2,UK,0,True,83.0,26.0,0.0,True,Hot (>23°C),2025-07-05 11:20:00,0,6
2025-07-11,10,Court 5,Gate_3,No.2 Court,Reserved,2,UK,0,False,83.4,19.9,0.0,False,Warm (19–23°C),2025-07-11 11:44:00,0,12
2025-07-06,11,No.1 Court,Gate_3,Grounds Pass,General,1,Germany,1,True,76.6,14.2,0.0,False,Cold (<15°C),2025-07-06 13:03:00,0,7
2025-07-06,11,No.1 Court,Gate_2,No.2 Court,Reserved,2,USA,1,False,102.5,14.2,0.0,False,Cold (<15°C),2025-07-06 13:03:00,0,7
2025-07-09,11,Centre Court,Gate_4,Grounds Pass,General,1,UK,0,True,106.1,23.2,0.8,True,Hot (>23°C),2025-07-09 13:02:00,0,10
2025-07-11,9,Court 6,Gate_8,No.1 Court,Reserved,3,UK,0,True,79.4,19.8,0.0,False,Warm (19–23°C),2025-07-11 11:10:00,0,12
2025-07-02,10,Court 8,Gate_8,No.1 Court,Reserved,3,USA,1,True,56.7,27.9,0.0,False,Hot (>23°C),2025-07-02 11:50:00,0,3
2025-07-03,11,Centre Court,Gate_1,Queue Ticket,General,0,Canada,1,True,97.8,20.3,0.0,False,Warm (19–23°C),2025-07-03 13:02:00,0,4
2025-07-03,10,No.3 Court,Gate_1,Grounds Pass,General,1,Australia,1,False,84.2,19.8,0.0,False,Warm (19–23°C),2025-07-03 12:08:00,0,4
2025-07-03,10,No.3 Court,Gate_5,No.1 Court,Reserved,3,Japan,1,False,75.1,19.8,0.0,False,Warm (19–23°C),2025-07-03 12:08:00,0,4
2025-06-30,10,Court 8,Gate_3,No.1 Court,Reserved,3,Germany,1,False,68.0,17.2,0.0,False,Cool (15–19°C),2025-06-30 11:55:00,0,1
2025-07-09,10,No.2 Court,Gate_4,Grounds Pass,General,1,Australia,1,False,125.6,22.9,0.0,True,Warm (19–23°C),2025-07-09 12:20:00,0,10
2025-07-06,10,Court 8,Gate_4,Grounds Pass,General,1,Spain,1,False,77.0,15.5,0.0,False,Cool (15–19°C),2025-07-06 11:32:00,0,7
2025-07-12,9,Court 6,Gate_6,Grounds Pass,General,1,Japan,1,True,76.0,25.3,0.0,True,Hot (>23°C),2025-07-12 11:01:00,0,13
2025-07-11,12,Centre Court,Gate_4,Grounds Pass,General,1,Canada,1,False,55.2,19.8,0.0,False,Warm (19–23°C),2025-07-11 13:13:00,0,12
2025-07-01,11,No.1 Court,Gate_1,Grounds Pass,General,1,USA,1,False,71.0,20.6,0.76,True,Warm (19–23°C),2025-07-01 13:00:00,0,2
2025-07-13,10,Court 4,Gate_2,Grounds Pass,General,1,Other,1,False,90.0,19.2,0.0,False,Warm (19–23°C),2025-07-13 11:33:00,92,14
2025-07-13,9,Court 4,Gate_7,Grounds Pass,General,1,UK,0,False,102.9,20.3,0.0,False,Warm (19–23°C),2025-07-13 11:33:00,92,14
2025-07-01,10,No.1 Court,Gate_5,Queue Ticket,General,0,UK,0,False,152.3,19.4,0.0,True,Warm (19–23°C),2025-07-01 13:00:00,0,2
2025-07-08,10,No.2 Court,Gate_1,Queue Ticket,General,0,Canada,1,False,102.6,15.6,0.0,False,Cool (15–19°C),2025-07-08 12:23:00,0,9
2025-07-05,11,Centre Court,Gate_2,No.2 Court,Reserved,2,UK,0,True,72.3,25.0,11.35,True,Hot (>23°C),2025-07-05 13:01:00,0,6
2025-07-07,10,Court 5,Gate_7,No.1 Court,Reserved,3,UK,0,True,79.8,24.1,0.0,False,Hot (>23°C),2025-07-07 11:39:00,34,8
2025-06-30,10,Centre Court,Gate_7,Queue Ticket,General,0,Japan,1,True,124.6,17.2,0.0,False,Cool (15–19°C),2025-06-30 13:01:00,0,1
2025-07-12,9,Court 8,Gate_2,Queue Ticket,General,0,Switzerland,1,False,110.0,25.3,0.0,True,Hot (>23°C),2025-07-12 11:07:00,0,13
2025-07-08,11,Centre Court,Gate_2,No.1 Court,Reserved,3,UK,0,True,76.4,12.1,0.0,False,Cold (<15°C),2025-07-08 13:00:00,0,9
2025-07-01,11,Centre Court,Gate_4,No.1 Court,Reserved,3,UK,0,True,131.6,20.6,0.76,True,Warm (19–23°C),2025-07-01 13:13:00,0,2
2025-07-08,9,Court 4,Gate_7,Queue Ticket,General,0,Germany,1,True,99.6,14.1,0.0,False,Cold (<15°C),2025-07-08 11:29:00,0,9
2025-07-02,10,Court 8,Gate_7,Grounds Pass,General,1,UK,0,True,75.5,27.9,0.0,False,Hot (>23°C),2025-07-02 11:50:00,0,3
2025-07-04,10,Court 5,Gate_2,No.2 Court,Reserved,2,France,1,True,54.2,21.2,0.0,False,Warm (19–23°C),2025-07-04 11:16:00,0,5
2025-07-06,10,Court 8,Gate_2,No.2 Court,Reserved,2,Other,1,False,70.5,15.5,0.0,False,Cool (15–19°C),2025-07-06 11:32:00,0,7
2025-07-10,11,No.3 Court,Gate_2,Grounds Pass,General,1,Australia,1,True,59.0,23.8,0.0,False,Hot (>23°C),2025-07-10 12:15:00,0,11
2025-06-30,10,No.2 Court,Gate_6,Grounds Pass,General,1,Japan,1,False,103.0,17.2,0.0,False,Cool (15–19°C),2025-06-30 12:02:00,89,1
2025-07-09,11,No.2 Court,Gate_7,Centre Court,Premium,4,Other,1,False,48.0,23.2,0.8,True,Hot (>23°C),2025-07-09 12:20:00,0,10
2025-07-09,9,Court 8,Gate_7,Grounds Pass,General,1,UK,0,False,137.6,23.5,0.0,True,Hot (>23°C),2025-07-09 11:18:00,0,10
2025-07-04,11,Centre Court,Gate_6,Queue Ticket,General,0,France,1,False,108.0,20.4,0.0,False,Warm (19–23°C),2025-07-04 13:08:00,0,5
2025-07-02,12,No.1 Court,Gate_3,No.1 Court,Reserved,3,UK,0,False,45.9,27.1,0.0,False,Hot (>23°C),2025-07-02 13:07:00,0,3
2025-07-13,9,Court 6,Gate_1,No.1 Court,Reserved,3,UK,0,True,66.9,20.3,0.0,False,Warm (19–23°C),2025-07-13 11:00:00,0,14
2025-07-05,10,Court 8,Gate_6,No.1 Court,Reserved,3,Other,1,True,101.9,23.2,0.0,True,Hot (>23°C),2025-07-05 11:57:00,28,6
2025-07-12,11,Centre Court,Gate_6,Queue Ticket,General,0,UK,0,False,116.1,27.4,0.06,True,Hot (>23°C),2025-07-12 13:00:00,0,13
2025-07-04,9,Court 5,Gate_1,Queue Ticket,General,0,Germany,1,False,81.3,21.9,0.0,False,Warm (19–23°C),2025-07-04 11:16:00,0,5
2025-07-05,9,Court 6,Gate_1,No.2 Court,Reserved,2,Japan,1,False,117.4,26.0,0.0,True,Hot (>23°C),2025-07-05 11:14:00,0,6
2025-06-30,10,Court 8,Gate_6,Grounds Pass,General,1,Switzerland,1,False,61.3,17.2,0.0,False,Cool (15–19°C),2025-06-30 11:55:00,0,1
2025-07-07,9,Court 7,Gate_1,Grounds Pass,General,1,USA,1,True,98.5,22.2,0.0,False,Warm (19–23°C),2025-07-07 11:35:00,0,8
2025-07-09,9,Court 7,Gate_7,Grounds Pass,General,1,USA,1,True,120.4,23.5,0.0,True,Hot (>23°C),2025-07-09 11:02:00,0,10
2025-07-03,10,Court 8,Gate_2,Centre Court,Premium,4,Germany,1,True,31.8,19.8,0.0,False,Warm (19–23°C),2025-07-03 11:04:00,0,4
2025-07-02,11,No.2 Court,Gate_2,Centre Court,Premium,4,Spain,1,False,44.2,26.8,0.0,False,Hot (>23°C),2025-07-02 12:20:00,0,3
2025-07-02,10,Court 6,Gate_5,Grounds Pass,General,1,UK,0,False,62.5,27.9,0.0,False,Hot (>23°C),2025-07-02 11:05:00,0,3
2025-07-03,9,Court 6,Gate_5,Queue Ticket,General,0,UK,0,True,99.7,17.0,0.0,False,Cool (15–19°C),2025-07-03 11:26:00,0,4
2025-07-06,9,Court 5,Gate_7,Grounds Pass,General,1,UK,0,False,90.9,11.9,0.0,False,Cold (<15°C),2025-07-06 11:05:00,0,7
2025-07-09,10,No.3 Court,Gate_1,No.1 Court,Reserved,3,Other,1,False,116.5,22.9,0.0,True,Warm (19–23°C),2025-07-09 12:21:00,0,10
2025-07-07,12,Centre Court,Gate_8,No.2 Court,Reserved,2,UK,0,False,65.9,21.4,0.0,False,Warm (19–23°C),2025-07-07 13:10:00,0,8
2025-07-08,11,Centre Court,Gate_1,Grounds Pass,General,1,UK,0,False,104.6,12.1,0.0,False,Cold (<15°C),2025-07-08 13:00:00,0,9
2025-07-03,9,Court 18,Gate_1,Grounds Pass,General,1,UK,0,False,94.4,17.0,0.0,False,Cool (15–19°C),2025-07-03 11:05:00,0,4
2025-07-01,10,No.3 Court,Gate_7,Grounds Pass,General,1,UK,0,False,122.7,19.4,0.0,True,Warm (19–23°C),2025-07-01 12:22:00,0,2
2025-07-03,11,Centre Court,Gate_1,Grounds Pass,General,1,UK,0,True,77.8,20.3,0.0,False,Warm (19–23°C),2025-07-03 13:02:00,0,4
2025-07-06,11,Centre Court,Gate_1,Queue Ticket,General,0,Switzerland,1,True,108.5,14.2,0.0,False,Cold (<15°C),2025-07-06 13:06:00,0,7
2025-07-08,9,Court 4,Gate_4,Queue Ticket,General,0,UK,0,True,131.1,14.1,0.0,False,Cold (<15°C),2025-07-08 11:29:00,0,9
2025-07-02,9,Court 5,Gate_7,Grounds Pass,General,1,UK,0,True,115.0,25.2,0.0,False,Hot (>23°C),2025-07-02 11:26:00,0,3
2025-07-13,10,Court 12,Gate_6,No.1 Court,Reserved,3,Other,1,False,80.8,19.2,0.0,False,Warm (19–23°C),2025-07-13 11:48:00,0,14
2025-07-03,11,No.1 Court,Gate_8,Grounds Pass,General,1,UK,0,False,73.5,20.3,0.0,False,Warm (19–23°C),2025-07-03 13:11:00,0,4
2025-07-09,8,Court 8,Gate_2,Queue Ticket,General,0,UK,0,False,147.5,22.8,0.0,True,Warm (19–23°C),2025-07-09 11:18:00,0,10
2025-07-01,10,Court 5,Gate_3,Grounds Pass,General,1,Other,1,True,101.8,19.4,0.0,True,Warm (19–23°C),2025-07-01 11:53:00,0,2
2025-07-07,10,Court 4,Gate_2,No.2 Court,Reserved,2,UK,0,True,66.5,24.1,0.0,False,Hot (>23°C),2025-07-07 11:29:00,0,8
2025-07-11,11,No.1 Court,Gate_1,Grounds Pass,General,1,Germany,1,False,79.6,19.3,0.0,False,Warm (19–23°C),2025-07-11 13:01:00,0,12
2025-07-04,10,Court 6,Gate_4,No.1 Court,Reserved,3,UK,0,True,66.5,21.2,0.0,False,Warm (19–23°C),2025-07-04 11:26:00,0,5
2025-07-04,9,Court 18,Gate_2,No.2 Court,Reserved,2,Other,1,True,111.7,21.9,0.0,False,Warm (19–23°C),2025-07-04 11:19:00,36,5
2025-07-03,9,Court 7,Gate_2,Queue Ticket,General,0,UK,0,False,119.5,17.0,0.0,False,Cool (15–19°C),2025-07-03 11:40:00,0,4
2025-07-10,12,Centre Court,Gate_7,No.2 Court,Reserved,2,Germany,1,True,34.9,24.1,0.0,False,Hot (>23°C),2025-07-10 13:14:00,0,11
2025-06-30,10,No.2 Court,Gate_8,Grounds Pass,General,1,France,1,True,66.5,17.2,0.0,False,Cool (15–19°C),2025-06-30 12:02:00,89,1
2025-07-09,10,Centre Court,Gate_6,Queue Ticket,General,0,UK,0,True,152.1,22.9,0.0,True,Warm (19–23°C),2025-07-09 13:02:00,0,10
2025-07-06,10,Court 5,Gate_7,Grounds Pass,General,1,UK,0,False,55.9,15.5,0.0,False,Cool (15–19°C),2025-07-06 11:05:00,0,7
2025-07-06,10,No.1 Court,Gate_8,Grounds Pass,General,1,USA,1,True,137.3,15.5,0.0,False,Cool (15–19°C),2025-07-06 13:03:00,0,7
2025-07-12,11,No.1 Court,Gate_3,Grounds Pass,General,1,France,1,True,92.0,27.4,0.06,True,Hot (>23°C),2025-07-12 13:04:00,0,13
2025-07-07,10,Court 18,Gate_4,Queue Ticket,General,0,UK,0,False,62.9,24.1,0.0,False,Hot (>23°C),2025-07-07 11:17:00,0,8
2025-07-10,10,Court 4,Gate_6,No.1 Court,Reserved,3,UK,0,True,39.2,24.9,0.0,False,Hot (>23°C),2025-07-10 11:02:00,0,11
2025-06-30,11,Centre Court,Gate_6,Centre Court,Premium,4,UK,0,True,89.8,17.8,0.0,False,Cool (15–19°C),2025-06-30 13:01:00,0,1
2025-07-02,10,Court 8,Gate_3,No.2 Court,Reserved,2,UK,0,True,55.9,27.9,0.0,False,Hot (>23°C),2025-07-02 11:50:00,0,3
2025-07-11,11,Court 4,Gate_6,Centre Court,Premium,4,UK,0,True,43.2,19.3,0.0,False,Warm (19–23°C),2025-07-11 11:49:00,0,12
2025-06-30,11,No.1 Court,Gate_8,Centre Court,Premium,4,UK,0,True,79.8,17.8,0.0,False,Cool (15–19°C),2025-06-30 13:11:00,0,1
2025-07-08,10,No.3 Court,Gate_7,Grounds Pass,General,1,UK,0,True,92.8,15.6,0.0,False,Cool (15–19°C),2025-07-08 12:20:00,0,9
2025-07-02,11,Centre Court,Gate_6,Grounds Pass,General,1,UK,0,False,64.5,26.8,0.0,False,Hot (>23°C),2025-07-02 13:01:00,0,3
2025-07-09,9,Court 7,Gate_1,No.2 Court,Reserved,2,UK,0,True,120.9,23.5,0.0,True,Hot (>23°C),2025-07-09 11:02:00,0,10
2025-07-01,10,Court 5,Gate_8,No.1 Court,Reserved,3,UK,0,True,68.1,19.4,0.0,True,Warm (19–23°C),2025-07-01 11:53:00,0,2
2025-07-11,11,No.1 Court,Gate_1,Centre Court,Premium,4,UK,0,True,75.6,19.3,0.0,False,Warm (19–23°C),2025-07-11 13:01:00,0,12
2025-07-10,10,Centre Court,Gate_2,Queue Ticket,General,0,UK,0,False,148.3,24.9,0.0,False,Hot (>23°C),2025-07-10 13:14:00,0,11
2025-07-10,12,No.3 Court,Gate_4,No.1 Court,Reserved,3,France,1,False,12.4,24.1,0.0,False,Hot (>23°C),2025-07-10 12:15:00,0,11
2025-07-09,11,No.1 Court,Gate_4,No.1 Court,Reserved,3,UK,0,True,83.2,23.2,0.8,True,Hot (>23°C),2025-07-09 13:09:00,0,10
2025-07-10,10,No.2 Court,Gate_3,Queue Ticket,General,0,Australia,1,True,83.8,24.9,0.0,False,Hot (>23°C),2025-07-10 12:07:00,0,11
2025-07-12,10,Centre Court,Gate_7,Grounds Pass,General,1,UK,0,True,128.5,27.2,0.0,True,Hot (>23°C),2025-07-12 13:00:00,0,13
2025-07-12,10,Court 4,Gate_2,Grounds Pass,General,1,Canada,1,True,75.8,27.2,0.0,True,Hot (>23°C),2025-07-12 11:45:00,0,13
2025-07-08,12,No.1 Court,Gate_6,Centre Court,Premium,4,Switzerland,1,True,43.5,12.5,0.0,False,Cold (<15°C),2025-07-08 13:07:00,0,9
2025-06-30,10,Court 5,Gate_1,Grounds Pass,General,1,UK,0,True,76.9,17.2,0.0,False,Cool (15–19°C),2025-06-30 11:30:00,0,1
2025-07-13,11,No.3 Court,Gate_1,No.2 Court,Reserved,2,UK,0,True,59.5,20.9,0.0,False,Warm (19–23°C),2025-07-13 12:17:00,0,14
2025-07-13,10,Court 4,Gate_3,No.1 Court,Reserved,3,Other,1,True,68.5,19.2,0.0,False,Warm (19–23°C),2025-07-13 11:33:00,92,14
2025-07-09,8,Court 8,Gate_6,Queue Ticket,General,0,UK,0,False,149.1,22.8,0.0,True,Warm (19–23°C),2025-07-09 11:18:00,0,10
2025-07-13,10,Court 18,Gate_1,Grounds Pass,General,1,Germany,1,False,81.4,19.2,0.0,False,Warm (19–23°C),2025-07-13 11:50:00,21,14
2025-07-04,9,Court 7,Gate_1,Queue Ticket,General,0,UK,0,False,125.4,21.9,0.0,False,Warm (19–23°C),2025-07-04 11:39:00,0,5
2025-07-12,9,No.2 Court,Gate_1,Queue Ticket,General,0,UK,0,True,147.3,25.3,0.0,True,Hot (>23°C),2025-07-12 12:03:00,49,13
2025-07-11,10,No.2 Court,Gate_6,Queue Ticket,General,0,USA,1,True,60.1,19.9,0.0,False,Warm (19–23°C),2025-07-11 12:00:00,0,12
2025-07-05,10,No.1 Court,Gate_1,Grounds Pass,General,1,Switzerland,1,True,124.1,23.2,0.0,True,Hot (>23°C),2025-07-05 13:01:00,0,6
2025-07-13,10,Court 5,Gate_4,No.2 Court,Reserved,2,USA,1,True,24.9,19.2,0.0,False,Warm (19–23°C),2025-07-13 11:08:00,0,14
2025-07-04,11,Court 8,Gate_4,Grounds Pass,General,1,Japan,1,False,58.6,20.4,0.0,False,Warm (19–23°C),2025-07-04 11:59:00,0,5
2025-07-04,12,Centre Court,Gate_5,Grounds Pass,General,1,UK,0,True,57.3,21.9,0.0,False,Warm (19–23°C),2025-07-04 13:08:00,0,5
2025-07-13,10,Court 8,Gate_6,No.2 Court,Reserved,2,Australia,1,True,66.9,19.2,0.0,False,Warm (19–23°C),2025-07-13 11:44:00,0,14
2025-07-10,11,Court 6,Gate_7,No.2 Court,Reserved,2,UK,0,True,37.7,23.8,0.0,False,Hot (>23°C),2025-07-10 11:53:00,0,11
2025-07-10,10,No.3 Court,Gate_6,Grounds Pass,General,1,UK,0,False,107.0,24.9,0.0,False,Hot (>23°C),2025-07-10 12:15:00,0,11
2025-07-02,10,Court 12,Gate_2,Queue Ticket,General,0,UK,0,True,74.7,27.9,0.0,False,Hot (>23°C),2025-07-02 11:23:00,0,3
2025-07-11,11,Centre Court,Gate_5,Grounds Pass,General,1,UK,0,True,99.3,19.3,0.0,False,Warm (19–23°C),2025-07-11 13:13:00,0,12
2025-07-05,9,Court 7,Gate_8,Grounds Pass,General,1,Germany,1,True,95.4,26.0,0.0,True,Hot (>23°C),2025-07-05 11:18:00,0,6
2025-07-07,11,Centre Court,Gate_4,Queue Ticket,General,0,UK,0,True,81.8,21.4,0.0,False,Warm (19–23°C),2025-07-07 13:10:00,0,8
2025-07-07,11,No.2 Court,Gate_6,Grounds Pass,General,1,USA,1,True,48.0,21.4,0.0,False,Warm (19–23°C),2025-07-07 12:17:00,95,8
2025-07-09,9,Court 5,Gate_6,Grounds Pass,General,1,UK,0,True,126.1,23.5,0.0,True,Hot (>23°C),2025-07-09 11:54:00,0,10
2025-07-13,10,Court 18,Gate_3,Grounds Pass,General,1,UK,0,True,88.8,19.2,0.0,False,Warm (19–23°C),2025-07-13 11:50:00,21,14
2025-07-13,10,Court 5,Gate_3,Centre Court Debenture,Premium,5,UK,0,False,66.7,19.2,0.0,False,Warm (19–23°C),2025-07-13 11:08:00,0,14
2025-07-01,11,No.1 Court,Gate_6,Centre Court Debenture,Premium,5,UK,0,True,105.2,20.6,0.76,True,Warm (19–23°C),2025-07-01 13:00:00,0,2
2025-07-06,12,Centre Court,Gate_5,Queue Ticket,General,0,Australia,1,False,60.2,14.8,0.0,False,Cold (<15°C),2025-07-06 13:06:00,0,7
2025-07-04,9,Court 5,Gate_8,Queue Ticket,General,0,Switzerland,1,False,92.1,21.9,0.0,False,Warm (19–23°C),2025-07-04 11:16:00,0,5
2025-07-13,9,Court 4,Gate_4,Queue Ticket,General,0,UK,0,False,95.8,20.3,0.0,False,Warm (19–23°C),2025-07-13 11:33:00,92,14
2025-07-05,10,Centre Court,Gate_7,Grounds Pass,General,1,UK,0,False,140.1,23.2,0.0,True,Hot (>23°C),2025-07-05 13:01:00,0,6
2025-07-04,9,Court 5,Gate_5,No.2 Court,Reserved,2,UK,0,True,108.4,21.9,0.0,False,Warm (19–23°C),2025-07-04 11:16:00,0,5
2025-07-04,12,Centre Court,Gate_8,Centre Court,Premium,4,UK,0,False,51.2,21.9,0.0,False,Warm (19–23°C),2025-07-04 13:08:00,0,5
2025-07-05,9,Court 4,Gate_7,Grounds Pass,General,1,Germany,1,True,108.3,26.0,0.0,True,Hot (>23°C),2025-07-05 11:29:00,0,6
2025-07-10,9,Court 5,Gate_3,Grounds Pass,General,1,UK,0,False,69.4,26.4,0.0,False,Hot (>23°C),2025-07-10 11:09:00,0,11
2025-07-03,11,Court 4,Gate_8,Centre Court Debenture,Premium,5,UK,0,True,31.9,20.3,0.0,False,Warm (19–23°C),2025-07-03 11:46:00,0,4
2025-07-05,11,No.2 Court,Gate_8,Centre Court Debenture,Premium,5,Spain,1,True,37.6,25.0,11.35,True,Hot (>23°C),2025-07-05 12:21:00,0,6
2025-07-05,11,No.1 Court,Gate_7,No.1 Court,Reserved,3,USA,1,True,74.4,25.0,11.35,True,Hot (>23°C),2025-07-05 13:01:00,0,6
2025-07-09,11,Centre Court,Gate_5,No.2 Court,Reserved,2,USA,1,False,76.7,23.2,0.8,True,Hot (>23°C),2025-07-09 13:02:00,0,10
2025-07-09,9,No.3 Court,Gate_2,Grounds Pass,General,1,UK,0,True,161.1,23.5,0.0,True,Hot (>23°C),2025-07-09 12:21:00,0,10
2025-07-07,9,Court 4,Gate_8,Queue Ticket,General,0,Spain,1,True,118.5,22.2,0.0,False,Warm (19–23°C),2025-07-07 11:29:00,0,8
2025-07-09,8,Court 8,Gate_7,Queue Ticket,General,0,UK,0,True,173.3,22.8,0.0,True,Warm (19–23°C),2025-07-09 11:18:00,0,10
2025-07-13,11,No.2 Court,Gate_8,Grounds Pass,General,1,Spain,1,True,49.9,20.9,0.0,False,Warm (19–23°C),2025-07-13 12:28:00,112,14
2025-07-13,12,No.1 Court,Gate_8,Grounds Pass,General,1,UK,0,False,68.0,18.2,0.0,False,Cool (15–19°C),2025-07-13 13:09:00,0,14
2025-07-05,9,Court 12,Gate_3,Grounds Pass,General,1,UK,0,False,101.6,26.0,0.0,True,Hot (>23°C),2025-07-05 11:20:00,0,6
2025-07-01,9,Court 12,Gate_5,No.2 Court,Reserved,2,Japan,1,True,117.3,18.5,0.0,True,Cool (15–19°C),2025-07-01 11:21:00,0,2
2025-07-06,11,Centre Court,Gate_4,Queue Ticket,General,0,Other,1,False,68.4,14.2,0.0,False,Cold (<15°C),2025-07-06 13:06:00,0,7
2025-07-10,10,Court 18,Gate_8,Grounds Pass,General,1,UK,0,True,94.7,24.9,0.0,False,Hot (>23°C),2025-07-10 11:46:00,0,11
2025-07-11,9,Court 8,Gate_2,Grounds Pass,General,1,UK,0,False,89.4,19.8,0.0,False,Warm (19–23°C),2025-07-11 11:11:00,0,12
2025-07-02,11,No.1 Court,Gate_8,Grounds Pass,General,1,Australia,1,True,67.6,26.8,0.0,False,Hot (>23°C),2025-07-02 13:07:00,0,3
2025-07-04,10,Court 6,Gate_7,No.1 Court,Reserved,3,UK,0,True,65.6,21.2,0.0,False,Warm (19–23°C),2025-07-04 11:26:00,0,5
2025-07-07,9,Court 4,Gate_7,Queue Ticket,General,0,UK,0,True,142.4,22.2,0.0,False,Warm (19–23°C),2025-07-07 11:29:00,0,8
2025-07-05,9,No.3 Court,Gate_4,Queue Ticket,General,0,UK,0,False,137.5,26.0,0.0,True,Hot (>23°C),2025-07-05 12:04:00,0,6
2025-07-08,11,Court 7,Gate_4,Grounds Pass,General,1,USA,1,False,24.0,12.1,0.0,False,Cold (<15°C),2025-07-08 11:32:00,0,9
2025-07-13,11,No.1 Court,Gate_5,Queue Ticket,General,0,USA,1,True,112.9,20.9,0.0,False,Warm (19–23°C),2025-07-13 13:09:00,0,14
2025-07-10,10,Court 7,Gate_3,Centre Court Debenture,Premium,5,UK,0,True,15.3,24.9,0.0,False,Hot (>23°C),2025-07-10 11:13:00,0,11
2025-07-05,11,No.2 Court,Gate_8,Grounds Pass,General,1,USA,1,False,78.1,25.0,11.35,True,Hot (>23°C),2025-07-05 12:21:00,0,6
2025-07-07,10,Court 18,Gate_1,Centre Court,Premium,4,UK,0,False,69.1,24.1,0.0,False,Hot (>23°C),2025-07-07 11:17:00,0,8
2025-07-11,10,Court 4,Gate_6,No.1 Court,Reserved,3,Other,1,True,71.0,19.9,0.0,False,Warm (19–23°C),2025-07-11 11:49:00,0,12
2025-07-11,10,Court 7,Gate_6,Grounds Pass,General,1,Other,1,True,61.8,19.9,0.0,False,Warm (19–23°C),2025-07-11 11:02:00,0,12
2025-07-01,11,No.1 Court,Gate_7,No.1 Court,Reserved,3,Other,1,True,73.1,20.6,0.76,True,Warm (19–23°C),2025-07-01 13:00:00,0,2
2025-07-12,11,Centre Court,Gate_6,No.2 Court,Reserved,2,USA,1,True,104.4,27.4,0.06,True,Hot (>23°C),2025-07-12 13:00:00,0,13
2025-07-01,11,Centre Court,Gate_4,Queue Ticket,General,0,Switzerland,1,False,112.2,20.6,0.76,True,Warm (19–23°C),2025-07-01 13:13:00,0,2
2025-07-01,10,No.2 Court,Gate_5,Centre Court,Premium,4,UK,0,False,114.1,19.4,0.0,True,Warm (19–23°C),2025-07-01 12:04:00,0,2
2025-07-07,12,No.1 Court,Gate_1,Grounds Pass,General,1,UK,0,True,53.8,21.4,0.0,False,Warm (19–23°C),2025-07-07 13:02:00,0,8
2025-07-01,10,No.3 Court,Gate_8,No.2 Court,Reserved,2,UK,0,False,130.7,19.4,0.0,True,Warm (19–23°C),2025-07-01 12:22:00,0,2
2025-07-12,10,Court 5,Gate_6,Centre Court Debenture,Premium,5,Australia,1,True,73.2,27.2,0.0,True,Hot (>23°C),2025-07-12 11:34:00,0,13
2025-07-04,10,Court 4,Gate_2,Grounds Pass,General,1,Other,1,True,106.4,21.2,0.0,False,Warm (19–23°C),2025-07-04 11:51:00,105,5
2025-07-03,9,Court 8,Gate_6,No.1 Court,Reserved,3,UK,0,False,81.6,17.0,0.0,False,Cool (15–19°C),2025-07-03 11:04:00,0,4
2025-07-04,10,Court 4,Gate_8,Centre Court,Premium,4,UK,0,True,68.4,21.2,0.0,False,Warm (19–23°C),2025-07-04 11:51:00,105,5
2025-07-10,11,Court 7,Gate_1,Centre Court Debenture,Premium,5,UK,0,True,5.0,23.8,0.0,False,Hot (>23°C),2025-07-10 11:13:00,0,11
2025-07-09,11,No.3 Court,Gate_2,Grounds Pass,General,1,USA,1,False,78.7,23.2,0.8,True,Hot (>23°C),2025-07-09 12:21:00,0,10
2025-07-01,10,No.1 Court,Gate_7,Queue Ticket,General,0,Germany,1,False,127.9,19.4,0.0,True,Warm (19–23°C),2025-07-01 13:00:00,0,2
2025-07-01,10,No.2 Court,Gate_2,No.2 Court,Reserved,2,UK,0,False,117.9,19.4,0.0,True,Warm (19–23°C),2025-07-01 12:04:00,0,2
2025-07-11,10,Court 4,Gate_8,Queue Ticket,General,0,Spain,1,True,101.2,19.9,0.0,False,Warm (19–23°C),2025-07-11 11:49:00,0,12
2025-07-06,12,Centre Court,Gate_6,No.1 Court,Reserved,3,UK,0,True,64.5,14.8,0.0,False,Cold (<15°C),2025-07-06 13:06:00,0,7
2025-07-05,11,No.3 Court,Gate_2,No.1 Court,Reserved,3,Australia,1,True,51.8,25.0,11.35,True,Hot (>23°C),2025-07-05 12:04:00,0,6
2025-07-07,10,Court 6,Gate_4,No.1 Court,Reserved,3,USA,1,False,62.1,24.1,0.0,False,Hot (>23°C),2025-07-07 11:10:00,0,8
2025-07-03,12,No.1 Court,Gate_4,No.1 Court,Reserved,3,Other,1,False,53.4,20.5,0.0,False,Warm (19–23°C),2025-07-03 13:11:00,0,4
2025-07-06,10,No.2 Court,Gate_4,Grounds Pass,General,1,UK,0,True,98.7,15.5,0.0,False,Cool (15–19°C),2025-07-06 12:07:00,0,7
2025-07-06,11,Court 18,Gate_3,Centre Court Debenture,Premium,5,USA,1,False,6.7,14.2,0.0,False,Cold (<15°C),2025-07-06 11:29:00,0,7
2025-07-11,9,Court 6,Gate_8,Grounds Pass,General,1,UK,0,True,100.1,19.8,0.0,False,Warm (19–23°C),2025-07-11 11:10:00,0,12
2025-07-10,9,Court 4,Gate_1,Queue Ticket,General,0,Germany,1,True,81.5,26.4,0.0,False,Hot (>23°C),2025-07-10 11:02:00,0,11
2025-07-09,11,Centre Court,Gate_4,No.2 Court,Reserved,2,Germany,1,True,69.0,23.2,0.8,True,Hot (>23°C),2025-07-09 13:02:00,0,10
2025-07-06,11,No.1 Court,Gate_3,Queue Ticket,General,0,USA,1,True,113.1,14.2,0.0,False,Cold (<15°C),2025-07-06 13:03:00,0,7
2025-07-01,11,No.1 Court,Gate_7,Queue Ticket,General,0,USA,1,True,112.3,20.6,0.76,True,Warm (19–23°C),2025-07-01 13:00:00,0,2
2025-07-13,9,Court 4,Gate_3,Grounds Pass,General,1,UK,0,True,110.7,20.3,0.0,False,Warm (19–23°C),2025-07-13 11:33:00,92,14
2025-07-10,9,Court 4,Gate_2,Queue Ticket,General,0,Switzerland,1,False,91.7,26.4,0.0,False,Hot (>23°C),2025-07-10 11:02:00,0,11
2025-07-02,9,Court 6,Gate_8,Grounds Pass,General,1,UK,0,True,90.2,25.2,0.0,False,Hot (>23°C),2025-07-02 11:05:00,0,3
2025-07-04,10,Court 5,Gate_4,Centre Court,Premium,4,UK,0,True,36.4,21.2,0.0,False,Warm (19–23°C),2025-07-04 11:16:00,0,5
2025-07-07,9,Court 4,Gate_8,Queue Ticket,General,0,France,1,True,101.7,22.2,0.0,False,Warm (19–23°C),2025-07-07 11:29:00,0,8
2025-07-11,11,Centre Court,Gate_8,Grounds Pass,General,1,USA,1,True,104.2,19.3,0.0,False,Warm (19–23°C),2025-07-11 13:13:00,0,12
2025-07-09,8,Court 7,Gate_1,Queue Ticket,General,0,UK,0,True,148.0,22.8,0.0,True,Warm (19–23°C),2025-07-09 11:02:00,0,10
2025-07-08,9,Court 5,Gate_5,Queue Ticket,General,0,UK,0,True,101.8,14.1,0.0,False,Cold (<15°C),2025-07-08 11:32:00,0,9
2025-07-02,10,Court 7,Gate_8,Grounds Pass,General,1,USA,1,True,57.9,27.9,0.0,False,Hot (>23°C),2025-07-02 11:18:00,0,3
2025-07-05,9,Court 7,Gate_5,Grounds Pass,General,1,UK,0,False,117.9,26.0,0.0,True,Hot (>23°C),2025-07-05 11:18:00,0,6
2025-07-08,9,Court 7,Gate_6,Queue Ticket,General,0,Japan,1,False,108.6,14.1,0.0,False,Cold (<15°C),2025-07-08 11:32:00,0,9
2025-07-10,12,Centre Court,Gate_6,Queue Ticket,General,0,UK,0,True,57.2,24.1,0.0,False,Hot (>23°C),2025-07-10 13:14:00,0,11
2025-07-07,12,Centre Court,Gate_1,Grounds Pass,General,1,USA,1,True,45.2,21.4,0.0,False,Warm (19–23°C),2025-07-07 13:10:00,0,8
2025-07-13,10,Court 4,Gate_1,Grounds Pass,General,1,USA,1,True,64.1,19.2,0.0,False,Warm (19–23°C),2025-07-13 11:33:00,92,14
2025-07-05,9,Court 4,Gate_3,Grounds Pass,General,1,UK,0,False,92.0,26.0,0.0,True,Hot (>23°C),2025-07-05 11:29:00,0,6
2025-07-03,11,Centre Court,Gate_8,No.1 Court,Reserved,3,UK,0,True,96.4,20.3,0.0,False,Warm (19–23°C),2025-07-03 13:02:00,0,4
2025-07-13,10,Centre Court,Gate_5,Queue Ticket,General,0,UK,0,False,144.0,19.2,0.0,False,Warm (19–23°C),2025-07-13 13:07:00,0,14
2025-07-07,11,No.3 Court,Gate_1,Queue Ticket,General,0,USA,1,False,71.6,21.4,0.0,False,Warm (19–23°C),2025-07-07 12:12:00,37,8
2025-07-11,11,No.1 Court,Gate_8,Queue Ticket,General,0,USA,1,False,89.5,19.3,0.0,False,Warm (19–23°C),2025-07-11 13:01:00,0,12
2025-07-13,11,No.1 Court,Gate_6,No.1 Court,Reserved,3,UK,0,True,77.4,20.9,0.0,False,Warm (19–23°C),2025-07-13 13:09:00,0,14
2025-07-09,11,No.1 Court,Gate_2,Grounds Pass,General,1,USA,1,True,113.5,23.2,0.8,True,Hot (>23°C),2025-07-09 13:09:00,0,10
2025-07-04,11,No.1 Court,Gate_3,No.2 Court,Reserved,2,UK,0,True,102.2,20.4,0.0,False,Warm (19–23°C),2025-07-04 13:05:00,0,5
2025-07-06,10,No.3 Court,Gate_6,Queue Ticket,General,0,Canada,1,True,114.9,15.5,0.0,False,Cool (15–19°C),2025-07-06 12:21:00,0,7
2025-07-08,9,Court 8,Gate_3,No.2 Court,Reserved,2,UK,0,True,97.6,14.1,0.0,False,Cold (<15°C),2025-07-08 11:31:00,56,9
2025-07-13,9,Court 5,Gate_1,Queue Ticket,General,0,Australia,1,True,90.1,20.3,0.0,False,Warm (19–23°C),2025-07-13 11:08:00,0,14
2025-07-07,9,Court 7,Gate_1,Queue Ticket,General,0,UK,0,True,115.8,22.2,0.0,False,Warm (19–23°C),2025-07-07 11:35:00,0,8
2025-06-30,10,Court 12,Gate_8,Queue Ticket,General,0,Germany,1,True,77.9,17.2,0.0,False,Cool (15–19°C),2025-06-30 11:32:00,0,1
2025-07-08,10,Court 6,Gate_6,No.1 Court,Reserved,3,USA,1,True,29.4,15.6,0.0,False,Cool (15–19°C),2025-07-08 11:28:00,0,9
2025-07-09,9,Court 4,Gate_6,Grounds Pass,General,1,Other,1,True,135.5,23.5,0.0,True,Hot (>23°C),2025-07-09 11:43:00,81,10
2025-06-30,9,Court 12,Gate_8,Queue Ticket,General,0,Germany,1,True,121.0,18.3,0.0,False,Cool (15–19°C),2025-06-30 11:32:00,0,1
2025-07-02,11,Centre Court,Gate_2,Queue Ticket,General,0,UK,0,True,91.5,26.8,0.0,False,Hot (>23°C),2025-07-02 13:01:00,0,3
2025-07-01,10,No.2 Court,Gate_7,Grounds Pass,General,1,UK,0,False,108.4,19.4,0.0,True,Warm (19–23°C),2025-07-01 12:04:00,0,2
2025-07-04,10,Court 4,Gate_5,No.2 Court,Reserved,2,Australia,1,False,74.6,21.2,0.0,False,Warm (19–23°C),2025-07-04 11:51:00,105,5
2025-07-06,11,No.3 Court,Gate_1,Grounds Pass,General,1,Other,1,False,78.8,14.2,0.0,False,Cold (<15°C),2025-07-06 12:21:00,0,7
2025-07-02,9,Court 6,Gate_4,Queue Ticket,General,0,USA,1,True,84.6,25.2,0.0,False,Hot (>23°C),2025-07-02 11:05:00,0,3
2025-07-05,10,No.1 Court,Gate_3,Queue Ticket,General,0,Japan,1,False,124.3,23.2,0.0,True,Hot (>23°C),2025-07-05 13:01:00,0,6
2025-06-30,12,Centre Court,Gate_5,Grounds Pass,General,1,Spain,1,False,53.3,17.4,0.0,False,Cool (15–19°C),2025-06-30 13:01:00,0,1
2025-07-05,11,No.1 Court,Gate_7,Centre Court,Premium,4,Australia,1,True,73.2,25.0,11.35,True,Hot (>23°C),2025-07-05 13:01:00,0,6
2025-07-06,10,No.3 Court,Gate_5,Queue Ticket,General,0,Australia,1,True,82.8,15.5,0.0,False,Cool (15–19°C),2025-07-06 12:21:00,0,7
2025-07-05,12,No.1 Court,Gate_2,Centre Court Debenture,Premium,5,USA,1,True,49.8,24.5,2.94,True,Hot (>23°C),2025-07-05 13:01:00,0,6
2025-07-04,11,No.3 Court,Gate_7,Grounds Pass,General,1,UK,0,False,84.0,20.4,0.0,False,Warm (19–23°C),2025-07-04 12:29:00,0,5
2025-07-04,12,Centre Court,Gate_3,No.2 Court,Reserved,2,Other,1,True,40.5,21.9,0.0,False,Warm (19–23°C),2025-07-04 13:08:00,0,5
2025-07-01,10,No.2 Court,Gate_3,Centre Court Debenture,Premium,5,UK,0,True,64.6,19.4,0.0,True,Warm (19–23°C),2025-07-01 12:04:00,0,2
2025-07-07,10,Court 18,Gate_3,Grounds Pass,General,1,UK,0,True,69.2,24.1,0.0,False,Hot (>23°C),2025-07-07 11:17:00,0,8
2025-07-05,9,Court 7,Gate_7,Queue Ticket,General,0,UK,0,False,113.5,26.0,0.0,True,Hot (>23°C),2025-07-05 11:18:00,0,6
2025-07-06,9,Court 5,Gate_7,Queue Ticket,General,0,UK,0,True,123.2,11.9,0.0,False,Cold (<15°C),2025-07-06 11:05:00,0,7
2025-07-01,10,Court 12,Gate_2,Centre Court,Premium,4,Australia,1,False,50.4,19.4,0.0,True,Warm (19–23°C),2025-07-01 11:21:00,0,2
2025-07-07,11,Centre Court,Gate_4,Queue Ticket,General,0,Australia,1,False,98.6,21.4,0.0,False,Warm (19–23°C),2025-07-07 13:10:00,0,8
2025-07-01,9,Court 4,Gate_1,Queue Ticket,General,0,France,1,False,137.4,18.5,0.0,True,Cool (15–19°C),2025-07-01 11:26:00,0,2
2025-07-11,10,No.3 Court,Gate_3,Grounds Pass,General,1,UK,0,True,96.6,19.9,0.0,False,Warm (19–23°C),2025-07-11 12:28:00,26,12
2025-07-04,10,Court 6,Gate_8,Grounds Pass,General,1,Other,1,False,64.3,21.2,0.0,False,Warm (19–23°C),2025-07-04 11:26:00,0,5
2025-06-30,11,Centre Court,Gate_5,Queue Ticket,General,0,UK,0,True,70.0,17.8,0.0,False,Cool (15–19°C),2025-06-30 13:01:00,0,1
2025-07-08,11,No.1 Court,Gate_3,No.2 Court,Reserved,2,UK,0,True,91.8,12.1,0.0,False,Cold (<15°C),2025-07-08 13:07:00,0,9
2025-06-30,9,Court 18,Gate_7,Queue Ticket,General,0,Australia,1,False,116.8,18.3,0.0,False,Cool (15–19°C),2025-06-30 11:26:00,0,1
2025-07-05,10,Court 5,Gate_6,Centre Court,Premium,4,UK,0,True,55.6,23.2,0.0,True,Hot (>23°C),2025-07-05 11:41:00,0,6
2025-07-13,10,Court 18,Gate_1,No.2 Court,Reserved,2,UK,0,False,87.3,19.2,0.0,False,Warm (19–23°C),2025-07-13 11:50:00,21,14
2025-07-03,10,Court 4,Gate_5,Queue Ticket,General,0,Japan,1,True,101.0,19.8,0.0,False,Warm (19–23°C),2025-07-03 11:46:00,0,4
2025-07-07,12,Centre Court,Gate_4,No.1 Court,Reserved,3,UK,0,True,51.4,21.4,0.0,False,Warm (19–23°C),2025-07-07 13:10:00,0,8
2025-06-30,11,Centre Court,Gate_3,Queue Ticket,General,0,Switzerland,1,True,103.6,17.8,0.0,False,Cool (15–19°C),2025-06-30 13:01:00,0,1
2025-07-01,10,Court 18,Gate_4,Grounds Pass,General,1,USA,1,True,98.9,19.4,0.0,True,Warm (19–23°C),2025-07-01 11:58:00,0,2
2025-07-09,9,Court 5,Gate_4,Queue Ticket,General,0,UK,0,False,120.2,23.5,0.0,True,Hot (>23°C),2025-07-09 11:54:00,0,10
2025-07-03,11,Centre Court,Gate_1,Centre Court Debenture,Premium,5,UK,0,True,85.4,20.3,0.0,False,Warm (19–23°C),2025-07-03 13:02:00,0,4
2025-07-08,10,Court 4,Gate_1,No.1 Court,Reserved,3,UK,0,False,77.4,15.6,0.0,False,Cool (15–19°C),2025-07-08 11:29:00,0,9
2025-07-01,11,No.1 Court,Gate_7,Queue Ticket,General,0,Other,1,True,106.4,20.6,0.76,True,Warm (19–23°C),2025-07-01 13:00:00,0,2
2025-07-11,9,Court 6,Gate_1,No.1 Court,Reserved,3,UK,0,True,70.7,19.8,0.0,False,Warm (19–23°C),2025-07-11 11:10:00,0,12
2025-07-11,12,No.1 Court,Gate_6,No.1 Court,Reserved,3,Germany,1,True,42.8,19.8,0.0,False,Warm (19–23°C),2025-07-11 13:01:00,0,12
2025-07-09,11,Centre Court,Gate_5,No.2 Court,Reserved,2,France,1,True,77.8,23.2,0.8,True,Hot (>23°C),2025-07-09 13:02:00,0,10
2025-07-02,9,Court 12,Gate_8,Queue Ticket,General,0,UK,0,True,91.8,25.2,0.0,False,Hot (>23°C),2025-07-02 11:23:00,0,3
2025-06-30,9,Court 6,Gate_3,Grounds Pass,General,1,UK,0,True,106.6,18.3,0.0,False,Cool (15–19°C),2025-06-30 11:07:00,0,1
2025-07-13,11,Centre Court,Gate_5,No.2 Court,Reserved,2,Other,1,True,97.3,20.9,0.0,False,Warm (19–23°C),2025-07-13 13:07:00,0,14
2025-07-11,10,Court 5,Gate_8,No.2 Court,Reserved,2,UK,0,True,92.8,19.9,0.0,False,Warm (19–23°C),2025-07-11 11:44:00,0,12
2025-07-10,10,Court 6,Gate_6,Queue Ticket,General,0,UK,0,True,58.5,24.9,0.0,False,Hot (>23°C),2025-07-10 11:53:00,0,11
2025-07-03,9,Court 18,Gate_6,Grounds Pass,General,1,UK,0,True,90.4,17.0,0.0,False,Cool (15–19°C),2025-07-03 11:05:00,0,4
2025-07-11,9,Court 18,Gate_2,Grounds Pass,General,1,UK,0,False,140.3,19.8,0.0,False,Warm (19–23°C),2025-07-11 11:58:00,113,12
2025-07-07,12,Centre Court,Gate_8,Centre Court,Premium,4,UK,0,False,44.5,21.4,0.0,False,Warm (19–23°C),2025-07-07 13:10:00,0,8
2025-07-09,11,No.1 Court,Gate_2,No.1 Court,Reserved,3,Spain,1,False,86.7,23.2,0.8,True,Hot (>23°C),2025-07-09 13:09:00,0,10
2025-07-10,10,No.3 Court,Gate_8,Queue Ticket,General,0,UK,0,True,107.9,24.9,0.0,False,Hot (>23°C),2025-07-10 12:15:00,0,11
2025-07-10,10,No.2 Court,Gate_5,No.1 Court,Reserved,3,UK,0,False,98.5,24.9,0.0,False,Hot (>23°C),2025-07-10 12:07:00,0,11
2025-07-06,9,Court 12,Gate_5,Grounds Pass,General,1,Other,1,True,79.9,11.9,0.0,False,Cold (<15°C),2025-07-06 11:10:00,0,7
2025-07-11,11,No.1 Court,Gate_1,No.2 Court,Reserved,2,USA,1,False,99.6,19.3,0.0,False,Warm (19–23°C),2025-07-11 13:01:00,0,12
2025-07-05,11,Centre Court,Gate_2,Queue Ticket,General,0,Australia,1,True,120.9,25.0,11.35,True,Hot (>23°C),2025-07-05 13:01:00,0,6
2025-07-12,11,Centre Court,Gate_3,No.2 Court,Reserved,2,USA,1,True,100.5,27.4,0.06,True,Hot (>23°C),2025-07-12 13:00:00,0,13
2025-07-09,10,No.3 Court,Gate_6,Queue Ticket,General,0,USA,1,True,118.9,22.9,0.0,True,Warm (19–23°C),2025-07-09 12:21:00,0,10
2025-07-07,9,Court 4,Gate_7,Grounds Pass,General,1,UK,0,False,96.3,22.2,0.0,False,Warm (19–23°C),2025-07-07 11:29:00,0,8
2025-07-12,9,Court 4,Gate_8,Queue Ticket,General,0,UK,0,False,109.8,25.3,0.0,True,Hot (>23°C),2025-07-12 11:45:00,0,13
2025-07-11,11,Court 18,Gate_4,No.2 Court,Reserved,2,USA,1,False,44.8,19.3,0.0,False,Warm (19–23°C),2025-07-11 11:58:00,113,12
2025-07-06,12,Centre Court,Gate_6,No.2 Court,Reserved,2,UK,0,False,61.0,14.8,0.0,False,Cold (<15°C),2025-07-06 13:06:00,0,7
2025-07-11,10,Court 5,Gate_8,No.1 Court,Reserved,3,UK,0,False,74.2,19.9,0.0,False,Warm (19–23°C),2025-07-11 11:44:00,0,12
2025-07-10,11,No.1 Court,Gate_6,Queue Ticket,General,0,UK,0,True,116.8,23.8,0.0,False,Hot (>23°C),2025-07-10 13:13:00,0,11
2025-07-07,10,Court 6,Gate_8,No.2 Court,Reserved,2,Other,1,False,52.0,24.1,0.0,False,Hot (>23°C),2025-07-07 11:10:00,0,8
2025-07-07,9,Court 4,Gate_8,Grounds Pass,General,1,Australia,1,False,89.7,22.2,0.0,False,Warm (19–23°C),2025-07-07 11:29:00,0,8
2025-07-11,10,Court 12,Gate_3,Grounds Pass,General,1,UK,0,False,39.1,19.9,0.0,False,Warm (19–23°C),2025-07-11 11:19:00,0,12
2025-07-09,10,Court 12,Gate_4,No.2 Court,Reserved,2,France,1,False,103.1,22.9,0.0,True,Warm (19–23°C),2025-07-09 11:49:00,0,10
2025-07-02,10,Court 5,Gate_4,Grounds Pass,General,1,UK,0,True,76.1,27.9,0.0,False,Hot (>23°C),2025-07-02 11:26:00,0,3
2025-06-30,10,Centre Court,Gate_1,No.2 Court,Reserved,2,UK,0,True,125.4,17.2,0.0,False,Cool (15–19°C),2025-06-30 13:01:00,0,1
2025-07-01,10,Centre Court,Gate_3,No.1 Court,Reserved,3,UK,0,True,150.2,19.4,0.0,True,Warm (19–23°C),2025-07-01 13:13:00,0,2
2025-07-09,9,Court 6,Gate_5,No.2 Court,Reserved,2,Other,1,False,95.3,23.5,0.0,True,Hot (>23°C),2025-07-09 11:14:00,0,10
2025-07-02,11,No.2 Court,Gate_4,Centre Court,Premium,4,France,1,False,24.2,26.8,0.0,False,Hot (>23°C),2025-07-02 12:20:00,0,3
2025-07-04,10,No.3 Court,Gate_1,Queue Ticket,General,0,Other,1,True,101.5,21.2,0.0,False,Warm (19–23°C),2025-07-04 12:29:00,0,5
2025-07-10,9,Court 12,Gate_1,Queue Ticket,General,0,UK,0,False,81.8,26.4,0.0,False,Hot (>23°C),2025-07-10 11:01:00,0,11
2025-07-10,11,No.1 Court,Gate_5,Queue Ticket,General,0,Australia,1,True,101.9,23.8,0.0,False,Hot (>23°C),2025-07-10 13:13:00,0,11
2025-07-06,11,Centre Court,Gate_1,Queue Ticket,General,0,UK,0,True,102.4,14.2,0.0,False,Cold (<15°C),2025-07-06 13:06:00,0,7
2025-07-04,11,Centre Court,Gate_5,No.1 Court,Reserved,3,UK,0,True,120.1,20.4,0.0,False,Warm (19–23°C),2025-07-04 13:08:00,0,5
2025-07-04,12,No.1 Court,Gate_1,Centre Court Debenture,Premium,5,Germany,1,True,30.5,21.9,0.0,False,Warm (19–23°C),2025-07-04 13:05:00,0,5
2025-07-12,10,Centre Court,Gate_6,Queue Ticket,General,0,UK,0,True,132.2,27.2,0.0,True,Hot (>23°C),2025-07-12 13:00:00,0,13
2025-07-09,11,No.1 Court,Gate_6,No.2 Court,Reserved,2,UK,0,False,82.5,23.2,0.8,True,Hot (>23°C),2025-07-09 13:09:00,0,10
2025-06-30,11,Centre Court,Gate_8,No.1 Court,Reserved,3,USA,1,True,61.8,17.8,0.0,False,Cool (15–19°C),2025-06-30 13:01:00,0,1
2025-07-03,10,Court 5,Gate_5,No.1 Court,Reserved,3,USA,1,True,31.3,19.8,0.0,False,Warm (19–23°C),2025-07-03 11:02:00,33,4
2025-07-01,10,No.2 Court,Gate_4,No.2 Court,Reserved,2,Other,1,False,108.8,19.4,0.0,True,Warm (19–23°C),2025-07-01 12:04:00,0,2
2025-07-10,11,Centre Court,Gate_6,Grounds Pass,General,1,UK,0,True,110.5,23.8,0.0,False,Hot (>23°C),2025-07-10 13:14:00,0,11
2025-07-11,12,No.3 Court,Gate_4,No.1 Court,Reserved,3,UK,0,True,20.8,19.8,0.0,False,Warm (19–23°C),2025-07-11 12:28:00,26,12
2025-07-11,12,Centre Court,Gate_8,Centre Court Debenture,Premium,5,USA,1,False,26.8,19.8,0.0,False,Warm (19–23°C),2025-07-11 13:13:00,0,12
2025-07-07,10,Court 8,Gate_6,Queue Ticket,General,0,UK,0,False,112.1,24.1,0.0,False,Hot (>23°C),2025-07-07 11:59:00,0,8
2025-07-11,10,No.2 Court,Gate_3,No.2 Court,Reserved,2,UK,0,False,108.1,19.9,0.0,False,Warm (19–23°C),2025-07-11 12:00:00,0,12
2025-07-06,11,Centre Court,Gate_4,Queue Ticket,General,0,UK,0,True,90.8,14.2,0.0,False,Cold (<15°C),2025-07-06 13:06:00,0,7
2025-07-12,10,Court 7,Gate_4,No.1 Court,Reserved,3,Australia,1,True,92.3,27.2,0.0,True,Hot (>23°C),2025-07-12 11:42:00,63,13
2025-06-30,9,Court 6,Gate_1,Queue Ticket,General,0,Canada,1,False,68.8,18.3,0.0,False,Cool (15–19°C),2025-06-30 11:07:00,0,1
2025-07-11,10,No.1 Court,Gate_8,Queue Ticket,General,0,Switzerland,1,True,129.6,19.9,0.0,False,Warm (19–23°C),2025-07-11 13:01:00,0,12
2025-07-10,11,No.2 Court,Gate_4,No.1 Court,Reserved,3,UK,0,True,51.4,23.8,0.0,False,Hot (>23°C),2025-07-10 12:07:00,0,11
2025-07-02,11,Centre Court,Gate_8,Queue Ticket,General,0,Germany,1,False,114.4,26.8,0.0,False,Hot (>23°C),2025-07-02 13:01:00,0,3
2025-07-06,10,Court 8,Gate_1,Grounds Pass,General,1,Australia,1,False,58.9,15.5,0.0,False,Cool (15–19°C),2025-07-06 11:32:00,0,7
2025-07-09,9,Court 8,Gate_5,Grounds Pass,General,1,UK,0,True,124.8,23.5,0.0,True,Hot (>23°C),2025-07-09 11:18:00,0,10
2025-06-30,10,Court 7,Gate_4,Queue Ticket,General,0,Germany,1,True,67.5,17.2,0.0,False,Cool (15–19°C),2025-06-30 11:10:00,0,1
2025-07-12,10,No.3 Court,Gate_4,No.2 Court,Reserved,2,UK,0,True,84.4,27.2,0.0,True,Hot (>23°C),2025-07-12 12:15:00,0,13
2025-07-10,9,Court 4,Gate_8,Grounds Pass,General,1,UK,0,False,92.4,26.4,0.0,False,Hot (>23°C),2025-07-10 11:02:00,0,11
2025-07-12,8,Court 6,Gate_6,Queue Ticket,General,0,UK,0,False,140.9,24.7,0.0,True,Hot (>23°C),2025-07-12 11:01:00,0,13
2025-07-11,12,No.3 Court,Gate_4,Centre Court Debenture,Premium,5,Other,1,True,5.0,19.8,0.0,False,Warm (19–23°C),2025-07-11 12:28:00,26,12
2025-07-01,9,Court 4,Gate_5,No.2 Court,Reserved,2,France,1,True,117.8,18.5,0.0,True,Cool (15–19°C),2025-07-01 11:26:00,0,2
2025-07-04,11,No.3 Court,Gate_3,Grounds Pass,General,1,USA,1,True,63.2,20.4,0.0,False,Warm (19–23°C),2025-07-04 12:29:00,0,5
2025-07-02,11,No.1 Court,Gate_7,Grounds Pass,General,1,UK,0,True,83.8,26.8,0.0,False,Hot (>23°C),2025-07-02 13:07:00,0,3
2025-07-07,11,Centre Court,Gate_1,Queue Ticket,General,0,UK,0,False,101.6,21.4,0.0,False,Warm (19–23°C),2025-07-07 13:10:00,0,8
2025-07-02,10,Court 8,Gate_6,Queue Ticket,General,0,UK,0,False,97.2,27.9,0.0,False,Hot (>23°C),2025-07-02 11:50:00,0,3
2025-07-06,10,No.2 Court,Gate_8,Centre Court,Premium,4,Australia,1,True,73.7,15.5,0.0,False,Cool (15–19°C),2025-07-06 12:07:00,0,7
2025-07-01,9,Court 8,Gate_5,No.2 Court,Reserved,2,USA,1,True,89.9,18.5,0.0,True,Cool (15–19°C),2025-07-01 11:09:00,0,2
2025-06-30,11,Court 6,Gate_7,Centre Court Debenture,Premium,5,Japan,1,True,5.0,17.8,0.0,False,Cool (15–19°C),2025-06-30 11:07:00,0,1
2025-07-10,11,No.3 Court,Gate_3,Queue Ticket,General,0,Other,1,True,62.1,23.8,0.0,False,Hot (>23°C),2025-07-10 12:15:00,0,11
2025-07-10,12,No.1 Court,Gate_8,Grounds Pass,General,1,Switzerland,1,True,37.6,24.1,0.0,False,Hot (>23°C),2025-07-10 13:13:00,0,11
2025-07-08,9,Court 6,Gate_7,Queue Ticket,General,0,USA,1,True,99.3,14.1,0.0,False,Cold (<15°C),2025-07-08 11:28:00,0,9
2025-07-04,10,Court 4,Gate_5,Queue Ticket,General,0,USA,1,True,58.4,21.2,0.0,False,Warm (19–23°C),2025-07-04 11:51:00,105,5
2025-07-13,11,Centre Court,Gate_8,Grounds Pass,General,1,Spain,1,True,81.2,20.9,0.0,False,Warm (19–23°C),2025-07-13 13:07:00,0,14
2025-07-05,11,Centre Court,Gate_2,Grounds Pass,General,1,UK,0,True,115.9,25.0,11.35,True,Hot (>23°C),2025-07-05 13:01:00,0,6
2025-07-13,11,Centre Court,Gate_5,Queue Ticket,General,0,UK,0,False,122.6,20.9,0.0,False,Warm (19–23°C),2025-07-13 13:07:00,0,14
2025-07-03,10,Court 4,Gate_4,Grounds Pass,General,1,Australia,1,False,89.3,19.8,0.0,False,Warm (19–23°C),2025-07-03 11:46:00,0,4
2025-07-01,9,Court 4,Gate_4,No.1 Court,Reserved,3,Japan,1,True,89.4,18.5,0.0,True,Cool (15–19°C),2025-07-01 11:26:00,0,2
2025-07-02,10,Court 8,Gate_3,Queue Ticket,General,0,UK,0,False,82.5,27.9,0.0,False,Hot (>23°C),2025-07-02 11:50:00,0,3
2025-07-10,9,Court 7,Gate_4,Grounds Pass,General,1,UK,0,True,77.2,26.4,0.0,False,Hot (>23°C),2025-07-10 11:13:00,0,11
2025-07-08,9,Court 4,Gate_7,Grounds Pass,General,1,France,1,False,91.6,14.1,0.0,False,Cold (<15°C),2025-07-08 11:29:00,0,9
2025-07-12,9,No.2 Court,Gate_8,Queue Ticket,General,0,France,1,False,136.6,25.3,0.0,True,Hot (>23°C),2025-07-12 12:03:00,49,13
2025-07-04,10,Court 7,Gate_8,Queue Ticket,General,0,UK,0,True,85.1,21.2,0.0,False,Warm (19–23°C),2025-07-04 11:39:00,0,5
2025-07-03,11,No.3 Court,Gate_7,Grounds Pass,General,1,Australia,1,True,58.1,20.3,0.0,False,Warm (19–23°C),2025-07-03 12:08:00,0,4
2025-07-05,9,Court 12,Gate_1,Centre Court,Premium,4,Canada,1,True,94.7,26.0,0.0,True,Hot (>23°C),2025-07-05 11:20:00,0,6
2025-07-03,10,Centre Court,Gate_1,Queue Ticket,General,0,Japan,1,True,131.7,19.8,0.0,False,Warm (19–23°C),2025-07-03 13:02:00,0,4
2025-07-05,11,Centre Court,Gate_8,Grounds Pass,General,1,USA,1,True,83.1,25.0,11.35,True,Hot (>23°C),2025-07-05 13:01:00,0,6
2025-07-04,9,Court 7,Gate_1,Grounds Pass,General,1,UK,0,True,105.3,21.9,0.0,False,Warm (19–23°C),2025-07-04 11:39:00,0,5
2025-07-12,10,No.2 Court,Gate_4,Grounds Pass,General,1,USA,1,True,87.9,27.2,0.0,True,Hot (>23°C),2025-07-12 12:03:00,49,13
2025-07-02,9,Court 6,Gate_2,Queue Ticket,General,0,Australia,1,True,74.9,25.2,0.0,False,Hot (>23°C),2025-07-02 11:05:00,0,3
2025-07-02,12,No.1 Court,Gate_4,Centre Court Debenture,Premium,5,UK,0,True,44.6,27.1,0.0,False,Hot (>23°C),2025-07-02 13:07:00,0,3
2025-07-08,10,Court 5,Gate_3,No.2 Court,Reserved,2,UK,0,True,88.6,15.6,0.0,False,Cool (15–19°C),2025-07-08 11:32:00,0,9
2025-07-03,10,Court 18,Gate_3,Grounds Pass,General,1,UK,0,True,52.7,19.8,0.0,False,Warm (19–23°C),2025-07-03 11:05:00,0,4
2025-07-10,13,Centre Court,Gate_1,Centre Court,Premium,4,Australia,1,False,5.0,23.0,0.0,False,Warm (19–23°C),2025-07-10 13:14:00,0,11
2025-07-05,10,Court 12,Gate_2,Centre Court,Premium,4,Switzerland,1,True,67.4,23.2,0.0,True,Hot (>23°C),2025-07-05 11:20:00,0,6
2025-07-04,9,Court 6,Gate_6,Queue Ticket,General,0,France,1,True,110.8,21.9,0.0,False,Warm (19–23°C),2025-07-04 11:26:00,0,5
2025-07-04,11,No.3 Court,Gate_1,Grounds Pass,General,1,Australia,1,False,61.7,20.4,0.0,False,Warm (19–23°C),2025-07-04 12:29:00,0,5
2025-07-04,9,Court 6,Gate_3,Queue Ticket,General,0,Australia,1,True,96.7,21.9,0.0,False,Warm (19–23°C),2025-07-04 11:26:00,0,5
2025-07-09,11,Centre Court,Gate_5,No.2 Court,Reserved,2,UK,0,True,118.4,23.2,0.8,True,Hot (>23°C),2025-07-09 13:02:00,0,10
2025-07-03,10,Court 7,Gate_5,Grounds Pass,General,1,UK,0,True,66.1,19.8,0.0,False,Warm (19–23°C),2025-07-03 11:40:00,0,4
2025-07-10,10,Court 8,Gate_8,Queue Ticket,General,0,Australia,1,True,78.6,24.9,0.0,False,Hot (>23°C),2025-07-10 11:53:00,0,11
2025-07-02,11,No.3 Court,Gate_1,Queue Ticket,General,0,France,1,False,43.2,26.8,0.0,False,Hot (>23°C),2025-07-02 12:14:00,0,3
2025-07-12,12,Centre Court,Gate_8,Centre Court Debenture,Premium,5,France,1,False,54.2,25.1,0.95,True,Hot (>23°C),2025-07-12 13:00:00,0,13
2025-07-05,9,Court 5,Gate_6,No.1 Court,Reserved,3,UK,0,True,102.9,26.0,0.0,True,Hot (>23°C),2025-07-05 11:41:00,0,6
2025-07-04,11,No.2 Court,Gate_6,Centre Court Debenture,Premium,5,UK,0,True,37.6,20.4,0.0,False,Warm (19–23°C),2025-07-04 12:13:00,0,5
2025-07-07,10,No.2 Court,Gate_4,No.1 Court,Reserved,3,UK,0,True,86.7,24.1,0.0,False,Hot (>23°C),2025-07-07 12:17:00,95,8
2025-07-12,10,No.3 Court,Gate_2,Queue Ticket,General,0,Japan,1,True,129.9,27.2,0.0,True,Hot (>23°C),2025-07-12 12:15:00,0,13
2025-07-07,10,No.1 Court,Gate_2,Grounds Pass,General,1,UK,0,True,122.4,24.1,0.0,False,Hot (>23°C),2025-07-07 13:02:00,0,8
2025-06-30,10,Court 4,Gate_2,No.2 Court,Reserved,2,Germany,1,False,69.7,17.2,0.0,False,Cool (15–19°C),2025-06-30 11:58:00,0,1
2025-07-08,10,No.2 Court,Gate_5,Grounds Pass,General,1,Other,1,True,101.0,15.6,0.0,False,Cool (15–19°C),2025-07-08 12:23:00,0,9
2025-07-04,11,No.2 Court,Gate_8,Queue Ticket,General,0,Other,1,True,45.3,20.4,0.0,False,Warm (19–23°C),2025-07-04 12:13:00,0,5
2025-07-07,9,Court 5,Gate_2,No.2 Court,Reserved,2,UK,0,True,99.8,22.2,0.0,False,Warm (19–23°C),2025-07-07 11:39:00,34,8
2025-07-02,12,No.2 Court,Gate_2,No.2 Court,Reserved,2,USA,1,True,19.7,27.1,0.0,False,Hot (>23°C),2025-07-02 12:20:00,0,3
2025-07-13,9,Court 8,Gate_5,Queue Ticket,General,0,Other,1,True,126.6,20.3,0.0,False,Warm (19–23°C),2025-07-13 11:44:00,0,14
2025-07-02,12,No.1 Court,Gate_8,No.2 Court,Reserved,2,UK,0,True,42.3,27.1,0.0,False,Hot (>23°C),2025-07-02 13:07:00,0,3
2025-07-02,10,Court 12,Gate_2,No.1 Court,Reserved,3,UK,0,True,61.2,27.9,0.0,False,Hot (>23°C),2025-07-02 11:23:00,0,3
2025-07-05,10,Court 8,Gate_1,Centre Court,Premium,4,France,1,True,67.5,23.2,0.0,True,Hot (>23°C),2025-07-05 11:57:00,28,6
2025-07-04,9,Court 18,Gate_6,Queue Ticket,General,0,UK,0,False,110.3,21.9,0.0,False,Warm (19–23°C),2025-07-04 11:19:00,36,5
2025-07-05,10,No.2 Court,Gate_1,Centre Court,Premium,4,UK,0,True,111.3,23.2,0.0,True,Hot (>23°C),2025-07-05 12:21:00,0,6
2025-07-09,10,Centre Court,Gate_8,Queue Ticket,General,0,Spain,1,False,122.8,22.9,0.0,True,Warm (19–23°C),2025-07-09 13:02:00,0,10
2025-07-13,11,Court 4,Gate_8,Centre Court Debenture,Premium,5,Australia,1,True,30.0,20.9,0.0,False,Warm (19–23°C),2025-07-13 11:33:00,92,14
2025-07-03,10,No.3 Court,Gate_5,Grounds Pass,General,1,UK,0,True,79.8,19.8,0.0,False,Warm (19–23°C),2025-07-03 12:08:00,0,4
2025-07-07,11,No.2 Court,Gate_7,Grounds Pass,General,1,UK,0,False,58.0,21.4,0.0,False,Warm (19–23°C),2025-07-07 12:17:00,95,8
2025-07-06,10,Court 18,Gate_1,Queue Ticket,General,0,Germany,1,True,84.0,15.5,0.0,False,Cool (15–19°C),2025-07-06 11:29:00,0,7
2025-07-10,11,Court 5,Gate_7,No.1 Court,Reserved,3,UK,0,False,5.9,23.8,0.0,False,Hot (>23°C),2025-07-10 11:09:00,0,11
2025-07-05,8,Court 12,Gate_1,Grounds Pass,General,1,USA,1,False,140.5,27.3,0.0,True,Hot (>23°C),2025-07-05 11:20:00,0,6
2025-07-07,10,No.3 Court,Gate_4,Queue Ticket,General,0,UK,0,True,114.9,24.1,0.0,False,Hot (>23°C),2025-07-07 12:12:00,37,8
2025-07-10,11,No.3 Court,Gate_3,Grounds Pass,General,1,UK,0,False,63.7,23.8,0.0,False,Hot (>23°C),2025-07-10 12:15:00,0,11
2025-07-07,11,No.2 Court,Gate_3,Centre Court,Premium,4,UK,0,True,59.3,21.4,0.0,False,Warm (19–23°C),2025-07-07 12:17:00,95,8
2025-07-08,10,No.3 Court,Gate_6,Grounds Pass,General,1,UK,0,False,95.4,15.6,0.0,False,Cool (15–19°C),2025-07-08 12:20:00,0,9
2025-07-06,10,Court 8,Gate_7,No.1 Court,Reserved,3,UK,0,True,76.7,15.5,0.0,False,Cool (15–19°C),2025-07-06 11:32:00,0,7
2025-07-09,10,No.2 Court,Gate_5,Grounds Pass,General,1,Spain,1,False,107.9,22.9,0.0,True,Warm (19–23°C),2025-07-09 12:20:00,0,10
2025-07-10,9,Court 7,Gate_5,Queue Ticket,General,0,Australia,1,False,75.0,26.4,0.0,False,Hot (>23°C),2025-07-10 11:13:00,0,11
2025-07-13,12,Centre Court,Gate_4,Centre Court,Premium,4,UK,0,True,62.2,18.2,0.0,False,Cool (15–19°C),2025-07-13 13:07:00,0,14
2025-07-01,9,Court 6,Gate_1,Centre Court,Premium,4,UK,0,True,127.8,18.5,0.0,True,Cool (15–19°C),2025-07-01 11:21:00,66,2
2025-07-08,12,Centre Court,Gate_5,No.2 Court,Reserved,2,Other,1,True,20.3,12.5,0.0,False,Cold (<15°C),2025-07-08 13:00:00,0,9
2025-07-12,10,Court 7,Gate_8,No.2 Court,Reserved,2,UK,0,False,95.7,27.2,0.0,True,Hot (>23°C),2025-07-12 11:42:00,63,13
2025-07-12,10,No.2 Court,Gate_7,Grounds Pass,General,1,UK,0,False,85.3,27.2,0.0,True,Hot (>23°C),2025-07-12 12:03:00,49,13
2025-07-06,10,Court 5,Gate_3,Grounds Pass,General,1,UK,0,True,60.0,15.5,0.0,False,Cool (15–19°C),2025-07-06 11:05:00,0,7
2025-07-10,9,Court 12,Gate_6,No.1 Court,Reserved,3,UK,0,True,64.1,26.4,0.0,False,Hot (>23°C),2025-07-10 11:01:00,0,11
2025-07-08,11,No.3 Court,Gate_7,No.2 Court,Reserved,2,Japan,1,True,58.7,12.1,0.0,False,Cold (<15°C),2025-07-08 12:20:00,0,9
2025-07-05,10,No.3 Court,Gate_4,Grounds Pass,General,1,Germany,1,True,85.2,23.2,0.0,True,Hot (>23°C),2025-07-05 12:04:00,0,6
2025-07-05,9,Court 12,Gate_7,No.1 Court,Reserved,3,UK,0,True,92.7,26.0,0.0,True,Hot (>23°C),2025-07-05 11:20:00,0,6
2025-07-08,11,Centre Court,Gate_7,Queue Ticket,General,0,UK,0,True,104.2,12.1,0.0,False,Cold (<15°C),2025-07-08 13:00:00,0,9
2025-07-03,11,No.2 Court,Gate_1,Grounds Pass,General,1,France,1,False,64.7,20.3,0.0,False,Warm (19–23°C),2025-07-03 12:23:00,0,4
2025-07-03,10,No.3 Court,Gate_2,Grounds Pass,General,1,UK,0,False,104.4,19.8,0.0,False,Warm (19–23°C),2025-07-03 12:08:00,0,4
2025-07-06,11,No.1 Court,Gate_1,Queue Ticket,General,0,Germany,1,False,72.4,14.2,0.0,False,Cold (<15°C),2025-07-06 13:03:00,0,7
2025-07-09,10,Court 5,Gate_5,Centre Court,Premium,4,UK,0,True,83.2,22.9,0.0,True,Warm (19–23°C),2025-07-09 11:54:00,0,10
2025-07-07,12,Centre Court,Gate_3,No.1 Court,Reserved,3,UK,0,False,61.0,21.4,0.0,False,Warm (19–23°C),2025-07-07 13:10:00,0,8
2025-07-08,11,No.2 Court,Gate_2,Centre Court,Premium,4,UK,0,True,66.9,12.1,0.0,False,Cold (<15°C),2025-07-08 12:23:00,0,9
2025-07-02,10,No.3 Court,Gate_4,Grounds Pass,General,1,UK,0,True,107.5,27.9,0.0,False,Hot (>23°C),2025-07-02 12:14:00,0,3
2025-07-04,12,No.1 Court,Gate_6,No.1 Court,Reserved,3,USA,1,False,59.1,21.9,0.0,False,Warm (19–23°C),2025-07-04 13:05:00,0,5
2025-07-01,11,Centre Court,Gate_5,Grounds Pass,General,1,UK,0,False,125.3,20.6,0.76,True,Warm (19–23°C),2025-07-01 13:13:00,0,2
2025-07-07,12,No.1 Court,Gate_6,Grounds Pass,General,1,Switzerland,1,True,35.6,21.4,0.0,False,Warm (19–23°C),2025-07-07 13:02:00,0,8
2025-07-12,9,Court 4,Gate_2,Grounds Pass,General,1,USA,1,False,116.0,25.3,0.0,True,Hot (>23°C),2025-07-12 11:45:00,0,13
2025-07-04,9,Court 5,Gate_3,Grounds Pass,General,1,UK,0,True,93.3,21.9,0.0,False,Warm (19–23°C),2025-07-04 11:16:00,0,5
2025-07-05,10,Centre Court,Gate_6,Grounds Pass,General,1,UK,0,True,139.0,23.2,0.0,True,Hot (>23°C),2025-07-05 13:01:00,0,6
2025-07-06,10,Court 7,Gate_1,Centre Court,Premium,4,UK,0,True,35.3,15.5,0.0,False,Cool (15–19°C),2025-07-06 11:12:00,0,7
2025-07-02,9,Court 6,Gate_5,Queue Ticket,General,0,Switzerland,1,True,65.3,25.2,0.0,False,Hot (>23°C),2025-07-02 11:05:00,0,3
2025-06-30,10,No.3 Court,Gate_6,Queue Ticket,General,0,UK,0,True,77.6,17.2,0.0,False,Cool (15–19°C),2025-06-30 12:15:00,0,1
2025-07-04,12,Centre Court,Gate_1,Centre Court Debenture,Premium,5,UK,0,True,40.8,21.9,0.0,False,Warm (19–23°C),2025-07-04 13:08:00,0,5
2025-07-09,10,Centre Court,Gate_5,Grounds Pass,General,1,UK,0,True,126.9,22.9,0.0,True,Warm (19–23°C),2025-07-09 13:02:00,0,10
2025-07-01,10,No.2 Court,Gate_4,Queue Ticket,General,0,USA,1,True,103.7,19.4,0.0,True,Warm (19–23°C),2025-07-01 12:04:00,0,2
2025-07-05,11,Centre Court,Gate_1,Grounds Pass,General,1,UK,0,False,117.6,25.0,11.35,True,Hot (>23°C),2025-07-05 13:01:00,0,6
2025-07-09,10,Centre Court,Gate_2,Queue Ticket,General,0,Germany,1,True,122.1,22.9,0.0,True,Warm (19–23°C),2025-07-09 13:02:00,0,10
2025-07-12,8,Court 8,Gate_1,Queue Ticket,General,0,UK,0,True,131.5,24.7,0.0,True,Hot (>23°C),2025-07-12 11:07:00,0,13
2025-07-04,11,No.3 Court,Gate_2,Grounds Pass,General,1,Australia,1,True,55.7,20.4,0.0,False,Warm (19–23°C),2025-07-04 12:29:00,0,5
2025-07-03,11,Court 6,Gate_7,Centre Court,Premium,4,Australia,1,False,15.0,20.3,0.0,False,Warm (19–23°C),2025-07-03 11:26:00,0,4
2025-07-09,9,Court 12,Gate_6,Queue Ticket,General,0,UK,0,False,128.4,23.5,0.0,True,Hot (>23°C),2025-07-09 11:49:00,0,10
2025-07-13,9,Court 4,Gate_3,Queue Ticket,General,0,UK,0,False,120.1,20.3,0.0,False,Warm (19–23°C),2025-07-13 11:33:00,92,14
2025-07-06,12,No.1 Court,Gate_2,Centre Court,Premium,4,Spain,1,True,11.3,14.8,0.0,False,Cold (<15°C),2025-07-06 13:03:00,0,7
2025-07-05,11,Centre Court,Gate_2,No.2 Court,Reserved,2,UK,0,False,86.0,25.0,11.35,True,Hot (>23°C),2025-07-05 13:01:00,0,6
2025-07-05,10,Court 8,Gate_1,No.1 Court,Reserved,3,UK,0,True,90.2,23.2,0.0,True,Hot (>23°C),2025-07-05 11:57:00,28,6
2025-07-01,9,Court 7,Gate_5,No.2 Court,Reserved,2,UK,0,False,123.9,18.5,0.0,True,Cool (15–19°C),2025-07-01 11:32:00,0,2
2025-06-30,9,Court 4,Gate_3,Queue Ticket,General,0,UK,0,True,126.2,18.3,0.0,False,Cool (15–19°C),2025-06-30 11:58:00,0,1
2025-07-09,10,No.3 Court,Gate_7,Grounds Pass,General,1,UK,0,False,106.8,22.9,0.0,True,Warm (19–23°C),2025-07-09 12:21:00,0,10
2025-07-13,9,Court 4,Gate_1,Grounds Pass,General,1,UK,0,True,95.4,20.3,0.0,False,Warm (19–23°C),2025-07-13 11:33:00,92,14
2025-07-06,10,No.2 Court,Gate_8,Queue Ticket,General,0,UK,0,True,116.6,15.5,0.0,False,Cool (15–19°C),2025-07-06 12:07:00,0,7
2025-07-13,9,Court 6,Gate_2,Queue Ticket,General,0,UK,0,True,94.1,20.3,0.0,False,Warm (19–23°C),2025-07-13 11:00:00,0,14
2025-07-01,10,No.2 Court,Gate_1,No.1 Court,Reserved,3,UK,0,False,120.8,19.4,0.0,True,Warm (19–23°C),2025-07-01 12:04:00,0,2
2025-07-03,11,No.3 Court,Gate_3,Grounds Pass,General,1,Germany,1,True,44.7,20.3,0.0,False,Warm (19–23°C),2025-07-03 12:08:00,0,4
2025-07-02,11,Centre Court,Gate_1,Queue Ticket,General,0,UK,0,False,119.4,26.8,0.0,False,Hot (>23°C),2025-07-02 13:01:00,0,3
2025-07-10,10,Court 7,Gate_7,No.2 Court,Reserved,2,USA,1,False,27.8,24.9,0.0,False,Hot (>23°C),2025-07-10 11:13:00,0,11
2025-07-02,10,No.3 Court,Gate_8,Grounds Pass,General,1,Switzerland,1,True,86.9,27.9,0.0,False,Hot (>23°C),2025-07-02 12:14:00,0,3
2025-07-05,9,Court 18,Gate_4,No.1 Court,Reserved,3,UK,0,True,128.1,26.0,0.0,True,Hot (>23°C),2025-07-05 11:57:00,0,6
2025-07-08,10,No.2 Court,Gate_7,Grounds Pass,General,1,Canada,1,True,99.8,15.6,0.0,False,Cool (15–19°C),2025-07-08 12:23:00,0,9
2025-07-11,9,Court 8,Gate_8,Queue Ticket,General,0,Spain,1,True,87.5,19.8,0.0,False,Warm (19–23°C),2025-07-11 11:11:00,0,12
2025-07-06,9,Court 4,Gate_3,Grounds Pass,General,1,UK,0,False,116.6,11.9,0.0,False,Cold (<15°C),2025-07-06 11:04:00,0,7
2025-07-12,10,No.1 Court,Gate_2,Grounds Pass,General,1,UK,0,True,139.0,27.2,0.0,True,Hot (>23°C),2025-07-12 13:04:00,0,13
2025-07-12,9,Court 7,Gate_7,Grounds Pass,General,1,UK,0,False,135.4,25.3,0.0,True,Hot (>23°C),2025-07-12 11:42:00,63,13
2025-07-07,9,Court 12,Gate_8,Grounds Pass,General,1,UK,0,False,138.1,22.2,0.0,False,Warm (19–23°C),2025-07-07 11:34:00,0,8
2025-07-06,11,No.2 Court,Gate_3,Centre Court,Premium,4,Japan,1,True,55.1,14.2,0.0,False,Cold (<15°C),2025-07-06 12:07:00,0,7
2025-06-30,10,No.2 Court,Gate_1,Grounds Pass,General,1,France,1,True,94.9,17.2,0.0,False,Cool (15–19°C),2025-06-30 12:02:00,89,1
2025-07-12,9,Court 6,Gate_6,Centre Court,Premium,4,Spain,1,True,89.1,25.3,0.0,True,Hot (>23°C),2025-07-12 11:01:00,0,13
2025-07-01,10,Court 4,Gate_4,Grounds Pass,General,1,Spain,1,True,82.2,19.4,0.0,True,Warm (19–23°C),2025-07-01 11:26:00,0,2
2025-07-12,12,No.1 Court,Gate_5,Centre Court Debenture,Premium,5,France,1,False,38.6,25.1,0.95,True,Hot (>23°C),2025-07-12 13:04:00,0,13
2025-07-12,11,Centre Court,Gate_2,Grounds Pass,General,1,Germany,1,False,96.1,27.4,0.06,True,Hot (>23°C),2025-07-12 13:00:00,0,13
2025-07-12,10,No.2 Court,Gate_1,Grounds Pass,General,1,UK,0,True,97.1,27.2,0.0,True,Hot (>23°C),2025-07-12 12:03:00,49,13
2025-06-30,9,No.2 Court,Gate_2,Grounds Pass,General,1,UK,0,True,127.6,18.3,0.0,False,Cool (15–19°C),2025-06-30 12:02:00,89,1
2025-07-09,10,Centre Court,Gate_3,Queue Ticket,General,0,UK,0,False,156.7,22.9,0.0,True,Warm (19–23°C),2025-07-09 13:02:00,0,10
2025-07-12,11,No.1 Court,Gate_2,Grounds Pass,General,1,Germany,1,True,96.2,27.4,0.06,True,Hot (>23°C),2025-07-12 13:04:00,0,13
2025-07-08,12,No.1 Court,Gate_3,Grounds Pass,General,1,Other,1,True,57.1,12.5,0.0,False,Cold (<15°C),2025-07-08 13:07:00,0,9
2025-07-03,10,Court 4,Gate_7,Queue Ticket,General,0,Canada,1,True,76.8,19.8,0.0,False,Warm (19–23°C),2025-07-03 11:46:00,0,4
2025-07-01,11,No.1 Court,Gate_6,Grounds Pass,General,1,Spain,1,True,76.9,20.6,0.76,True,Warm (19–23°C),2025-07-01 13:00:00,0,2
2025-07-04,12,Centre Court,Gate_2,No.2 Court,Reserved,2,Germany,1,True,27.9,21.9,0.0,False,Warm (19–23°C),2025-07-04 13:08:00,0,5
2025-07-11,10,Court 5,Gate_3,Queue Ticket,General,0,USA,1,True,78.2,19.9,0.0,False,Warm (19–23°C),2025-07-11 11:44:00,0,12
2025-07-01,10,Court 18,Gate_4,Centre Court,Premium,4,Canada,1,False,77.8,19.4,0.0,True,Warm (19–23°C),2025-07-01 11:58:00,0,2
2025-07-12,8,Court 8,Gate_3,Queue Ticket,General,0,Australia,1,True,133.0,24.7,0.0,True,Hot (>23°C),2025-07-12 11:07:00,0,13
2025-07-03,10,Court 12,Gate_2,No.2 Court,Reserved,2,UK,0,True,85.6,19.8,0.0,False,Warm (19–23°C),2025-07-03 11:45:00,0,4
2025-07-04,9,Court 8,Gate_2,Queue Ticket,General,0,UK,0,True,165.7,21.9,0.0,False,Warm (19–23°C),2025-07-04 11:59:00,0,5
2025-07-04,11,Court 12,Gate_2,No.2 Court,Reserved,2,USA,1,True,11.7,20.4,0.0,False,Warm (19–23°C),2025-07-04 11:39:00,0,5
2025-07-08,11,No.1 Court,Gate_8,Centre Court,Premium,4,UK,0,True,71.9,12.1,0.0,False,Cold (<15°C),2025-07-08 13:07:00,0,9
2025-06-30,10,Court 4,Gate_8,Grounds Pass,General,1,Spain,1,True,72.1,17.2,0.0,False,Cool (15–19°C),2025-06-30 11:58:00,0,1
2025-07-10,10,Court 8,Gate_8,Queue Ticket,General,0,UK,0,True,95.8,24.9,0.0,False,Hot (>23°C),2025-07-10 11:53:00,0,11
2025-07-04,10,Court 6,Gate_8,Grounds Pass,General,1,UK,0,False,72.7,21.2,0.0,False,Warm (19–23°C),2025-07-04 11:26:00,0,5
2025-07-05,8,Court 5,Gate_2,Queue Ticket,General,0,UK,0,True,171.8,27.3,0.0,True,Hot (>23°C),2025-07-05 11:41:00,0,6
2025-07-08,11,No.2 Court,Gate_4,Queue Ticket,General,0,USA,1,True,72.4,12.1,0.0,False,Cold (<15°C),2025-07-08 12:23:00,0,9
2025-07-05,9,No.2 Court,Gate_5,Queue Ticket,General,0,UK,0,True,152.0,26.0,0.0,True,Hot (>23°C),2025-07-05 12:21:00,0,6
2025-07-12,9,Court 8,Gate_8,No.2 Court,Reserved,2,UK,0,True,104.3,25.3,0.0,True,Hot (>23°C),2025-07-12 11:07:00,0,13
2025-07-13,10,Court 7,Gate_3,Grounds Pass,General,1,UK,0,True,86.2,19.2,0.0,False,Warm (19–23°C),2025-07-13 11:57:00,0,14
2025-07-04,12,Centre Court,Gate_2,Centre Court,Premium,4,UK,0,True,55.0,21.9,0.0,False,Warm (19–23°C),2025-07-04 13:08:00,0,5
2025-06-30,10,No.3 Court,Gate_2,Grounds Pass,General,1,France,1,False,98.7,17.2,0.0,False,Cool (15–19°C),2025-06-30 12:15:00,0,1
2025-07-04,9,Court 6,Gate_4,No.2 Court,Reserved,2,USA,1,False,87.3,21.9,0.0,False,Warm (19–23°C),2025-07-04 11:26:00,0,5
2025-07-01,10,No.3 Court,Gate_6,No.2 Court,Reserved,2,Australia,1,True,86.6,19.4,0.0,True,Warm (19–23°C),2025-07-01 12:22:00,0,2
2025-07-13,9,Court 5,Gate_8,Grounds Pass,General,1,USA,1,True,71.9,20.3,0.0,False,Warm (19–23°C),2025-07-13 11:08:00,0,14
2025-07-05,10,No.3 Court,Gate_8,Grounds Pass,General,1,UK,0,True,117.9,23.2,0.0,True,Hot (>23°C),2025-07-05 12:04:00,0,6
2025-07-06,10,No.3 Court,Gate_4,Grounds Pass,General,1,UK,0,True,100.3,15.5,0.0,False,Cool (15–19°C),2025-07-06 12:21:00,0,7
2025-07-09,9,Court 8,Gate_4,Grounds Pass,General,1,USA,1,True,105.7,23.5,0.0,True,Hot (>23°C),2025-07-09 11:18:00,0,10
2025-07-06,9,Court 4,Gate_2,Queue Ticket,General,0,USA,1,True,77.1,11.9,0.0,False,Cold (<15°C),2025-07-06 11:04:00,0,7
2025-07-07,10,Court 7,Gate_7,No.2 Court,Reserved,2,Germany,1,False,44.3,24.1,0.0,False,Hot (>23°C),2025-07-07 11:35:00,0,8
2025-06-30,10,Court 5,Gate_8,Grounds Pass,General,1,Switzerland,1,True,74.7,17.2,0.0,False,Cool (15–19°C),2025-06-30 11:30:00,0,1
2025-06-30,10,Court 5,Gate_6,Centre Court,Premium,4,Other,1,True,48.2,17.2,0.0,False,Cool (15–19°C),2025-06-30 11:30:00,0,1
2025-07-11,10,Court 5,Gate_1,Grounds Pass,General,1,UK,0,True,89.8,19.9,0.0,False,Warm (19–23°C),2025-07-11 11:44:00,0,12
2025-07-03,10,Court 12,Gate_4,Grounds Pass,General,1,UK,0,False,84.5,19.8,0.0,False,Warm (19–23°C),2025-07-03 11:45:00,0,4
2025-07-07,11,No.3 Court,Gate_8,Grounds Pass,General,1,USA,1,False,53.3,21.4,0.0,False,Warm (19–23°C),2025-07-07 12:12:00,37,8
2025-07-06,10,Court 4,Gate_7,No.1 Court,Reserved,3,USA,1,True,57.7,15.5,0.0,False,Cool (15–19°C),2025-07-06 11:04:00,0,7
2025-07-02,11,No.2 Court,Gate_4,No.1 Court,Reserved,3,Other,1,True,72.3,26.8,0.0,False,Hot (>23°C),2025-07-02 12:20:00,0,3
2025-07-07,11,No.2 Court,Gate_8,Centre Court,Premium,4,USA,1,False,35.2,21.4,0.0,False,Warm (19–23°C),2025-07-07 12:17:00,95,8
2025-07-02,10,Court 4,Gate_8,No.2 Court,Reserved,2,UK,0,False,71.6,27.9,0.0,False,Hot (>23°C),2025-07-02 11:56:00,0,3
2025-07-10,11,No.2 Court,Gate_5,No.1 Court,Reserved,3,Other,1,True,33.5,23.8,0.0,False,Hot (>23°C),2025-07-10 12:07:00,0,11
2025-07-05,11,No.1 Court,Gate_8,No.2 Court,Reserved,2,UK,0,False,109.6,25.0,11.35,True,Hot (>23°C),2025-07-05 13:01:00,0,6
2025-07-01,9,No.2 Court,Gate_5,Centre Court,Premium,4,UK,0,True,138.0,18.5,0.0,True,Cool (15–19°C),2025-07-01 12:04:00,0,2
2025-07-06,9,Court 5,Gate_3,No.2 Court,Reserved,2,UK,0,True,96.5,11.9,0.0,False,Cold (<15°C),2025-07-06 11:05:00,0,7
2025-07-12,10,Court 4,Gate_5,Grounds Pass,General,1,UK,0,True,91.6,27.2,0.0,True,Hot (>23°C),2025-07-12 11:45:00,0,13
2025-06-30,11,No.1 Court,Gate_1,Queue Ticket,General,0,Australia,1,False,98.4,17.8,0.0,False,Cool (15–19°C),2025-06-30 13:11:00,0,1
2025-07-11,10,Court 5,Gate_3,Queue Ticket,General,0,Australia,1,True,68.6,19.9,0.0,False,Warm (19–23°C),2025-07-11 11:44:00,0,12
2025-07-08,10,Court 7,Gate_3,No.2 Court,Reserved,2,USA,1,True,71.4,15.6,0.0,False,Cool (15–19°C),2025-07-08 11:32:00,0,9
2025-07-06,11,No.1 Court,Gate_8,Queue Ticket,General,0,UK,0,True,106.9,14.2,0.0,False,Cold (<15°C),2025-07-06 13:03:00,0,7
2025-07-03,10,Court 4,Gate_4,No.1 Court,Reserved,3,UK,0,False,78.5,19.8,0.0,False,Warm (19–23°C),2025-07-03 11:46:00,0,4
2025-07-12,10,Centre Court,Gate_4,Queue Ticket,General,0,Switzerland,1,False,151.1,27.2,0.0,True,Hot (>23°C),2025-07-12 13:00:00,0,13
2025-07-06,12,No.1 Court,Gate_6,Grounds Pass,General,1,Spain,1,False,49.8,14.8,0.0,False,Cold (<15°C),2025-07-06 13:03:00,0,7
2025-07-09,8,Court 8,Gate_7,Queue Ticket,General,0,UK,0,True,143.6,22.8,0.0,True,Warm (19–23°C),2025-07-09 11:18:00,0,10
2025-06-30,9,Court 5,Gate_6,Grounds Pass,General,1,UK,0,True,136.7,18.3,0.0,False,Cool (15–19°C),2025-06-30 11:30:00,0,1
2025-07-05,9,Court 7,Gate_8,Queue Ticket,General,0,UK,0,True,96.1,26.0,0.0,True,Hot (>23°C),2025-07-05 11:18:00,0,6
2025-07-07,10,Court 8,Gate_1,Grounds Pass,General,1,France,1,True,63.4,24.1,0.0,False,Hot (>23°C),2025-07-07 11:59:00,0,8
2025-07-04,10,No.3 Court,Gate_4,Queue Ticket,General,0,UK,0,True,122.3,21.2,0.0,False,Warm (19–23°C),2025-07-04 12:29:00,0,5
2025-07-11,10,Court 6,Gate_7,Centre Court,Premium,4,USA,1,True,35.8,19.9,0.0,False,Warm (19–23°C),2025-07-11 11:10:00,0,12
2025-07-06,10,No.2 Court,Gate_6,No.1 Court,Reserved,3,UK,0,True,74.4,15.5,0.0,False,Cool (15–19°C),2025-07-06 12:07:00,0,7
2025-07-10,11,Centre Court,Gate_2,Queue Ticket,General,0,UK,0,True,89.9,23.8,0.0,False,Hot (>23°C),2025-07-10 13:14:00,0,11
2025-07-05,10,Court 5,Gate_7,No.2 Court,Reserved,2,Spain,1,True,97.4,23.2,0.0,True,Hot (>23°C),2025-07-05 11:41:00,0,6
2025-07-03,11,No.1 Court,Gate_2,Queue Ticket,General,0,UK,0,True,113.2,20.3,0.0,False,Warm (19–23°C),2025-07-03 13:11:00,0,4
2025-07-11,10,No.2 Court,Gate_5,Grounds Pass,General,1,UK,0,True,83.4,19.9,0.0,False,Warm (19–23°C),2025-07-11 12:00:00,0,12
2025-07-05,11,No.1 Court,Gate_5,Centre Court,Premium,4,UK,0,True,74.8,25.0,11.35,True,Hot (>23°C),2025-07-05 13:01:00,0,6
2025-07-12,11,No.1 Court,Gate_2,Centre Court,Premium,4,UK,0,False,117.1,27.4,0.06,True,Hot (>23°C),2025-07-12 13:04:00,0,13
2025-07-11,10,No.1 Court,Gate_3,Grounds Pass,General,1,UK,0,True,146.8,19.9,0.0,False,Warm (19–23°C),2025-07-11 13:01:00,0,12
2025-07-03,9,Court 4,Gate_8,Grounds Pass,General,1,UK,0,False,111.8,17.0,0.0,False,Cool (15–19°C),2025-07-03 11:46:00,0,4
2025-07-02,10,Court 6,Gate_5,Grounds Pass,General,1,UK,0,True,59.4,27.9,0.0,False,Hot (>23°C),2025-07-02 11:05:00,0,3
2025-06-30,9,Court 5,Gate_3,Grounds Pass,General,1,UK,0,True,95.5,18.3,0.0,False,Cool (15–19°C),2025-06-30 11:30:00,0,1
2025-07-07,11,No.3 Court,Gate_6,No.1 Court,Reserved,3,UK,0,True,58.9,21.4,0.0,False,Warm (19–23°C),2025-07-07 12:12:00,37,8
2025-07-03,9,Court 8,Gate_1,No.1 Court,Reserved,3,UK,0,True,78.4,17.0,0.0,False,Cool (15–19°C),2025-07-03 11:04:00,0,4
2025-07-08,10,No.2 Court,Gate_7,Queue Ticket,General,0,UK,0,False,125.6,15.6,0.0,False,Cool (15–19°C),2025-07-08 12:23:00,0,9
2025-07-10,10,Court 12,Gate_5,Grounds Pass,General,1,USA,1,True,49.5,24.9,0.0,False,Hot (>23°C),2025-07-10 11:01:00,0,11
2025-07-10,10,No.3 Court,Gate_8,No.1 Court,Reserved,3,Switzerland,1,True,87.1,24.9,0.0,False,Hot (>23°C),2025-07-10 12:15:00,0,11
2025-06-30,11,No.2 Court,Gate_7,Grounds Pass,General,1,Germany,1,True,49.1,17.8,0.0,False,Cool (15–19°C),2025-06-30 12:02:00,89,1
2025-07-01,9,Court 5,Gate_1,Queue Ticket,General,0,UK,0,True,139.5,18.5,0.0,True,Cool (15–19°C),2025-07-01 11:53:00,0,2
2025-07-02,10,No.2 Court,Gate_4,Queue Ticket,General,0,USA,1,True,86.8,27.9,0.0,False,Hot (>23°C),2025-07-02 12:20:00,0,3
2025-07-10,10,Court 12,Gate_2,No.2 Court,Reserved,2,Switzerland,1,False,43.0,24.9,0.0,False,Hot (>23°C),2025-07-10 11:01:00,0,11
2025-07-06,8,Court 5,Gate_6,Queue Ticket,General,0,UK,0,True,155.8,14.5,0.0,False,Cold (<15°C),2025-07-06 11:05:00,0,7
2025-07-13,9,Court 5,Gate_6,Queue Ticket,General,0,USA,1,True,99.4,20.3,0.0,False,Warm (19–23°C),2025-07-13 11:08:00,0,14
2025-07-10,10,Court 18,Gate_1,No.1 Court,Reserved,3,UK,0,False,58.0,24.9,0.0,False,Hot (>23°C),2025-07-10 11:46:00,0,11
2025-07-01,11,Centre Court,Gate_4,Queue Ticket,General,0,Germany,1,False,130.2,20.6,0.76,True,Warm (19–23°C),2025-07-01 13:13:00,0,2
2025-07-12,9,Court 5,Gate_5,Grounds Pass,General,1,UK,0,True,104.3,25.3,0.0,True,Hot (>23°C),2025-07-12 11:34:00,0,13
2025-07-13,11,No.1 Court,Gate_8,Grounds Pass,General,1,UK,0,True,86.6,20.9,0.0,False,Warm (19–23°C),2025-07-13 13:09:00,0,14
2025-07-04,11,No.2 Court,Gate_6,No.2 Court,Reserved,2,UK,0,False,56.3,20.4,0.0,False,Warm (19–23°C),2025-07-04 12:13:00,0,5
2025-07-06,11,Centre Court,Gate_8,No.2 Court,Reserved,2,Germany,1,False,67.0,14.2,0.0,False,Cold (<15°C),2025-07-06 13:06:00,0,7
2025-07-13,10,Court 8,Gate_2,No.2 Court,Reserved,2,Australia,1,True,52.7,19.2,0.0,False,Warm (19–23°C),2025-07-13 11:44:00,0,14
2025-07-02,11,Court 4,Gate_5,Queue Ticket,General,0,USA,1,True,40.2,26.8,0.0,False,Hot (>23°C),2025-07-02 11:56:00,0,3
2025-07-06,9,Court 18,Gate_6,Queue Ticket,General,0,Spain,1,True,94.8,11.9,0.0,False,Cold (<15°C),2025-07-06 11:29:00,0,7
2025-07-08,10,Court 8,Gate_7,Grounds Pass,General,1,UK,0,True,75.7,15.6,0.0,False,Cool (15–19°C),2025-07-08 11:31:00,56,9
2025-07-04,10,No.3 Court,Gate_1,Queue Ticket,General,0,UK,0,False,112.8,21.2,0.0,False,Warm (19–23°C),2025-07-04 12:29:00,0,5
2025-07-04,9,Court 18,Gate_5,Grounds Pass,General,1,Other,1,False,100.9,21.9,0.0,False,Warm (19–23°C),2025-07-04 11:19:00,36,5
2025-07-01,9,Court 6,Gate_2,Centre Court,Premium,4,UK,0,True,84.6,18.5,0.0,True,Cool (15–19°C),2025-07-01 11:21:00,66,2
2025-07-02,12,No.1 Court,Gate_1,Grounds Pass,General,1,France,1,False,44.9,27.1,0.0,False,Hot (>23°C),2025-07-02 13:07:00,0,3
2025-07-12,8,Court 6,Gate_8,Grounds Pass,General,1,UK,0,True,132.1,24.7,0.0,True,Hot (>23°C),2025-07-12 11:01:00,0,13
2025-07-08,11,Centre Court,Gate_8,Queue Ticket,General,0,UK,0,True,94.0,12.1,0.0,False,Cold (<15°C),2025-07-08 13:00:00,0,9
2025-07-02,9,Court 5,Gate_3,Queue Ticket,General,0,Other,1,False,105.3,25.2,0.0,False,Hot (>23°C),2025-07-02 11:26:00,0,3
2025-07-05,11,No.3 Court,Gate_1,No.1 Court,Reserved,3,Australia,1,True,52.6,25.0,11.35,True,Hot (>23°C),2025-07-05 12:04:00,0,6
2025-07-04,10,Court 6,Gate_2,Grounds Pass,General,1,UK,0,True,81.4,21.2,0.0,False,Warm (19–23°C),2025-07-04 11:26:00,0,5
2025-07-06,9,Court 18,Gate_6,Grounds Pass,General,1,France,1,False,90.6,11.9,0.0,False,Cold (<15°C),2025-07-06 11:29:00,0,7
2025-07-03,10,Court 5,Gate_3,No.1 Court,Reserved,3,UK,0,True,46.4,19.8,0.0,False,Warm (19–23°C),2025-07-03 11:02:00,33,4
2025-07-08,11,No.1 Court,Gate_7,Grounds Pass,General,1,UK,0,True,119.9,12.1,0.0,False,Cold (<15°C),2025-07-08 13:07:00,0,9
2025-07-02,10,No.3 Court,Gate_3,Grounds Pass,General,1,UK,0,True,106.6,27.9,0.0,False,Hot (>23°C),2025-07-02 12:14:00,0,3
2025-07-13,10,Court 8,Gate_5,Grounds Pass,General,1,Germany,1,True,61.3,19.2,0.0,False,Warm (19–23°C),2025-07-13 11:44:00,0,14
2025-07-08,10,Court 6,Gate_7,Grounds Pass,General,1,UK,0,False,77.6,15.6,0.0,False,Cool (15–19°C),2025-07-08 11:28:00,0,9
2025-06-30,10,Court 7,Gate_4,No.1 Court,Reserved,3,France,1,True,27.0,17.2,0.0,False,Cool (15–19°C),2025-06-30 11:10:00,0,1
2025-07-08,11,Centre Court,Gate_1,Queue Ticket,General,0,Spain,1,False,63.0,12.1,0.0,False,Cold (<15°C),2025-07-08 13:00:00,0,9
2025-07-11,9,Court 6,Gate_7,Queue Ticket,General,0,UK,0,False,112.3,19.8,0.0,False,Warm (19–23°C),2025-07-11 11:10:00,0,12
2025-07-11,10,Court 5,Gate_5,Grounds Pass,General,1,France,1,False,56.1,19.9,0.0,False,Warm (19–23°C),2025-07-11 11:44:00,0,12
2025-07-10,9,Court 7,Gate_5,Grounds Pass,General,1,Spain,1,True,84.2,26.4,0.0,False,Hot (>23°C),2025-07-10 11:13:00,0,11
2025-07-02,11,No.1 Court,Gate_7,Grounds Pass,General,1,UK,0,True,106.8,26.8,0.0,False,Hot (>23°C),2025-07-02 13:07:00,0,3
2025-07-01,10,No.3 Court,Gate_3,Grounds Pass,General,1,Australia,1,False,126.1,19.4,0.0,True,Warm (19–23°C),2025-07-01 12:22:00,0,2
2025-06-30,12,Centre Court,Gate_3,No.2 Court,Reserved,2,Switzerland,1,True,29.5,17.4,0.0,False,Cool (15–19°C),2025-06-30 13:01:00,0,1
2025-07-04,10,No.3 Court,Gate_8,Grounds Pass,General,1,France,1,False,93.2,21.2,0.0,False,Warm (19–23°C),2025-07-04 12:29:00,0,5
2025-07-10,10,No.2 Court,Gate_1,Grounds Pass,General,1,UK,0,False,73.7,24.9,0.0,False,Hot (>23°C),2025-07-10 12:07:00,0,11
2025-07-04,13,Centre Court,Gate_2,Centre Court,Premium,4,UK,0,True,5.0,20.4,0.0,False,Warm (19–23°C),2025-07-04 13:08:00,0,5
2025-07-03,10,Court 6,Gate_5,Grounds Pass,General,1,UK,0,False,63.6,19.8,0.0,False,Warm (19–23°C),2025-07-03 11:26:00,0,4
2025-06-30,9,Court 7,Gate_2,No.1 Court,Reserved,3,UK,0,True,111.9,18.3,0.0,False,Cool (15–19°C),2025-06-30 11:10:00,0,1
2025-07-11,10,Court 4,Gate_4,No.2 Court,Reserved,2,UK,0,False,67.8,19.9,0.0,False,Warm (19–23°C),2025-07-11 11:49:00,0,12
2025-07-01,10,No.2 Court,Gate_8,Queue Ticket,General,0,UK,0,False,117.5,19.4,0.0,True,Warm (19–23°C),2025-07-01 12:04:00,0,2
2025-07-09,10,Court 4,Gate_5,Queue Ticket,General,0,Switzerland,1,True,93.5,22.9,0.0,True,Warm (19–23°C),2025-07-09 11:43:00,81,10
2025-07-01,10,No.1 Court,Gate_7,Queue Ticket,General,0,UK,0,False,131.4,19.4,0.0,True,Warm (19–23°C),2025-07-01 13:00:00,0,2
2025-07-09,10,No.2 Court,Gate_6,No.1 Court,Reserved,3,UK,0,True,123.7,22.9,0.0,True,Warm (19–23°C),2025-07-09 12:20:00,0,10
2025-07-05,9,Court 12,Gate_8,Grounds Pass,General,1,UK,0,True,88.4,26.0,0.0,True,Hot (>23°C),2025-07-05 11:20:00,0,6
2025-07-06,10,Court 5,Gate_4,Grounds Pass,General,1,UK,0,False,56.3,15.5,0.0,False,Cool (15–19°C),2025-07-06 11:05:00,0,7
2025-07-07,11,No.1 Court,Gate_5,Centre Court,Premium,4,UK,0,False,99.6,21.4,0.0,False,Warm (19–23°C),2025-07-07 13:02:00,0,8
2025-07-12,10,Court 12,Gate_4,No.1 Court,Reserved,3,Switzerland,1,True,60.5,27.2,0.0,True,Hot (>23°C),2025-07-12 11:04:00,0,13
2025-07-05,9,Court 5,Gate_6,Queue Ticket,General,0,UK,0,False,108.0,26.0,0.0,True,Hot (>23°C),2025-07-05 11:41:00,0,6
2025-07-04,9,Court 6,Gate_5,Queue Ticket,General,0,USA,1,True,137.0,21.9,0.0,False,Warm (19–23°C),2025-07-04 11:26:00,0,5
2025-07-10,9,Court 12,Gate_5,Grounds Pass,General,1,UK,0,False,97.5,26.4,0.0,False,Hot (>23°C),2025-07-10 11:01:00,0,11
2025-06-30,10,No.3 Court,Gate_3,No.1 Court,Reserved,3,UK,0,True,82.9,17.2,0.0,False,Cool (15–19°C),2025-06-30 12:15:00,0,1
2025-07-08,11,No.1 Court,Gate_2,Grounds Pass,General,1,Australia,1,True,106.7,12.1,0.0,False,Cold (<15°C),2025-07-08 13:07:00,0,9
2025-06-30,9,No.2 Court,Gate_6,Queue Ticket,General,0,Canada,1,True,131.8,18.3,0.0,False,Cool (15–19°C),2025-06-30 12:02:00,89,1
2025-07-03,11,No.3 Court,Gate_1,No.2 Court,Reserved,2,Other,1,False,64.8,20.3,0.0,False,Warm (19–23°C),2025-07-03 12:08:00,0,4
2025-07-08,9,Court 4,Gate_1,Grounds Pass,General,1,UK,0,False,109.0,14.1,0.0,False,Cold (<15°C),2025-07-08 11:29:00,0,9
2025-07-10,9,Court 5,Gate_1,No.2 Court,Reserved,2,Spain,1,False,72.8,26.4,0.0,False,Hot (>23°C),2025-07-10 11:09:00,0,11
2025-07-13,9,Court 5,Gate_1,Grounds Pass,General,1,UK,0,False,98.1,20.3,0.0,False,Warm (19–23°C),2025-07-13 11:08:00,0,14
2025-07-08,11,No.3 Court,Gate_2,Queue Ticket,General,0,France,1,True,68.2,12.1,0.0,False,Cold (<15°C),2025-07-08 12:20:00,0,9
2025-07-12,10,Court 4,Gate_7,Queue Ticket,General,0,Switzerland,1,False,90.5,27.2,0.0,True,Hot (>23°C),2025-07-12 11:45:00,0,13
2025-07-08,10,Court 18,Gate_1,No.2 Court,Reserved,2,France,1,True,74.5,15.6,0.0,False,Cool (15–19°C),2025-07-08 11:32:00,0,9
2025-07-13,11,Centre Court,Gate_1,Queue Ticket,General,0,Other,1,False,98.9,20.9,0.0,False,Warm (19–23°C),2025-07-13 13:07:00,0,14
2025-07-06,9,Court 7,Gate_4,Centre Court,Premium,4,USA,1,True,83.9,11.9,0.0,False,Cold (<15°C),2025-07-06 11:12:00,0,7
2025-07-02,9,Court 12,Gate_1,Queue Ticket,General,0,UK,0,True,96.2,25.2,0.0,False,Hot (>23°C),2025-07-02 11:23:00,0,3
2025-07-09,9,No.3 Court,Gate_8,Queue Ticket,General,0,UK,0,True,155.0,23.5,0.0,True,Hot (>23°C),2025-07-09 12:21:00,0,10
2025-07-06,12,Centre Court,Gate_7,No.1 Court,Reserved,3,Australia,1,True,17.7,14.8,0.0,False,Cold (<15°C),2025-07-06 13:06:00,0,7
2025-07-13,10,Court 8,Gate_3,No.2 Court,Reserved,2,UK,0,False,47.4,19.2,0.0,False,Warm (19–23°C),2025-07-13 11:44:00,0,14
2025-07-02,9,Court 12,Gate_7,Grounds Pass,General,1,UK,0,True,115.0,25.2,0.0,False,Hot (>23°C),2025-07-02 11:23:00,0,3
2025-07-13,10,No.2 Court,Gate_2,Grounds Pass,General,1,UK,0,False,94.2,19.2,0.0,False,Warm (19–23°C),2025-07-13 12:28:00,112,14
2025-07-04,9,No.2 Court,Gate_1,Queue Ticket,General,0,UK,0,False,170.9,21.9,0.0,False,Warm (19–23°C),2025-07-04 12:13:00,0,5
2025-07-11,11,No.1 Court,Gate_3,Grounds Pass,General,1,UK,0,True,102.7,19.3,0.0,False,Warm (19–23°C),2025-07-11 13:01:00,0,12
2025-06-30,10,Court 12,Gate_7,Grounds Pass,General,1,UK,0,False,87.1,17.2,0.0,False,Cool (15–19°C),2025-06-30 11:32:00,0,1
2025-07-07,9,Court 4,Gate_7,Queue Ticket,General,0,UK,0,True,93.1,22.2,0.0,False,Warm (19–23°C),2025-07-07 11:29:00,0,8
2025-06-30,10,Court 5,Gate_2,Grounds Pass,General,1,France,1,False,62.6,17.2,0.0,False,Cool (15–19°C),2025-06-30 11:30:00,0,1
2025-07-02,11,Centre Court,Gate_7,Grounds Pass,General,1,France,1,True,99.4,26.8,0.0,False,Hot (>23°C),2025-07-02 13:01:00,0,3
2025-07-13,9,Court 18,Gate_3,Grounds Pass,General,1,Spain,1,False,126.9,20.3,0.0,False,Warm (19–23°C),2025-07-13 11:50:00,21,14
2025-07-07,10,Court 6,Gate_3,No.1 Court,Reserved,3,USA,1,True,57.0,24.1,0.0,False,Hot (>23°C),2025-07-07 11:10:00,0,8
2025-07-01,11,Centre Court,Gate_3,Grounds Pass,General,1,UK,0,True,101.1,20.6,0.76,True,Warm (19–23°C),2025-07-01 13:13:00,0,2
2025-07-09,9,Court 12,Gate_5,Queue Ticket,General,0,Australia,1,True,136.6,23.5,0.0,True,Hot (>23°C),2025-07-09 11:49:00,0,10
2025-07-01,10,No.2 Court,Gate_7,Centre Court Debenture,Premium,5,Other,1,False,66.2,19.4,0.0,True,Warm (19–23°C),2025-07-01 12:04:00,0,2
2025-07-12,9,Court 8,Gate_1,Queue Ticket,General,0,UK,0,False,117.8,25.3,0.0,True,Hot (>23°C),2025-07-12 11:07:00,0,13
2025-07-01,12,No.1 Court,Gate_7,Centre Court Debenture,Premium,5,Spain,1,True,57.1,19.3,0.5,True,Warm (19–23°C),2025-07-01 13:00:00,0,2
2025-07-01,9,No.3 Court,Gate_5,Queue Ticket,General,0,UK,0,True,166.0,18.5,0.0,True,Cool (15–19°C),2025-07-01 12:22:00,0,2
2025-07-11,11,No.1 Court,Gate_6,Queue Ticket,General,0,USA,1,True,76.2,19.3,0.0,False,Warm (19–23°C),2025-07-11 13:01:00,0,12
2025-07-03,10,Court 5,Gate_7,No.1 Court,Reserved,3,UK,0,True,39.6,19.8,0.0,False,Warm (19–23°C),2025-07-03 11:02:00,33,4
2025-07-11,11,No.1 Court,Gate_8,Grounds Pass,General,1,Australia,1,False,62.5,19.3,0.0,False,Warm (19–23°C),2025-07-11 13:01:00,0,12
2025-07-02,11,Court 8,Gate_7,No.1 Court,Reserved,3,UK,0,False,44.7,26.8,0.0,False,Hot (>23°C),2025-07-02 11:50:00,0,3
2025-07-07,10,Court 4,Gate_4,Queue Ticket,General,0,USA,1,True,63.5,24.1,0.0,False,Hot (>23°C),2025-07-07 11:29:00,0,8
2025-07-10,10,No.2 Court,Gate_3,Grounds Pass,General,1,UK,0,False,89.9,24.9,0.0,False,Hot (>23°C),2025-07-10 12:07:00,0,11
2025-06-30,10,Court 6,Gate_4,Centre Court,Premium,4,Spain,1,True,27.1,17.2,0.0,False,Cool (15–19°C),2025-06-30 11:07:00,0,1
2025-07-07,10,Court 8,Gate_6,Centre Court Debenture,Premium,5,UK,0,True,61.5,24.1,0.0,False,Hot (>23°C),2025-07-07 11:59:00,0,8
2025-07-12,10,No.3 Court,Gate_1,Queue Ticket,General,0,Australia,1,True,107.2,27.2,0.0,True,Hot (>23°C),2025-07-12 12:15:00,0,13
2025-07-06,9,Court 5,Gate_5,Grounds Pass,General,1,Canada,1,True,97.4,11.9,0.0,False,Cold (<15°C),2025-07-06 11:05:00,0,7
2025-07-05,9,Court 4,Gate_4,Grounds Pass,General,1,UK,0,False,100.9,26.0,0.0,True,Hot (>23°C),2025-07-05 11:29:00,0,6
2025-07-06,11,Centre Court,Gate_7,No.2 Court,Reserved,2,UK,0,True,85.4,14.2,0.0,False,Cold (<15°C),2025-07-06 13:06:00,0,7
2025-07-05,9,Court 4,Gate_2,Queue Ticket,General,0,UK,0,True,115.2,26.0,0.0,True,Hot (>23°C),2025-07-05 11:29:00,0,6
2025-07-11,10,No.3 Court,Gate_6,Queue Ticket,General,0,UK,0,False,108.4,19.9,0.0,False,Warm (19–23°C),2025-07-11 12:28:00,26,12
2025-07-07,10,Court 12,Gate_5,Queue Ticket,General,0,UK,0,True,89.3,24.1,0.0,False,Hot (>23°C),2025-07-07 11:34:00,0,8
2025-07-03,10,Court 12,Gate_2,Grounds Pass,General,1,UK,0,True,74.5,19.8,0.0,False,Warm (19–23°C),2025-07-03 11:45:00,0,4
2025-07-12,10,Court 7,Gate_7,No.1 Court,Reserved,3,UK,0,True,65.1,27.2,0.0,True,Hot (>23°C),2025-07-12 11:42:00,63,13
2025-07-03,10,Court 7,Gate_2,Grounds Pass,General,1,UK,0,False,84.4,19.8,0.0,False,Warm (19–23°C),2025-07-03 11:40:00,0,4
2025-07-12,9,Court 5,Gate_3,Queue Ticket,General,0,Canada,1,False,148.4,25.3,0.0,True,Hot (>23°C),2025-07-12 11:34:00,0,13
2025-07-13,10,Court 8,Gate_8,No.1 Court,Reserved,3,UK,0,False,50.3,19.2,0.0,False,Warm (19–23°C),2025-07-13 11:44:00,0,14
2025-07-01,11,No.3 Court,Gate_2,No.1 Court,Reserved,3,USA,1,False,78.5,20.6,0.76,True,Warm (19–23°C),2025-07-01 12:22:00,0,2
2025-06-30,9,Court 6,Gate_1,Grounds Pass,General,1,Other,1,True,105.8,18.3,0.0,False,Cool (15–19°C),2025-06-30 11:07:00,0,1
2025-07-11,12,Centre Court,Gate_2,Grounds Pass,General,1,Japan,1,False,45.8,19.8,0.0,False,Warm (19–23°C),2025-07-11 13:13:00,0,12
2025-07-03,10,No.2 Court,Gate_8,Grounds Pass,General,1,Switzerland,1,True,88.0,19.8,0.0,False,Warm (19–23°C),2025-07-03 12:23:00,0,4
2025-07-05,10,Court 8,Gate_7,Grounds Pass,General,1,UK,0,True,110.3,23.2,0.0,True,Hot (>23°C),2025-07-05 11:57:00,28,6
2025-07-13,10,Court 5,Gate_1,No.1 Court,Reserved,3,Spain,1,True,52.2,19.2,0.0,False,Warm (19–23°C),2025-07-13 11:08:00,0,14
2025-07-13,10,Court 18,Gate_8,Grounds Pass,General,1,USA,1,False,68.5,19.2,0.0,False,Warm (19–23°C),2025-07-13 11:50:00,21,14
2025-07-12,9,Court 4,Gate_5,Grounds Pass,General,1,UK,0,False,132.8,25.3,0.0,True,Hot (>23°C),2025-07-12 11:45:00,0,13
2025-07-01,9,Court 5,Gate_3,Queue Ticket,General,0,Australia,1,True,133.4,18.5,0.0,True,Cool (15–19°C),2025-07-01 11:53:00,0,2
2025-07-08,10,No.3 Court,Gate_6,Grounds Pass,General,1,USA,1,True,92.7,15.6,0.0,False,Cool (15–19°C),2025-07-08 12:20:00,0,9
2025-06-30,11,Centre Court,Gate_2,Queue Ticket,General,0,UK,0,True,109.1,17.8,0.0,False,Cool (15–19°C),2025-06-30 13:01:00,0,1
2025-07-02,10,Court 18,Gate_2,No.2 Court,Reserved,2,Canada,1,True,41.8,27.9,0.0,False,Hot (>23°C),2025-07-02 11:38:00,0,3
2025-07-05,10,No.3 Court,Gate_2,Queue Ticket,General,0,USA,1,True,74.5,23.2,0.0,True,Hot (>23°C),2025-07-05 12:04:00,0,6
2025-07-06,10,No.2 Court,Gate_2,Grounds Pass,General,1,Spain,1,False,76.9,15.5,0.0,False,Cool (15–19°C),2025-07-06 12:07:00,0,7
2025-07-01,9,Court 18,Gate_3,Grounds Pass,General,1,Canada,1,True,124.8,18.5,0.0,True,Cool (15–19°C),2025-07-01 11:58:00,0,2
2025-06-30,11,No.3 Court,Gate_4,Centre Court,Premium,4,UK,0,False,53.6,17.8,0.0,False,Cool (15–19°C),2025-06-30 12:15:00,0,1
2025-07-12,10,No.1 Court,Gate_5,No.2 Court,Reserved,2,UK,0,True,129.7,27.2,0.0,True,Hot (>23°C),2025-07-12 13:04:00,0,13
2025-07-05,10,Court 8,Gate_8,No.1 Court,Reserved,3,Germany,1,True,79.1,23.2,0.0,True,Hot (>23°C),2025-07-05 11:57:00,28,6
2025-07-11,9,Court 18,Gate_4,Queue Ticket,General,0,UK,0,True,143.2,19.8,0.0,False,Warm (19–23°C),2025-07-11 11:58:00,113,12
2025-07-08,10,Court 7,Gate_7,Grounds Pass,General,1,Switzerland,1,False,78.0,15.6,0.0,False,Cool (15–19°C),2025-07-08 11:32:00,0,9
2025-07-13,11,No.1 Court,Gate_2,Queue Ticket,General,0,Canada,1,False,106.9,20.9,0.0,False,Warm (19–23°C),2025-07-13 13:09:00,0,14
2025-07-11,11,No.1 Court,Gate_6,Grounds Pass,General,1,Australia,1,True,63.1,19.3,0.0,False,Warm (19–23°C),2025-07-11 13:01:00,0,12
2025-07-05,11,Court 18,Gate_7,Centre Court Debenture,Premium,5,Australia,1,True,37.7,25.0,11.35,True,Hot (>23°C),2025-07-05 11:57:00,0,6
2025-07-02,9,Court 7,Gate_1,No.2 Court,Reserved,2,Japan,1,True,97.4,25.2,0.0,False,Hot (>23°C),2025-07-02 11:18:00,0,3
2025-06-30,12,Centre Court,Gate_5,No.1 Court,Reserved,3,UK,0,True,60.2,17.4,0.0,False,Cool (15–19°C),2025-06-30 13:01:00,0,1
2025-07-06,10,No.3 Court,Gate_1,Queue Ticket,General,0,UK,0,False,124.6,15.5,0.0,False,Cool (15–19°C),2025-07-06 12:21:00,0,7
2025-07-05,11,No.1 Court,Gate_6,Grounds Pass,General,1,USA,1,True,117.5,25.0,11.35,True,Hot (>23°C),2025-07-05 13:01:00,0,6
2025-07-11,10,No.3 Court,Gate_8,Queue Ticket,General,0,France,1,True,111.8,19.9,0.0,False,Warm (19–23°C),2025-07-11 12:28:00,26,12
2025-07-05,9,No.2 Court,Gate_2,Grounds Pass,General,1,Australia,1,False,156.0,26.0,0.0,True,Hot (>23°C),2025-07-05 12:21:00,0,6
2025-07-10,9,Court 4,Gate_6,Queue Ticket,General,0,UK,0,False,84.3,26.4,0.0,False,Hot (>23°C),2025-07-10 11:02:00,0,11
2025-07-13,10,No.2 Court,Gate_2,Queue Ticket,General,0,UK,0,False,101.5,19.2,0.0,False,Warm (19–23°C),2025-07-13 12:28:00,112,14
2025-07-13,10,Court 18,Gate_1,No.2 Court,Reserved,2,UK,0,True,76.1,19.2,0.0,False,Warm (19–23°C),2025-07-13 11:50:00,21,14
2025-07-12,11,No.1 Court,Gate_2,Grounds Pass,General,1,UK,0,False,98.9,27.4,0.06,True,Hot (>23°C),2025-07-12 13:04:00,0,13
2025-07-10,10,No.2 Court,Gate_5,Queue Ticket,General,0,UK,0,False,76.9,24.9,0.0,False,Hot (>23°C),2025-07-10 12:07:00,0,11
2025-07-10,12,Centre Court,Gate_3,No.1 Court,Reserved,3,Germany,1,True,38.1,24.1,0.0,False,Hot (>23°C),2025-07-10 13:14:00,0,11
2025-07-08,9,Court 8,Gate_5,Grounds Pass,General,1,UK,0,False,107.7,14.1,0.0,False,Cold (<15°C),2025-07-08 11:31:00,56,9
2025-07-09,9,Court 12,Gate_6,Queue Ticket,General,0,UK,0,True,148.2,23.5,0.0,True,Hot (>23°C),2025-07-09 11:49:00,0,10
2025-07-04,11,No.1 Court,Gate_3,Grounds Pass,General,1,Germany,1,True,91.8,20.4,0.0,False,Warm (19–23°C),2025-07-04 13:05:00,0,5
2025-07-05,11,Centre Court,Gate_1,Centre Court,Premium,4,USA,1,True,90.9,25.0,11.35,True,Hot (>23°C),2025-07-05 13:01:00,0,6
2025-07-09,10,No.1 Court,Gate_2,Queue Ticket,General,0,UK,0,True,146.7,22.9,0.0,True,Warm (19–23°C),2025-07-09 13:09:00,0,10
2025-07-08,12,No.1 Court,Gate_2,No.1 Court,Reserved,3,France,1,True,21.7,12.5,0.0,False,Cold (<15°C),2025-07-08 13:07:00,0,9
2025-07-11,9,Court 7,Gate_7,Queue Ticket,General,0,Japan,1,True,100.4,19.8,0.0,False,Warm (19–23°C),2025-07-11 11:02:00,0,12
2025-07-11,11,No.1 Court,Gate_6,Grounds Pass,General,1,UK,0,True,75.9,19.3,0.0,False,Warm (19–23°C),2025-07-11 13:01:00,0,12
2025-07-10,9,Court 4,Gate_8,Grounds Pass,General,1,UK,0,False,64.4,26.4,0.0,False,Hot (>23°C),2025-07-10 11:02:00,0,11
2025-07-02,10,No.2 Court,Gate_1,Queue Ticket,General,0,UK,0,True,111.4,27.9,0.0,False,Hot (>23°C),2025-07-02 12:20:00,0,3
2025-07-11,10,Court 4,Gate_5,Grounds Pass,General,1,USA,1,False,88.2,19.9,0.0,False,Warm (19–23°C),2025-07-11 11:49:00,0,12
2025-07-03,11,Centre Court,Gate_7,Centre Court Debenture,Premium,5,UK,0,True,65.0,20.3,0.0,False,Warm (19–23°C),2025-07-03 13:02:00,0,4
2025-07-10,11,No.3 Court,Gate_3,Grounds Pass,General,1,UK,0,False,68.4,23.8,0.0,False,Hot (>23°C),2025-07-10 12:15:00,0,11
2025-07-10,9,Court 4,Gate_7,Queue Ticket,General,0,UK,0,True,69.4,26.4,0.0,False,Hot (>23°C),2025-07-10 11:02:00,0,11
2025-07-12,9,Court 8,Gate_4,Grounds Pass,General,1,Australia,1,False,97.4,25.3,0.0,True,Hot (>23°C),2025-07-12 11:07:00,0,13
2025-07-04,9,Court 6,Gate_2,Grounds Pass,General,1,UK,0,False,130.5,21.9,0.0,False,Warm (19–23°C),2025-07-04 11:26:00,0,5
2025-07-07,11,No.2 Court,Gate_7,Centre Court,Premium,4,USA,1,False,57.7,21.4,0.0,False,Warm (19–23°C),2025-07-07 12:17:00,95,8
2025-07-03,8,Court 6,Gate_5,Queue Ticket,General,0,UK,0,True,148.5,21.9,0.0,False,Warm (19–23°C),2025-07-03 11:26:00,0,4
2025-07-11,11,No.3 Court,Gate_5,Grounds Pass,General,1,Germany,1,False,62.2,19.3,0.0,False,Warm (19–23°C),2025-07-11 12:28:00,26,12
2025-07-11,12,No.1 Court,Gate_4,No.2 Court,Reserved,2,USA,1,False,35.1,19.8,0.0,False,Warm (19–23°C),2025-07-11 13:01:00,0,12
2025-07-13,9,Court 6,Gate_4,Queue Ticket,General,0,UK,0,False,84.3,20.3,0.0,False,Warm (19–23°C),2025-07-13 11:00:00,0,14
2025-07-12,11,Centre Court,Gate_3,No.2 Court,Reserved,2,UK,0,True,108.9,27.4,0.06,True,Hot (>23°C),2025-07-12 13:00:00,0,13
2025-07-13,9,Court 5,Gate_3,Grounds Pass,General,1,USA,1,True,82.1,20.3,0.0,False,Warm (19–23°C),2025-07-13 11:08:00,0,14
2025-07-03,10,Court 6,Gate_5,No.2 Court,Reserved,2,UK,0,True,42.5,19.8,0.0,False,Warm (19–23°C),2025-07-03 11:26:00,0,4
2025-07-02,11,No.1 Court,Gate_6,No.2 Court,Reserved,2,USA,1,True,73.4,26.8,0.0,False,Hot (>23°C),2025-07-02 13:07:00,0,3
2025-07-10,11,No.1 Court,Gate_3,Grounds Pass,General,1,UK,0,True,90.4,23.8,0.0,False,Hot (>23°C),2025-07-10 13:13:00,0,11
2025-07-06,11,Centre Court,Gate_7,Grounds Pass,General,1,UK,0,True,95.3,14.2,0.0,False,Cold (<15°C),2025-07-06 13:06:00,0,7
2025-07-05,8,Court 4,Gate_5,Queue Ticket,General,0,UK,0,False,176.0,27.3,0.0,True,Hot (>23°C),2025-07-05 11:29:00,0,6
2025-07-05,11,No.2 Court,Gate_7,No.2 Court,Reserved,2,USA,1,True,74.7,25.0,11.35,True,Hot (>23°C),2025-07-05 12:21:00,0,6
2025-07-07,11,Centre Court,Gate_3,Queue Ticket,General,0,UK,0,True,91.8,21.4,0.0,False,Warm (19–23°C),2025-07-07 13:10:00,0,8
2025-07-01,10,Court 5,Gate_7,Grounds Pass,General,1,France,1,True,97.8,19.4,0.0,True,Warm (19–23°C),2025-07-01 11:53:00,0,2
2025-07-12,9,Court 8,Gate_5,No.2 Court,Reserved,2,Australia,1,True,84.1,25.3,0.0,True,Hot (>23°C),2025-07-12 11:07:00,0,13
2025-07-13,11,No.1 Court,Gate_2,Grounds Pass,General,1,UK,0,False,102.5,20.9,0.0,False,Warm (19–23°C),2025-07-13 13:09:00,0,14
2025-07-04,9,Court 8,Gate_5,Queue Ticket,General,0,UK,0,True,136.6,21.9,0.0,False,Warm (19–23°C),2025-07-04 11:59:00,0,5
2025-07-10,11,No.2 Court,Gate_8,No.2 Court,Reserved,2,UK,0,True,63.4,23.8,0.0,False,Hot (>23°C),2025-07-10 12:07:00,0,11
2025-07-02,10,Court 7,Gate_8,Queue Ticket,General,0,USA,1,True,76.0,27.9,0.0,False,Hot (>23°C),2025-07-02 11:18:00,0,3
2025-07-02,11,Centre Court,Gate_7,Queue Ticket,General,0,UK,0,True,86.7,26.8,0.0,False,Hot (>23°C),2025-07-02 13:01:00,0,3
2025-07-06,9,Court 12,Gate_7,Queue Ticket,General,0,UK,0,True,111.1,11.9,0.0,False,Cold (<15°C),2025-07-06 11:10:00,0,7
2025-07-12,9,No.2 Court,Gate_8,Queue Ticket,General,0,UK,0,True,135.0,25.3,0.0,True,Hot (>23°C),2025-07-12 12:03:00,49,13
2025-07-12,10,No.2 Court,Gate_6,Grounds Pass,General,1,UK,0,True,91.4,27.2,0.0,True,Hot (>23°C),2025-07-12 12:03:00,49,13
2025-07-10,10,Court 8,Gate_3,Grounds Pass,General,1,USA,1,False,85.0,24.9,0.0,False,Hot (>23°C),2025-07-10 11:53:00,0,11
2025-07-08,11,No.2 Court,Gate_6,Centre Court,Premium,4,France,1,True,45.5,12.1,0.0,False,Cold (<15°C),2025-07-08 12:23:00,0,9
2025-07-09,10,Court 12,Gate_7,No.2 Court,Reserved,2,UK,0,False,92.8,22.9,0.0,True,Warm (19–23°C),2025-07-09 11:49:00,0,10
2025-07-06,11,No.2 Court,Gate_6,Centre Court Debenture,Premium,5,UK,0,True,53.8,14.2,0.0,False,Cold (<15°C),2025-07-06 12:07:00,0,7
2025-07-07,9,Court 12,Gate_4,Queue Ticket,General,0,Other,1,True,101.7,22.2,0.0,False,Warm (19–23°C),2025-07-07 11:34:00,0,8
2025-06-30,9,Court 7,Gate_8,Grounds Pass,General,1,USA,1,True,74.9,18.3,0.0,False,Cool (15–19°C),2025-06-30 11:10:00,0,1
2025-07-10,11,Court 18,Gate_2,No.2 Court,Reserved,2,UK,0,True,38.9,23.8,0.0,False,Hot (>23°C),2025-07-10 11:46:00,0,11
2025-07-11,11,Centre Court,Gate_1,Grounds Pass,General,1,Germany,1,True,85.1,19.3,0.0,False,Warm (19–23°C),2025-07-11 13:13:00,0,12
2025-07-09,9,Court 6,Gate_2,No.1 Court,Reserved,3,USA,1,True,100.3,23.5,0.0,True,Hot (>23°C),2025-07-09 11:14:00,0,10
2025-07-12,11,No.3 Court,Gate_1,No.1 Court,Reserved,3,UK,0,True,59.5,27.4,0.06,True,Hot (>23°C),2025-07-12 12:15:00,0,13
2025-07-06,11,No.3 Court,Gate_4,Centre Court,Premium,4,USA,1,True,34.6,14.2,0.0,False,Cold (<15°C),2025-07-06 12:21:00,0,7
2025-07-04,11,Centre Court,Gate_5,No.2 Court,Reserved,2,UK,0,True,110.6,20.4,0.0,False,Warm (19–23°C),2025-07-04 13:08:00,0,5
2025-07-06,10,Court 6,Gate_8,Centre Court Debenture,Premium,5,UK,0,True,63.6,15.5,0.0,False,Cool (15–19°C),2025-07-06 11:42:00,0,7
2025-07-13,11,No.1 Court,Gate_3,Grounds Pass,General,1,Spain,1,False,108.7,20.9,0.0,False,Warm (19–23°C),2025-07-13 13:09:00,0,14
2025-07-10,10,Court 5,Gate_4,Centre Court Debenture,Premium,5,UK,0,True,30.5,24.9,0.0,False,Hot (>23°C),2025-07-10 11:09:00,0,11
2025-07-01,10,Centre Court,Gate_2,Queue Ticket,General,0,UK,0,False,133.7,19.4,0.0,True,Warm (19–23°C),2025-07-01 13:13:00,0,2
2025-07-09,10,No.1 Court,Gate_1,Queue Ticket,General,0,UK,0,True,131.5,22.9,0.0,True,Warm (19–23°C),2025-07-09 13:09:00,0,10
2025-07-06,12,No.1 Court,Gate_6,Centre Court Debenture,Premium,5,Canada,1,True,20.0,14.8,0.0,False,Cold (<15°C),2025-07-06 13:03:00,0,7
2025-06-30,10,Court 5,Gate_7,Grounds Pass,General,1,UK,0,True,88.4,17.2,0.0,False,Cool (15–19°C),2025-06-30 11:30:00,0,1
2025-07-01,8,Court 8,Gate_1,Queue Ticket,General,0,UK,0,False,162.7,21.8,0.0,True,Warm (19–23°C),2025-07-01 11:09:00,0,2
2025-07-07,10,Court 18,Gate_1,No.1 Court,Reserved,3,UK,0,True,56.5,24.1,0.0,False,Hot (>23°C),2025-07-07 11:17:00,0,8
2025-07-09,10,No.2 Court,Gate_6,No.1 Court,Reserved,3,UK,0,False,95.8,22.9,0.0,True,Warm (19–23°C),2025-07-09 12:20:00,0,10
2025-06-30,9,Court 8,Gate_2,Queue Ticket,General,0,UK,0,False,115.2,18.3,0.0,False,Cool (15–19°C),2025-06-30 11:55:00,0,1
2025-07-12,10,Court 5,Gate_4,No.1 Court,Reserved,3,UK,0,True,88.8,27.2,0.0,True,Hot (>23°C),2025-07-12 11:34:00,0,13
2025-07-01,10,No.1 Court,Gate_7,Grounds Pass,General,1,UK,0,True,121.9,19.4,0.0,True,Warm (19–23°C),2025-07-01 13:00:00,0,2
2025-07-13,11,Court 8,Gate_8,No.2 Court,Reserved,2,Canada,1,True,30.7,20.9,0.0,False,Warm (19–23°C),2025-07-13 11:44:00,0,14
2025-07-04,10,Court 4,Gate_6,Grounds Pass,General,1,UK,0,True,66.8,21.2,0.0,False,Warm (19–23°C),2025-07-04 11:51:00,105,5
2025-07-13,10,Court 12,Gate_4,Centre Court,Premium,4,UK,0,True,50.0,19.2,0.0,False,Warm (19–23°C),2025-07-13 11:48:00,0,14
2025-07-01,9,Court 18,Gate_1,Queue Ticket,General,0,UK,0,True,159.1,18.5,0.0,True,Cool (15–19°C),2025-07-01 11:58:00,0,2
2025-07-12,8,Court 8,Gate_7,Queue Ticket,General,0,Canada,1,True,128.6,24.7,0.0,True,Hot (>23°C),2025-07-12 11:07:00,0,13
2025-07-03,9,Court 7,Gate_1,Grounds Pass,General,1,UK,0,False,110.8,17.0,0.0,False,Cool (15–19°C),2025-07-03 11:40:00,0,4
2025-07-11,10,Centre Court,Gate_8,Queue Ticket,General,0,UK,0,False,147.1,19.9,0.0,False,Warm (19–23°C),2025-07-11 13:13:00,0,12
2025-06-30,10,Court 5,Gate_4,Centre Court,Premium,4,USA,1,False,40.9,17.2,0.0,False,Cool (15–19°C),2025-06-30 11:30:00,0,1
2025-07-12,9,Court 4,Gate_1,No.2 Court,Reserved,2,UK,0,True,110.2,25.3,0.0,True,Hot (>23°C),2025-07-12 11:45:00,0,13
2025-07-06,10,Court 8,Gate_6,Queue Ticket,General,0,Canada,1,False,78.6,15.5,0.0,False,Cool (15–19°C),2025-07-06 11:32:00,0,7
2025-07-10,9,Court 5,Gate_7,Queue Ticket,General,0,UK,0,True,89.5,26.4,0.0,False,Hot (>23°C),2025-07-10 11:09:00,0,11
2025-07-07,10,Court 8,Gate_8,Queue Ticket,General,0,UK,0,True,96.5,24.1,0.0,False,Hot (>23°C),2025-07-07 11:59:00,0,8
2025-07-06,9,Court 18,Gate_3,Queue Ticket,General,0,Germany,1,True,148.8,11.9,0.0,False,Cold (<15°C),2025-07-06 11:29:00,0,7
2025-07-05,10,Court 6,Gate_4,No.1 Court,Reserved,3,USA,1,False,63.7,23.2,0.0,True,Hot (>23°C),2025-07-05 11:14:00,0,6
2025-06-30,10,Court 4,Gate_4,No.2 Court,Reserved,2,UK,0,True,70.8,17.2,0.0,False,Cool (15–19°C),2025-06-30 11:58:00,0,1
2025-07-03,11,No.1 Court,Gate_5,Grounds Pass,General,1,UK,0,False,80.9,20.3,0.0,False,Warm (19–23°C),2025-07-03 13:11:00,0,4
2025-07-04,9,Court 5,Gate_6,Grounds Pass,General,1,Canada,1,False,89.1,21.9,0.0,False,Warm (19–23°C),2025-07-04 11:16:00,0,5
2025-07-09,11,Centre Court,Gate_1,Centre Court,Premium,4,UK,0,True,98.1,23.2,0.8,True,Hot (>23°C),2025-07-09 13:02:00,0,10
2025-06-30,8,Court 6,Gate_7,Grounds Pass,General,1,UK,0,False,129.1,15.9,0.0,False,Cool (15–19°C),2025-06-30 11:07:00,0,1
2025-07-04,10,No.2 Court,Gate_6,No.2 Court,Reserved,2,UK,0,False,94.8,21.2,0.0,False,Warm (19–23°C),2025-07-04 12:13:00,0,5
2025-07-01,9,Court 7,Gate_2,No.1 Court,Reserved,3,UK,0,False,103.9,18.5,0.0,True,Cool (15–19°C),2025-07-01 11:32:00,0,2
2025-07-13,10,Court 7,Gate_2,Grounds Pass,General,1,USA,1,True,91.1,19.2,0.0,False,Warm (19–23°C),2025-07-13 11:57:00,0,14
2025-07-08,10,Court 6,Gate_3,Centre Court Debenture,Premium,5,USA,1,True,28.6,15.6,0.0,False,Cool (15–19°C),2025-07-08 11:28:00,0,9
2025-07-11,11,No.3 Court,Gate_4,No.2 Court,Reserved,2,USA,1,False,53.6,19.3,0.0,False,Warm (19–23°C),2025-07-11 12:28:00,26,12
2025-07-04,10,Court 4,Gate_6,Grounds Pass,General,1,UK,0,True,102.0,21.2,0.0,False,Warm (19–23°C),2025-07-04 11:51:00,105,5
2025-07-10,12,No.1 Court,Gate_6,Centre Court,Premium,4,UK,0,False,62.3,24.1,0.0,False,Hot (>23°C),2025-07-10 13:13:00,0,11
2025-07-05,11,No.2 Court,Gate_3,Centre Court,Premium,4,UK,0,True,70.7,25.0,11.35,True,Hot (>23°C),2025-07-05 12:21:00,0,6
2025-07-05,9,Court 7,Gate_3,Grounds Pass,General,1,Japan,1,True,98.9,26.0,0.0,True,Hot (>23°C),2025-07-05 11:18:00,0,6
2025-07-10,10,No.3 Court,Gate_5,Queue Ticket,General,0,UK,0,True,86.7,24.9,0.0,False,Hot (>23°C),2025-07-10 12:15:00,0,11
2025-07-11,10,Court 4,Gate_4,Grounds Pass,General,1,UK,0,True,77.5,19.9,0.0,False,Warm (19–23°C),2025-07-11 11:49:00,0,12
2025-06-30,12,No.3 Court,Gate_5,Centre Court Debenture,Premium,5,USA,1,True,11.6,17.4,0.0,False,Cool (15–19°C),2025-06-30 12:15:00,0,1
2025-07-01,10,No.2 Court,Gate_5,No.1 Court,Reserved,3,Other,1,False,90.6,19.4,0.0,True,Warm (19–23°C),2025-07-01 12:04:00,0,2
2025-07-09,8,Court 7,Gate_5,Queue Ticket,General,0,UK,0,False,155.4,22.8,0.0,True,Warm (19–23°C),2025-07-09 11:02:00,0,10
2025-07-04,10,Court 7,Gate_6,Grounds Pass,General,1,Spain,1,False,90.3,21.2,0.0,False,Warm (19–23°C),2025-07-04 11:39:00,0,5
2025-07-02,11,Court 8,Gate_4,No.2 Court,Reserved,2,UK,0,True,44.1,26.8,0.0,False,Hot (>23°C),2025-07-02 11:50:00,0,3
2025-07-11,9,Court 7,Gate_6,Grounds Pass,General,1,UK,0,True,78.2,19.8,0.0,False,Warm (19–23°C),2025-07-11 11:02:00,0,12
2025-07-05,10,Court 5,Gate_2,Queue Ticket,General,0,Canada,1,False,95.5,23.2,0.0,True,Hot (>23°C),2025-07-05 11:41:00,0,6
2025-07-01,9,Court 4,Gate_1,Grounds Pass,General,1,Japan,1,True,111.0,18.5,0.0,True,Cool (15–19°C),2025-07-01 11:26:00,0,2
2025-07-03,9,Court 8,Gate_3,Grounds Pass,General,1,UK,0,True,84.5,17.0,0.0,False,Cool (15–19°C),2025-07-03 11:04:00,0,4
2025-07-09,9,Court 6,Gate_2,Queue Ticket,General,0,USA,1,False,117.6,23.5,0.0,True,Hot (>23°C),2025-07-09 11:14:00,0,10
2025-07-06,9,Court 18,Gate_7,Queue Ticket,General,0,Germany,1,False,129.2,11.9,0.0,False,Cold (<15°C),2025-07-06 11:29:00,0,7
2025-07-06,9,Court 5,Gate_2,Queue Ticket,General,0,France,1,True,79.6,11.9,0.0,False,Cold (<15°C),2025-07-06 11:05:00,0,7
2025-07-05,10,Court 6,Gate_7,No.2 Court,Reserved,2,Other,1,True,56.0,23.2,0.0,True,Hot (>23°C),2025-07-05 11:14:00,0,6
2025-07-09,11,No.1 Court,Gate_1,Centre Court,Premium,4,UK,0,True,106.3,23.2,0.8,True,Hot (>23°C),2025-07-09 13:09:00,0,10
2025-07-06,10,Court 18,Gate_7,No.2 Court,Reserved,2,Other,1,False,56.9,15.5,0.0,False,Cool (15–19°C),2025-07-06 11:29:00,0,7
2025-07-02,12,Centre Court,Gate_8,No.1 Court,Reserved,3,UK,0,True,46.4,27.1,0.0,False,Hot (>23°C),2025-07-02 13:01:00,0,3
2025-06-30,10,Court 12,Gate_4,No.2 Court,Reserved,2,France,1,False,58.7,17.2,0.0,False,Cool (15–19°C),2025-06-30 11:32:00,0,1
2025-07-10,11,Court 6,Gate_4,No.1 Court,Reserved,3,Japan,1,True,5.0,23.8,0.0,False,Hot (>23°C),2025-07-10 11:53:00,0,11
2025-07-08,10,Court 8,Gate_3,No.2 Court,Reserved,2,UK,0,True,78.9,15.6,0.0,False,Cool (15–19°C),2025-07-08 11:31:00,56,9
2025-07-12,11,No.1 Court,Gate_6,Grounds Pass,General,1,Switzerland,1,True,117.3,27.4,0.06,True,Hot (>23°C),2025-07-12 13:04:00,0,13
2025-07-05,10,Court 18,Gate_7,Grounds Pass,General,1,Germany,1,True,78.0,23.2,0.0,True,Hot (>23°C),2025-07-05 11:57:00,0,6
2025-07-11,11,Court 4,Gate_5,No.2 Court,Reserved,2,UK,0,True,32.4,19.3,0.0,False,Warm (19–23°C),2025-07-11 11:49:00,0,12
2025-07-13,10,Court 8,Gate_5,No.1 Court,Reserved,3,UK,0,False,76.6,19.2,0.0,False,Warm (19–23°C),2025-07-13 11:44:00,0,14
2025-07-10,11,Court 6,Gate_7,Centre Court,Premium,4,UK,0,True,46.8,23.8,0.0,False,Hot (>23°C),2025-07-10 11:53:00,0,11
2025-07-01,10,No.3 Court,Gate_8,Queue Ticket,General,0,UK,0,False,108.8,19.4,0.0,True,Warm (19–23°C),2025-07-01 12:22:00,0,2
2025-07-13,10,Court 12,Gate_3,No.2 Court,Reserved,2,UK,0,True,82.0,19.2,0.0,False,Warm (19–23°C),2025-07-13 11:48:00,0,14
2025-06-30,11,No.1 Court,Gate_8,Grounds Pass,General,1,UK,0,False,89.3,17.8,0.0,False,Cool (15–19°C),2025-06-30 13:11:00,0,1
2025-07-11,11,No.1 Court,Gate_1,Grounds Pass,General,1,UK,0,True,106.2,19.3,0.0,False,Warm (19–23°C),2025-07-11 13:01:00,0,12
2025-06-30,10,Court 5,Gate_5,No.2 Court,Reserved,2,UK,0,True,65.7,17.2,0.0,False,Cool (15–19°C),2025-06-30 11:30:00,0,1
2025-07-05,10,Court 8,Gate_8,Queue Ticket,General,0,France,1,True,100.1,23.2,0.0,True,Hot (>23°C),2025-07-05 11:57:00,28,6
2025-06-30,9,Court 7,Gate_1,Grounds Pass,General,1,UK,0,False,119.7,18.3,0.0,False,Cool (15–19°C),2025-06-30 11:10:00,0,1
2025-07-01,9,Court 6,Gate_8,No.2 Court,Reserved,2,Spain,1,False,113.6,18.5,0.0,True,Cool (15–19°C),2025-07-01 11:21:00,66,2
2025-07-06,11,No.1 Court,Gate_7,Centre Court,Premium,4,UK,0,False,100.1,14.2,0.0,False,Cold (<15°C),2025-07-06 13:03:00,0,7
2025-07-11,10,Court 18,Gate_2,Centre Court,Premium,4,UK,0,False,66.9,19.9,0.0,False,Warm (19–23°C),2025-07-11 11:58:00,113,12
2025-07-07,10,Court 18,Gate_1,No.1 Court,Reserved,3,Other,1,True,37.0,24.1,0.0,False,Hot (>23°C),2025-07-07 11:17:00,0,8
2025-07-09,9,Court 4,Gate_4,No.2 Court,Reserved,2,UK,0,True,141.9,23.5,0.0,True,Hot (>23°C),2025-07-09 11:43:00,81,10
2025-07-03,12,Centre Court,Gate_2,Centre Court,Premium,4,USA,1,True,36.9,20.5,0.0,False,Warm (19–23°C),2025-07-03 13:02:00,0,4
2025-07-06,11,No.3 Court,Gate_6,No.1 Court,Reserved,3,Australia,1,False,57.5,14.2,0.0,False,Cold (<15°C),2025-07-06 12:21:00,0,7
2025-06-30,12,No.1 Court,Gate_5,Grounds Pass,General,1,UK,0,True,63.1,17.4,0.0,False,Cool (15–19°C),2025-06-30 13:11:00,0,1
2025-07-10,11,Centre Court,Gate_5,Queue Ticket,General,0,UK,0,True,103.6,23.8,0.0,False,Hot (>23°C),2025-07-10 13:14:00,0,11
2025-07-13,11,Centre Court,Gate_3,Grounds Pass,General,1,Germany,1,True,85.0,20.9,0.0,False,Warm (19–23°C),2025-07-13 13:07:00,0,14
2025-07-08,10,No.3 Court,Gate_3,Grounds Pass,General,1,UK,0,True,82.0,15.6,0.0,False,Cool (15–19°C),2025-07-08 12:20:00,0,9
2025-07-12,10,Court 5,Gate_8,Grounds Pass,General,1,USA,1,False,52.9,27.2,0.0,True,Hot (>23°C),2025-07-12 11:34:00,0,13
2025-07-10,10,Court 7,Gate_7,Grounds Pass,General,1,USA,1,True,64.4,24.9,0.0,False,Hot (>23°C),2025-07-10 11:13:00,0,11
2025-07-13,10,Court 7,Gate_3,Grounds Pass,General,1,UK,0,False,102.0,19.2,0.0,False,Warm (19–23°C),2025-07-13 11:57:00,0,14
2025-07-09,10,Centre Court,Gate_8,Queue Ticket,General,0,Switzerland,1,True,166.2,22.9,0.0,True,Warm (19–23°C),2025-07-09 13:02:00,0,10
2025-07-09,11,No.1 Court,Gate_6,No.2 Court,Reserved,2,USA,1,True,95.8,23.2,0.8,True,Hot (>23°C),2025-07-09 13:09:00,0,10
2025-07-03,10,Court 7,Gate_8,Centre Court,Premium,4,Australia,1,True,47.0,19.8,0.0,False,Warm (19–23°C),2025-07-03 11:40:00,0,4
2025-07-07,10,Court 8,Gate_2,Centre Court,Premium,4,USA,1,False,81.1,24.1,0.0,False,Hot (>23°C),2025-07-07 11:59:00,0,8
2025-06-30,10,Court 4,Gate_5,Grounds Pass,General,1,UK,0,True,108.9,17.2,0.0,False,Cool (15–19°C),2025-06-30 11:58:00,0,1
2025-07-04,11,No.1 Court,Gate_1,No.2 Court,Reserved,2,Canada,1,True,82.3,20.4,0.0,False,Warm (19–23°C),2025-07-04 13:05:00,0,5
2025-07-06,10,No.2 Court,Gate_3,Queue Ticket,General,0,UK,0,True,72.7,15.5,0.0,False,Cool (15–19°C),2025-07-06 12:07:00,0,7
2025-07-04,9,Court 5,Gate_1,No.2 Court,Reserved,2,UK,0,True,78.6,21.9,0.0,False,Warm (19–23°C),2025-07-04 11:16:00,0,5
2025-07-12,10,Court 5,Gate_3,Centre Court Debenture,Premium,5,UK,0,True,71.7,27.2,0.0,True,Hot (>23°C),2025-07-12 11:34:00,0,13
2025-07-04,11,Centre Court,Gate_8,Grounds Pass,General,1,Germany,1,True,88.2,20.4,0.0,False,Warm (19–23°C),2025-07-04 13:08:00,0,5
2025-06-30,11,No.1 Court,Gate_1,Grounds Pass,General,1,UK,0,True,109.8,17.8,0.0,False,Cool (15–19°C),2025-06-30 13:11:00,0,1
2025-07-08,11,No.1 Court,Gate_3,Queue Ticket,General,0,France,1,True,105.2,12.1,0.0,False,Cold (<15°C),2025-07-08 13:07:00,0,9
2025-07-06,9,Court 7,Gate_4,Queue Ticket,General,0,UK,0,False,129.1,11.9,0.0,False,Cold (<15°C),2025-07-06 11:12:00,0,7
2025-06-30,10,Court 8,Gate_6,Grounds Pass,General,1,UK,0,False,81.1,17.2,0.0,False,Cool (15–19°C),2025-06-30 11:55:00,0,1
2025-07-09,11,No.2 Court,Gate_7,No.1 Court,Reserved,3,UK,0,True,62.8,23.2,0.8,True,Hot (>23°C),2025-07-09 12:20:00,0,10
2025-07-13,9,Court 4,Gate_1,Grounds Pass,General,1,UK,0,False,103.5,20.3,0.0,False,Warm (19–23°C),2025-07-13 11:33:00,92,14
2025-07-11,11,No.3 Court,Gate_3,No.2 Court,Reserved,2,UK,0,False,87.9,19.3,0.0,False,Warm (19–23°C),2025-07-11 12:28:00,26,12
2025-06-30,9,Court 7,Gate_3,Grounds Pass,General,1,UK,0,False,109.1,18.3,0.0,False,Cool (15–19°C),2025-06-30 11:10:00,0,1
2025-07-12,10,No.3 Court,Gate_4,No.2 Court,Reserved,2,USA,1,True,88.8,27.2,0.0,True,Hot (>23°C),2025-07-12 12:15:00,0,13
2025-07-13,10,Court 8,Gate_5,Centre Court,Premium,4,UK,0,False,93.3,19.2,0.0,False,Warm (19–23°C),2025-07-13 11:44:00,0,14
2025-07-09,11,No.1 Court,Gate_7,Grounds Pass,General,1,USA,1,False,121.7,23.2,0.8,True,Hot (>23°C),2025-07-09 13:09:00,0,10
2025-07-09,9,Court 12,Gate_4,Grounds Pass,General,1,Australia,1,True,126.6,23.5,0.0,True,Hot (>23°C),2025-07-09 11:49:00,0,10
2025-07-13,9,Court 18,Gate_5,Grounds Pass,General,1,UK,0,True,133.3,20.3,0.0,False,Warm (19–23°C),2025-07-13 11:50:00,21,14
2025-07-03,11,No.2 Court,Gate_7,No.1 Court,Reserved,3,UK,0,True,57.0,20.3,0.0,False,Warm (19–23°C),2025-07-03 12:23:00,0,4
2025-07-06,10,Court 4,Gate_1,No.2 Court,Reserved,2,Australia,1,True,25.9,15.5,0.0,False,Cool (15–19°C),2025-07-06 11:04:00,0,7
2025-07-06,9,Court 8,Gate_3,Queue Ticket,General,0,Australia,1,False,108.2,11.9,0.0,False,Cold (<15°C),2025-07-06 11:32:00,0,7
2025-07-09,9,Court 4,Gate_2,No.2 Court,Reserved,2,France,1,True,142.9,23.5,0.0,True,Hot (>23°C),2025-07-09 11:43:00,81,10
2025-07-11,11,No.2 Court,Gate_4,No.2 Court,Reserved,2,USA,1,True,41.6,19.3,0.0,False,Warm (19–23°C),2025-07-11 12:00:00,0,12
2025-07-11,9,Court 4,Gate_3,Queue Ticket,General,0,USA,1,False,116.9,19.8,0.0,False,Warm (19–23°C),2025-07-11 11:49:00,0,12
2025-07-04,11,No.3 Court,Gate_6,Grounds Pass,General,1,UK,0,False,68.5,20.4,0.0,False,Warm (19–23°C),2025-07-04 12:29:00,0,5
2025-07-02,9,Court 6,Gate_2,Grounds Pass,General,1,UK,0,True,97.0,25.2,0.0,False,Hot (>23°C),2025-07-02 11:05:00,0,3
2025-06-30,11,Centre Court,Gate_3,Grounds Pass,General,1,UK,0,True,65.4,17.8,0.0,False,Cool (15–19°C),2025-06-30 13:01:00,0,1
2025-07-04,12,No.1 Court,Gate_1,No.1 Court,Reserved,3,USA,1,True,57.3,21.9,0.0,False,Warm (19–23°C),2025-07-04 13:05:00,0,5
2025-07-08,11,Centre Court,Gate_4,Centre Court,Premium,4,UK,0,True,80.4,12.1,0.0,False,Cold (<15°C),2025-07-08 13:00:00,0,9
2025-07-11,11,No.1 Court,Gate_1,Centre Court,Premium,4,Japan,1,True,70.1,19.3,0.0,False,Warm (19–23°C),2025-07-11 13:01:00,0,12
2025-07-05,9,Court 12,Gate_5,Grounds Pass,General,1,UK,0,False,135.4,26.0,0.0,True,Hot (>23°C),2025-07-05 11:20:00,0,6
2025-07-04,10,Court 4,Gate_1,No.2 Court,Reserved,2,UK,0,True,77.0,21.2,0.0,False,Warm (19–23°C),2025-07-04 11:51:00,105,5
2025-07-06,10,Court 8,Gate_3,Centre Court,Premium,4,UK,0,False,73.9,15.5,0.0,False,Cool (15–19°C),2025-07-06 11:32:00,0,7
2025-07-02,10,Court 5,Gate_8,No.2 Court,Reserved,2,USA,1,False,42.6,27.9,0.0,False,Hot (>23°C),2025-07-02 11:26:00,0,3
2025-07-11,11,No.3 Court,Gate_4,Queue Ticket,General,0,Other,1,True,74.3,19.3,0.0,False,Warm (19–23°C),2025-07-11 12:28:00,26,12
2025-06-30,9,Court 18,Gate_2,No.2 Court,Reserved,2,UK,0,True,89.4,18.3,0.0,False,Cool (15–19°C),2025-06-30 11:26:00,0,1
2025-06-30,11,Court 4,Gate_3,Grounds Pass,General,1,USA,1,False,36.6,17.8,0.0,False,Cool (15–19°C),2025-06-30 11:58:00,0,1
2025-07-02,9,Court 12,Gate_8,Queue Ticket,General,0,UK,0,True,104.8,25.2,0.0,False,Hot (>23°C),2025-07-02 11:23:00,0,3
2025-07-09,10,No.2 Court,Gate_2,No.2 Court,Reserved,2,USA,1,False,95.8,22.9,0.0,True,Warm (19–23°C),2025-07-09 12:20:00,0,10
2025-07-10,12,Centre Court,Gate_5,Grounds Pass,General,1,UK,0,False,66.4,24.1,0.0,False,Hot (>23°C),2025-07-10 13:14:00,0,11
2025-07-07,11,No.3 Court,Gate_7,No.1 Court,Reserved,3,USA,1,False,14.2,21.4,0.0,False,Warm (19–23°C),2025-07-07 12:12:00,37,8
2025-06-30,10,Court 4,Gate_8,Centre Court,Premium,4,UK,0,False,80.5,17.2,0.0,False,Cool (15–19°C),2025-06-30 11:58:00,0,1
2025-07-02,12,No.1 Court,Gate_5,No.2 Court,Reserved,2,UK,0,False,44.6,27.1,0.0,False,Hot (>23°C),2025-07-02 13:07:00,0,3
2025-07-01,9,Court 4,Gate_5,Grounds Pass,General,1,UK,0,False,90.4,18.5,0.0,True,Cool (15–19°C),2025-07-01 11:26:00,0,2
2025-07-08,10,No.3 Court,Gate_1,Queue Ticket,General,0,UK,0,False,119.8,15.6,0.0,False,Cool (15–19°C),2025-07-08 12:20:00,0,9
2025-07-12,10,Court 5,Gate_5,No.2 Court,Reserved,2,France,1,True,93.6,27.2,0.0,True,Hot (>23°C),2025-07-12 11:34:00,0,13
2025-07-02,11,Centre Court,Gate_3,Queue Ticket,General,0,USA,1,False,73.3,26.8,0.0,False,Hot (>23°C),2025-07-02 13:01:00,0,3
2025-07-05,10,Centre Court,Gate_7,Queue Ticket,General,0,France,1,True,152.1,23.2,0.0,True,Hot (>23°C),2025-07-05 13:01:00,0,6
2025-07-07,10,Centre Court,Gate_8,Queue Ticket,General,0,UK,0,False,140.7,24.1,0.0,False,Hot (>23°C),2025-07-07 13:10:00,0,8
2025-07-08,10,Court 5,Gate_1,Grounds Pass,General,1,USA,1,True,83.3,15.6,0.0,False,Cool (15–19°C),2025-07-08 11:32:00,0,9
2025-07-08,9,Court 18,Gate_4,Queue Ticket,General,0,UK,0,True,105.2,14.1,0.0,False,Cold (<15°C),2025-07-08 11:32:00,0,9
2025-07-01,11,No.1 Court,Gate_7,Queue Ticket,General,0,Australia,1,True,109.4,20.6,0.76,True,Warm (19–23°C),2025-07-01 13:00:00,0,2
2025-07-07,10,Court 5,Gate_5,Centre Court,Premium,4,UK,0,True,96.6,24.1,0.0,False,Hot (>23°C),2025-07-07 11:39:00,34,8
2025-07-12,11,Centre Court,Gate_2,Grounds Pass,General,1,France,1,True,90.1,27.4,0.06,True,Hot (>23°C),2025-07-12 13:00:00,0,13
2025-06-30,11,Centre Court,Gate_3,Grounds Pass,General,1,Other,1,True,64.5,17.8,0.0,False,Cool (15–19°C),2025-06-30 13:01:00,0,1
2025-07-11,10,Court 7,Gate_1,Queue Ticket,General,0,France,1,True,61.5,19.9,0.0,False,Warm (19–23°C),2025-07-11 11:02:00,0,12
2025-07-12,11,Centre Court,Gate_5,Queue Ticket,General,0,Australia,1,True,104.0,27.4,0.06,True,Hot (>23°C),2025-07-12 13:00:00,0,13
2025-07-09,9,Court 8,Gate_3,Grounds Pass,General,1,UK,0,False,122.6,23.5,0.0,True,Hot (>23°C),2025-07-09 11:18:00,0,10
2025-07-02,9,Court 5,Gate_3,Queue Ticket,General,0,UK,0,True,110.2,25.2,0.0,False,Hot (>23°C),2025-07-02 11:26:00,0,3
2025-07-06,10,Court 4,Gate_7,Centre Court Debenture,Premium,5,UK,0,True,41.7,15.5,0.0,False,Cool (15–19°C),2025-07-06 11:04:00,0,7
2025-07-08,9,Court 8,Gate_5,Queue Ticket,General,0,UK,0,True,131.3,14.1,0.0,False,Cold (<15°C),2025-07-08 11:31:00,56,9
2025-07-04,8,Court 18,Gate_8,Queue Ticket,General,0,UK,0,False,167.5,20.5,0.0,False,Warm (19–23°C),2025-07-04 11:19:00,36,5
2025-07-13,11,Centre Court,Gate_2,No.1 Court,Reserved,3,UK,0,False,72.2,20.9,0.0,False,Warm (19–23°C),2025-07-13 13:07:00,0,14
2025-07-03,9,Court 5,Gate_4,Queue Ticket,General,0,USA,1,False,71.7,17.0,0.0,False,Cool (15–19°C),2025-07-03 11:02:00,33,4
2025-07-12,9,Court 4,Gate_1,Grounds Pass,General,1,UK,0,True,147.2,25.3,0.0,True,Hot (>23°C),2025-07-12 11:45:00,0,13
2025-07-13,11,No.1 Court,Gate_6,Grounds Pass,General,1,UK,0,True,84.5,20.9,0.0,False,Warm (19–23°C),2025-07-13 13:09:00,0,14
2025-07-04,10,Court 8,Gate_3,Queue Ticket,General,0,UK,0,False,69.9,21.2,0.0,False,Warm (19–23°C),2025-07-04 11:59:00,0,5
2025-07-06,9,Court 7,Gate_5,No.1 Court,Reserved,3,Spain,1,True,91.7,11.9,0.0,False,Cold (<15°C),2025-07-06 11:12:00,0,7
2025-07-07,9,Court 18,Gate_8,Queue Ticket,General,0,Canada,1,True,104.3,22.2,0.0,False,Warm (19–23°C),2025-07-07 11:17:00,0,8
2025-07-10,11,No.3 Court,Gate_8,Grounds Pass,General,1,UK,0,True,63.5,23.8,0.0,False,Hot (>23°C),2025-07-10 12:15:00,0,11
2025-07-12,10,No.1 Court,Gate_3,Grounds Pass,General,1,UK,0,False,125.1,27.2,0.0,True,Hot (>23°C),2025-07-12 13:04:00,0,13
2025-07-05,10,No.2 Court,Gate_4,Grounds Pass,General,1,UK,0,True,110.5,23.2,0.0,True,Hot (>23°C),2025-07-05 12:21:00,0,6
2025-07-04,9,No.2 Court,Gate_8,Queue Ticket,General,0,UK,0,False,148.5,21.9,0.0,False,Warm (19–23°C),2025-07-04 12:13:00,0,5
2025-07-06,10,No.2 Court,Gate_3,No.2 Court,Reserved,2,Other,1,True,69.7,15.5,0.0,False,Cool (15–19°C),2025-07-06 12:07:00,0,7
2025-07-07,11,No.1 Court,Gate_4,Queue Ticket,General,0,UK,0,True,86.2,21.4,0.0,False,Warm (19–23°C),2025-07-07 13:02:00,0,8
2025-07-11,10,No.3 Court,Gate_4,Grounds Pass,General,1,USA,1,True,108.9,19.9,0.0,False,Warm (19–23°C),2025-07-11 12:28:00,26,12
2025-07-02,9,Court 6,Gate_5,Queue Ticket,General,0,UK,0,False,81.9,25.2,0.0,False,Hot (>23°C),2025-07-02 11:05:00,0,3
2025-07-03,9,Court 18,Gate_1,Grounds Pass,General,1,UK,0,False,99.8,17.0,0.0,False,Cool (15–19°C),2025-07-03 11:05:00,0,4
2025-07-12,9,Court 8,Gate_7,Grounds Pass,General,1,UK,0,False,102.8,25.3,0.0,True,Hot (>23°C),2025-07-12 11:07:00,0,13
2025-07-03,11,Centre Court,Gate_1,No.2 Court,Reserved,2,UK,0,False,89.9,20.3,0.0,False,Warm (19–23°C),2025-07-03 13:02:00,0,4
2025-07-10,9,Court 4,Gate_8,Grounds Pass,General,1,UK,0,False,103.9,26.4,0.0,False,Hot (>23°C),2025-07-10 11:02:00,0,11
2025-07-04,11,No.1 Court,Gate_2,No.2 Court,Reserved,2,UK,0,False,70.3,20.4,0.0,False,Warm (19–23°C),2025-07-04 13:05:00,0,5
2025-07-12,9,Court 5,Gate_6,Grounds Pass,General,1,Germany,1,True,135.6,25.3,0.0,True,Hot (>23°C),2025-07-12 11:34:00,0,13
2025-07-05,11,Centre Court,Gate_8,Grounds Pass,General,1,USA,1,True,80.5,25.0,11.35,True,Hot (>23°C),2025-07-05 13:01:00,0,6
2025-07-11,12,No.1 Court,Gate_3,No.2 Court,Reserved,2,UK,0,True,36.1,19.8,0.0,False,Warm (19–23°C),2025-07-11 13:01:00,0,12
2025-07-12,10,Court 7,Gate_1,Centre Court,Premium,4,UK,0,False,94.7,27.2,0.0,True,Hot (>23°C),2025-07-12 11:42:00,63,13
2025-07-13,13,Centre Court,Gate_5,Centre Court Debenture,Premium,5,Australia,1,True,5.0,19.6,0.0,False,Warm (19–23°C),2025-07-13 13:07:00,0,14
2025-07-02,9,Court 5,Gate_1,Queue Ticket,General,0,UK,0,True,92.7,25.2,0.0,False,Hot (>23°C),2025-07-02 11:26:00,0,3
2025-07-02,12,Centre Court,Gate_7,No.2 Court,Reserved,2,Other,1,True,29.2,27.1,0.0,False,Hot (>23°C),2025-07-02 13:01:00,0,3
2025-07-12,9,Court 4,Gate_8,Queue Ticket,General,0,Other,1,True,106.7,25.3,0.0,True,Hot (>23°C),2025-07-12 11:45:00,0,13
2025-07-10,11,No.1 Court,Gate_7,Grounds Pass,General,1,Switzerland,1,False,107.3,23.8,0.0,False,Hot (>23°C),2025-07-10 13:13:00,0,11
2025-07-05,10,No.2 Court,Gate_5,Queue Ticket,General,0,France,1,False,117.9,23.2,0.0,True,Hot (>23°C),2025-07-05 12:21:00,0,6
2025-07-05,11,No.1 Court,Gate_3,No.2 Court,Reserved,2,UK,0,True,98.4,25.0,11.35,True,Hot (>23°C),2025-07-05 13:01:00,0,6
2025-07-07,9,Court 5,Gate_5,Queue Ticket,General,0,USA,1,False,109.4,22.2,0.0,False,Warm (19–23°C),2025-07-07 11:39:00,34,8
2025-07-05,10,Court 5,Gate_4,Centre Court,Premium,4,USA,1,True,70.3,23.2,0.0,True,Hot (>23°C),2025-07-05 11:41:00,0,6
2025-07-03,12,Centre Court,Gate_4,No.1 Court,Reserved,3,UK,0,True,59.5,20.5,0.0,False,Warm (19–23°C),2025-07-03 13:02:00,0,4
2025-07-12,10,Court 4,Gate_2,No.1 Court,Reserved,3,USA,1,False,66.3,27.2,0.0,True,Hot (>23°C),2025-07-12 11:45:00,0,13
2025-07-09,9,Court 4,Gate_2,Grounds Pass,General,1,USA,1,True,150.7,23.5,0.0,True,Hot (>23°C),2025-07-09 11:43:00,81,10
2025-07-02,10,Court 8,Gate_5,Grounds Pass,General,1,UK,0,False,86.0,27.9,0.0,False,Hot (>23°C),2025-07-02 11:50:00,0,3
2025-07-08,10,Court 4,Gate_2,No.2 Court,Reserved,2,Australia,1,True,51.4,15.6,0.0,False,Cool (15–19°C),2025-07-08 11:29:00,0,9
2025-07-08,10,No.3 Court,Gate_4,Grounds Pass,General,1,UK,0,True,106.2,15.6,0.0,False,Cool (15–19°C),2025-07-08 12:20:00,0,9
2025-07-02,10,No.2 Court,Gate_4,Grounds Pass,General,1,UK,0,False,82.0,27.9,0.0,False,Hot (>23°C),2025-07-02 12:20:00,0,3
2025-07-04,12,Centre Court,Gate_5,No.2 Court,Reserved,2,France,1,True,45.6,21.9,0.0,False,Warm (19–23°C),2025-07-04 13:08:00,0,5
2025-07-03,11,No.3 Court,Gate_7,Centre Court,Premium,4,Canada,1,False,44.0,20.3,0.0,False,Warm (19–23°C),2025-07-03 12:08:00,0,4
2025-07-10,12,Centre Court,Gate_3,Grounds Pass,General,1,Other,1,True,61.0,24.1,0.0,False,Hot (>23°C),2025-07-10 13:14:00,0,11
2025-07-09,10,No.3 Court,Gate_3,No.2 Court,Reserved,2,UK,0,True,120.4,22.9,0.0,True,Warm (19–23°C),2025-07-09 12:21:00,0,10
2025-07-08,11,Centre Court,Gate_5,No.1 Court,Reserved,3,UK,0,True,94.0,12.1,0.0,False,Cold (<15°C),2025-07-08 13:00:00,0,9
2025-07-04,12,Centre Court,Gate_1,No.2 Court,Reserved,2,Japan,1,False,67.1,21.9,0.0,False,Warm (19–23°C),2025-07-04 13:08:00,0,5
2025-07-06,11,Centre Court,Gate_7,Queue Ticket,General,0,Germany,1,False,88.0,14.2,0.0,False,Cold (<15°C),2025-07-06 13:06:00,0,7
2025-07-01,8,Court 4,Gate_7,Queue Ticket,General,0,Spain,1,True,164.1,21.8,0.0,True,Warm (19–23°C),2025-07-01 11:26:00,0,2
2025-07-03,9,Court 7,Gate_8,Grounds Pass,General,1,UK,0,False,142.5,17.0,0.0,False,Cool (15–19°C),2025-07-03 11:40:00,0,4
2025-07-12,9,Court 12,Gate_5,Queue Ticket,General,0,Germany,1,True,109.5,25.3,0.0,True,Hot (>23°C),2025-07-12 11:04:00,0,13
2025-07-01,9,Court 8,Gate_2,Centre Court Debenture,Premium,5,UK,0,True,93.5,18.5,0.0,True,Cool (15–19°C),2025-07-01 11:09:00,0,2
2025-07-06,12,No.1 Court,Gate_2,Centre Court,Premium,4,Japan,1,True,46.6,14.8,0.0,False,Cold (<15°C),2025-07-06 13:03:00,0,7
2025-07-06,12,Centre Court,Gate_3,Centre Court,Premium,4,USA,1,False,55.9,14.8,0.0,False,Cold (<15°C),2025-07-06 13:06:00,0,7
2025-07-10,10,Court 4,Gate_5,Centre Court Debenture,Premium,5,UK,0,True,40.1,24.9,0.0,False,Hot (>23°C),2025-07-10 11:02:00,0,11
2025-07-07,11,No.2 Court,Gate_4,Grounds Pass,General,1,UK,0,True,72.4,21.4,0.0,False,Warm (19–23°C),2025-07-07 12:17:00,95,8
2025-07-12,8,Court 6,Gate_6,Queue Ticket,General,0,UK,0,True,138.5,24.7,0.0,True,Hot (>23°C),2025-07-12 11:01:00,0,13
2025-06-30,9,Court 5,Gate_5,Grounds Pass,General,1,UK,0,False,102.2,18.3,0.0,False,Cool (15–19°C),2025-06-30 11:30:00,0,1
2025-07-13,11,Centre Court,Gate_5,Grounds Pass,General,1,UK,0,True,120.2,20.9,0.0,False,Warm (19–23°C),2025-07-13 13:07:00,0,14
2025-07-03,9,Court 5,Gate_4,No.2 Court,Reserved,2,UK,0,False,80.7,17.0,0.0,False,Cool (15–19°C),2025-07-03 11:02:00,33,4
2025-07-12,12,No.1 Court,Gate_5,Grounds Pass,General,1,USA,1,True,58.2,25.1,0.95,True,Hot (>23°C),2025-07-12 13:04:00,0,13
2025-07-04,11,Centre Court,Gate_8,Queue Ticket,General,0,UK,0,True,99.1,20.4,0.0,False,Warm (19–23°C),2025-07-04 13:08:00,0,5
2025-07-11,9,Court 6,Gate_4,Grounds Pass,General,1,UK,0,True,116.8,19.8,0.0,False,Warm (19–23°C),2025-07-11 11:10:00,0,12
2025-07-08,10,No.3 Court,Gate_6,Grounds Pass,General,1,Switzerland,1,False,91.8,15.6,0.0,False,Cool (15–19°C),2025-07-08 12:20:00,0,9
2025-07-02,10,Court 4,Gate_1,Grounds Pass,General,1,Australia,1,False,88.3,27.9,0.0,False,Hot (>23°C),2025-07-02 11:56:00,0,3
2025-07-05,9,Court 7,Gate_4,Grounds Pass,General,1,Australia,1,False,108.6,26.0,0.0,True,Hot (>23°C),2025-07-05 11:18:00,0,6
2025-07-09,10,No.2 Court,Gate_3,Centre Court,Premium,4,UK,0,True,118.8,22.9,0.0,True,Warm (19–23°C),2025-07-09 12:20:00,0,10
2025-07-08,11,No.1 Court,Gate_7,Grounds Pass,General,1,UK,0,True,90.1,12.1,0.0,False,Cold (<15°C),2025-07-08 13:07:00,0,9
2025-07-01,10,Court 6,Gate_4,Grounds Pass,General,1,Spain,1,True,64.0,19.4,0.0,True,Warm (19–23°C),2025-07-01 11:21:00,66,2
2025-07-07,12,Centre Court,Gate_3,Grounds Pass,General,1,USA,1,True,69.6,21.4,0.0,False,Warm (19–23°C),2025-07-07 13:10:00,0,8
2025-07-05,10,No.3 Court,Gate_7,Grounds Pass,General,1,Australia,1,True,101.1,23.2,0.0,True,Hot (>23°C),2025-07-05 12:04:00,0,6
2025-07-06,11,No.1 Court,Gate_5,No.1 Court,Reserved,3,UK,0,True,67.1,14.2,0.0,False,Cold (<15°C),2025-07-06 13:03:00,0,7
2025-07-09,11,Centre Court,Gate_6,Centre Court,Premium,4,Germany,1,False,70.1,23.2,0.8,True,Hot (>23°C),2025-07-09 13:02:00,0,10
2025-07-03,11,No.1 Court,Gate_3,Grounds Pass,General,1,USA,1,True,93.9,20.3,0.0,False,Warm (19–23°C),2025-07-03 13:11:00,0,4
2025-07-04,11,Centre Court,Gate_3,Queue Ticket,General,0,Switzerland,1,False,82.1,20.4,0.0,False,Warm (19–23°C),2025-07-04 13:08:00,0,5
2025-07-05,9,Court 4,Gate_7,No.1 Court,Reserved,3,France,1,True,121.7,26.0,0.0,True,Hot (>23°C),2025-07-05 11:29:00,0,6
2025-07-03,11,No.2 Court,Gate_4,No.1 Court,Reserved,3,USA,1,False,54.3,20.3,0.0,False,Warm (19–23°C),2025-07-03 12:23:00,0,4
2025-07-04,11,No.1 Court,Gate_5,Queue Ticket,General,0,USA,1,True,97.4,20.4,0.0,False,Warm (19–23°C),2025-07-04 13:05:00,0,5
2025-07-09,10,No.1 Court,Gate_7,No.2 Court,Reserved,2,UK,0,False,129.3,22.9,0.0,True,Warm (19–23°C),2025-07-09 13:09:00,0,10
2025-07-06,10,Court 18,Gate_6,Grounds Pass,General,1,Spain,1,False,47.9,15.5,0.0,False,Cool (15–19°C),2025-07-06 11:29:00,0,7
2025-07-13,9,Court 4,Gate_8,Queue Ticket,General,0,USA,1,True,102.6,20.3,0.0,False,Warm (19–23°C),2025-07-13 11:33:00,92,14
2025-07-06,10,Centre Court,Gate_3,Queue Ticket,General,0,UK,0,True,132.8,15.5,0.0,False,Cool (15–19°C),2025-07-06 13:06:00,0,7
2025-07-08,10,No.3 Court,Gate_6,Grounds Pass,General,1,Other,1,True,92.1,15.6,0.0,False,Cool (15–19°C),2025-07-08 12:20:00,0,9
2025-07-04,10,Court 7,Gate_6,No.1 Court,Reserved,3,UK,0,False,61.0,21.2,0.0,False,Warm (19–23°C),2025-07-04 11:39:00,0,5
2025-07-06,9,Court 5,Gate_3,No.2 Court,Reserved,2,UK,0,True,76.1,11.9,0.0,False,Cold (<15°C),2025-07-06 11:05:00,0,7
2025-06-30,11,Centre Court,Gate_3,Queue Ticket,General,0,UK,0,False,107.4,17.8,0.0,False,Cool (15–19°C),2025-06-30 13:01:00,0,1
2025-07-03,10,No.2 Court,Gate_1,Queue Ticket,General,0,UK,0,False,111.1,19.8,0.0,False,Warm (19–23°C),2025-07-03 12:23:00,0,4
2025-07-12,11,No.2 Court,Gate_8,Centre Court Debenture,Premium,5,UK,0,True,35.8,27.4,0.06,True,Hot (>23°C),2025-07-12 12:03:00,49,13
2025-07-08,12,No.1 Court,Gate_2,Grounds Pass,General,1,USA,1,False,50.3,12.5,0.0,False,Cold (<15°C),2025-07-08 13:07:00,0,9
2025-07-06,11,Centre Court,Gate_8,Grounds Pass,General,1,UK,0,False,87.7,14.2,0.0,False,Cold (<15°C),2025-07-06 13:06:00,0,7
2025-06-30,10,Court 8,Gate_3,Centre Court,Premium,4,France,1,False,66.8,17.2,0.0,False,Cool (15–19°C),2025-06-30 11:55:00,0,1
2025-07-04,11,No.2 Court,Gate_7,Centre Court,Premium,4,France,1,True,25.9,20.4,0.0,False,Warm (19–23°C),2025-07-04 12:13:00,0,5
2025-07-01,11,Centre Court,Gate_6,Grounds Pass,General,1,Canada,1,True,95.9,20.6,0.76,True,Warm (19–23°C),2025-07-01 13:13:00,0,2
2025-07-09,9,Court 4,Gate_4,Queue Ticket,General,0,France,1,False,116.2,23.5,0.0,True,Hot (>23°C),2025-07-09 11:43:00,81,10
2025-06-30,11,Centre Court,Gate_2,Centre Court,Premium,4,UK,0,True,65.9,17.8,0.0,False,Cool (15–19°C),2025-06-30 13:01:00,0,1
2025-07-08,9,Court 6,Gate_5,Grounds Pass,General,1,UK,0,True,127.8,14.1,0.0,False,Cold (<15°C),2025-07-08 11:28:00,0,9
2025-07-03,12,No.1 Court,Gate_8,Grounds Pass,General,1,Other,1,True,63.6,20.5,0.0,False,Warm (19–23°C),2025-07-03 13:11:00,0,4
2025-07-04,11,Centre Court,Gate_4,Queue Ticket,General,0,UK,0,True,99.7,20.4,0.0,False,Warm (19–23°C),2025-07-04 13:08:00,0,5
2025-07-10,10,Court 4,Gate_4,No.2 Court,Reserved,2,Switzerland,1,True,51.1,24.9,0.0,False,Hot (>23°C),2025-07-10 11:02:00,0,11
2025-07-02,10,Court 5,Gate_3,Queue Ticket,General,0,Germany,1,False,65.7,27.9,0.0,False,Hot (>23°C),2025-07-02 11:26:00,0,3
2025-07-13,11,Centre Court,Gate_7,No.1 Court,Reserved,3,UK,0,True,80.6,20.9,0.0,False,Warm (19–23°C),2025-07-13 13:07:00,0,14
2025-07-09,9,Court 4,Gate_5,Queue Ticket,General,0,Germany,1,True,145.4,23.5,0.0,True,Hot (>23°C),2025-07-09 11:43:00,81,10
2025-07-04,11,Court 4,Gate_3,Centre Court,Premium,4,UK,0,True,40.4,20.4,0.0,False,Warm (19–23°C),2025-07-04 11:51:00,105,5
2025-07-08,9,Court 4,Gate_6,Queue Ticket,General,0,USA,1,True,117.7,14.1,0.0,False,Cold (<15°C),2025-07-08 11:29:00,0,9
2025-07-09,10,No.3 Court,Gate_5,No.2 Court,Reserved,2,Australia,1,True,125.3,22.9,0.0,True,Warm (19–23°C),2025-07-09 12:21:00,0,10
2025-07-01,11,Centre Court,Gate_2,No.2 Court,Reserved,2,UK,0,True,98.4,20.6,0.76,True,Warm (19–23°C),2025-07-01 13:13:00,0,2
2025-07-13,10,Court 7,Gate_1,No.1 Court,Reserved,3,UK,0,False,77.1,19.2,0.0,False,Warm (19–23°C),2025-07-13 11:57:00,0,14
2025-07-11,9,Court 4,Gate_5,Queue Ticket,General,0,Japan,1,False,122.0,19.8,0.0,False,Warm (19–23°C),2025-07-11 11:49:00,0,12
2025-07-08,11,No.2 Court,Gate_5,Centre Court,Premium,4,USA,1,True,54.9,12.1,0.0,False,Cold (<15°C),2025-07-08 12:23:00,0,9
2025-06-30,11,No.2 Court,Gate_4,No.1 Court,Reserved,3,Canada,1,True,57.5,17.8,0.0,False,Cool (15–19°C),2025-06-30 12:02:00,89,1
2025-07-03,9,Court 18,Gate_5,Queue Ticket,General,0,France,1,True,104.2,17.0,0.0,False,Cool (15–19°C),2025-07-03 11:05:00,0,4
2025-07-13,11,No.3 Court,Gate_6,Grounds Pass,General,1,France,1,True,62.8,20.9,0.0,False,Warm (19–23°C),2025-07-13 12:17:00,0,14
2025-07-02,11,No.3 Court,Gate_4,No.2 Court,Reserved,2,USA,1,True,52.3,26.8,0.0,False,Hot (>23°C),2025-07-02 12:14:00,0,3
2025-06-30,9,Court 18,Gate_6,Grounds Pass,General,1,UK,0,False,86.9,18.3,0.0,False,Cool (15–19°C),2025-06-30 11:26:00,0,1
2025-07-09,8,Court 6,Gate_7,Grounds Pass,General,1,UK,0,False,158.2,22.8,0.0,True,Warm (19–23°C),2025-07-09 11:14:00,0,10
2025-07-08,10,No.2 Court,Gate_7,Queue Ticket,General,0,UK,0,True,120.8,15.6,0.0,False,Cool (15–19°C),2025-07-08 12:23:00,0,9
2025-07-06,9,Court 7,Gate_4,Grounds Pass,General,1,Germany,1,False,90.6,11.9,0.0,False,Cold (<15°C),2025-07-06 11:12:00,0,7
2025-07-01,11,No.1 Court,Gate_3,No.2 Court,Reserved,2,France,1,True,65.1,20.6,0.76,True,Warm (19–23°C),2025-07-01 13:00:00,0,2
2025-07-13,10,Court 18,Gate_3,Centre Court,Premium,4,USA,1,False,52.6,19.2,0.0,False,Warm (19–23°C),2025-07-13 11:50:00,21,14
2025-07-07,11,No.1 Court,Gate_1,No.2 Court,Reserved,2,UK,0,True,83.5,21.4,0.0,False,Warm (19–23°C),2025-07-07 13:02:00,0,8
2025-07-06,11,Centre Court,Gate_1,No.1 Court,Reserved,3,UK,0,True,101.7,14.2,0.0,False,Cold (<15°C),2025-07-06 13:06:00,0,7
2025-07-13,9,Court 5,Gate_3,No.2 Court,Reserved,2,Switzerland,1,False,77.7,20.3,0.0,False,Warm (19–23°C),2025-07-13 11:08:00,0,14
2025-07-05,10,Court 8,Gate_3,No.1 Court,Reserved,3,UK,0,True,90.3,23.2,0.0,True,Hot (>23°C),2025-07-05 11:57:00,28,6
2025-07-04,11,No.2 Court,Gate_4,Queue Ticket,General,0,UK,0,True,66.1,20.4,0.0,False,Warm (19–23°C),2025-07-04 12:13:00,0,5
2025-07-10,10,No.2 Court,Gate_2,Queue Ticket,General,0,UK,0,False,98.7,24.9,0.0,False,Hot (>23°C),2025-07-10 12:07:00,0,11
2025-07-02,10,Court 8,Gate_1,Grounds Pass,General,1,UK,0,True,92.7,27.9,0.0,False,Hot (>23°C),2025-07-02 11:50:00,0,3
2025-07-11,11,Centre Court,Gate_5,Queue Ticket,General,0,Japan,1,True,98.2,19.3,0.0,False,Warm (19–23°C),2025-07-11 13:13:00,0,12
2025-07-08,9,Court 12,Gate_2,Queue Ticket,General,0,UK,0,False,126.6,14.1,0.0,False,Cold (<15°C),2025-07-08 11:49:00,0,9
2025-07-06,12,Centre Court,Gate_2,Centre Court,Premium,4,UK,0,False,50.4,14.8,0.0,False,Cold (<15°C),2025-07-06 13:06:00,0,7
2025-07-09,10,No.2 Court,Gate_1,No.2 Court,Reserved,2,USA,1,False,103.3,22.9,0.0,True,Warm (19–23°C),2025-07-09 12:20:00,0,10
2025-07-03,10,Court 6,Gate_8,No.1 Court,Reserved,3,Other,1,True,29.7,19.8,0.0,False,Warm (19–23°C),2025-07-03 11:26:00,0,4
2025-06-30,11,No.1 Court,Gate_3,No.1 Court,Reserved,3,UK,0,False,75.9,17.8,0.0,False,Cool (15–19°C),2025-06-30 13:11:00,0,1
2025-07-13,10,Court 4,Gate_8,Queue Ticket,General,0,UK,0,True,79.6,19.2,0.0,False,Warm (19–23°C),2025-07-13 11:33:00,92,14
2025-07-01,9,Court 5,Gate_5,Grounds Pass,General,1,UK,0,False,133.1,18.5,0.0,True,Cool (15–19°C),2025-07-01 11:53:00,0,2
2025-07-06,12,No.1 Court,Gate_8,No.1 Court,Reserved,3,Other,1,True,25.1,14.8,0.0,False,Cold (<15°C),2025-07-06 13:03:00,0,7
2025-07-09,10,Court 4,Gate_3,Centre Court,Premium,4,UK,0,False,68.8,22.9,0.0,True,Warm (19–23°C),2025-07-09 11:43:00,81,10
2025-07-01,9,Court 4,Gate_7,Grounds Pass,General,1,UK,0,False,129.2,18.5,0.0,True,Cool (15–19°C),2025-07-01 11:26:00,0,2
2025-07-07,11,No.2 Court,Gate_6,No.1 Court,Reserved,3,UK,0,True,44.3,21.4,0.0,False,Warm (19–23°C),2025-07-07 12:17:00,95,8
2025-07-06,10,No.2 Court,Gate_7,No.1 Court,Reserved,3,UK,0,False,69.4,15.5,0.0,False,Cool (15–19°C),2025-07-06 12:07:00,0,7
2025-07-11,12,Centre Court,Gate_4,Grounds Pass,General,1,Germany,1,True,62.0,19.8,0.0,False,Warm (19–23°C),2025-07-11 13:13:00,0,12
2025-07-12,10,Centre Court,Gate_7,Queue Ticket,General,0,Australia,1,True,137.0,27.2,0.0,True,Hot (>23°C),2025-07-12 13:00:00,0,13
2025-07-01,10,No.1 Court,Gate_6,Queue Ticket,General,0,Germany,1,True,125.2,19.4,0.0,True,Warm (19–23°C),2025-07-01 13:00:00,0,2
2025-07-10,11,No.3 Court,Gate_4,Centre Court,Premium,4,UK,0,True,51.3,23.8,0.0,False,Hot (>23°C),2025-07-10 12:15:00,0,11
2025-07-08,12,No.1 Court,Gate_3,Centre Court Debenture,Premium,5,USA,1,False,9.7,12.5,0.0,False,Cold (<15°C),2025-07-08 13:07:00,0,9
2025-07-05,9,Court 7,Gate_1,Queue Ticket,General,0,Australia,1,False,129.2,26.0,0.0,True,Hot (>23°C),2025-07-05 11:18:00,0,6
2025-07-10,9,Court 7,Gate_1,Queue Ticket,General,0,UK,0,True,73.7,26.4,0.0,False,Hot (>23°C),2025-07-10 11:13:00,0,11
2025-07-05,8,Court 6,Gate_1,Queue Ticket,General,0,UK,0,True,162.8,27.3,0.0,True,Hot (>23°C),2025-07-05 11:14:00,0,6
2025-07-06,12,Centre Court,Gate_7,Queue Ticket,General,0,Spain,1,True,30.8,14.8,0.0,False,Cold (<15°C),2025-07-06 13:06:00,0,7
2025-07-01,9,Court 7,Gate_4,Grounds Pass,General,1,Germany,1,False,135.5,18.5,0.0,True,Cool (15–19°C),2025-07-01 11:32:00,0,2
2025-07-13,10,No.2 Court,Gate_5,Queue Ticket,General,0,UK,0,False,109.8,19.2,0.0,False,Warm (19–23°C),2025-07-13 12:28:00,112,14
2025-07-05,10,No.3 Court,Gate_8,Grounds Pass,General,1,Switzerland,1,True,108.4,23.2,0.0,True,Hot (>23°C),2025-07-05 12:04:00,0,6
2025-06-30,10,Court 12,Gate_4,Centre Court,Premium,4,UK,0,True,45.7,17.2,0.0,False,Cool (15–19°C),2025-06-30 11:32:00,0,1
2025-06-30,10,Court 18,Gate_2,Grounds Pass,General,1,USA,1,True,45.9,17.2,0.0,False,Cool (15–19°C),2025-06-30 11:26:00,0,1
2025-07-07,10,Court 7,Gate_2,No.1 Court,Reserved,3,Australia,1,True,67.0,24.1,0.0,False,Hot (>23°C),2025-07-07 11:35:00,0,8
2025-07-01,9,Court 7,Gate_2,No.2 Court,Reserved,2,Japan,1,True,119.3,18.5,0.0,True,Cool (15–19°C),2025-07-01 11:32:00,0,2
2025-07-08,11,Centre Court,Gate_6,Grounds Pass,General,1,Switzerland,1,False,85.8,12.1,0.0,False,Cold (<15°C),2025-07-08 13:00:00,0,9
2025-07-08,10,Centre Court,Gate_2,Grounds Pass,General,1,UK,0,False,126.4,15.6,0.0,False,Cool (15–19°C),2025-07-08 13:00:00,0,9
2025-07-02,9,Court 7,Gate_7,Grounds Pass,General,1,UK,0,True,128.0,25.2,0.0,False,Hot (>23°C),2025-07-02 11:18:00,0,3
2025-07-04,11,Court 8,Gate_2,No.1 Court,Reserved,3,Spain,1,True,7.7,20.4,0.0,False,Warm (19–23°C),2025-07-04 11:59:00,0,5
2025-07-12,10,No.3 Court,Gate_1,Queue Ticket,General,0,Spain,1,True,90.3,27.2,0.0,True,Hot (>23°C),2025-07-12 12:15:00,0,13
2025-07-09,10,Centre Court,Gate_7,Queue Ticket,General,0,Japan,1,False,155.5,22.9,0.0,True,Warm (19–23°C),2025-07-09 13:02:00,0,10
2025-07-06,9,Court 4,Gate_7,No.2 Court,Reserved,2,Australia,1,True,72.5,11.9,0.0,False,Cold (<15°C),2025-07-06 11:04:00,0,7
2025-07-09,10,No.1 Court,Gate_6,No.1 Court,Reserved,3,UK,0,False,137.5,22.9,0.0,True,Warm (19–23°C),2025-07-09 13:09:00,0,10
2025-07-13,10,No.2 Court,Gate_7,Queue Ticket,General,0,UK,0,False,101.8,19.2,0.0,False,Warm (19–23°C),2025-07-13 12:28:00,112,14
2025-07-06,10,No.2 Court,Gate_7,Queue Ticket,General,0,UK,0,True,122.6,15.5,0.0,False,Cool (15–19°C),2025-07-06 12:07:00,0,7
2025-06-30,10,No.1 Court,Gate_1,Queue Ticket,General,0,UK,0,True,141.6,17.2,0.0,False,Cool (15–19°C),2025-06-30 13:11:00,0,1
2025-07-12,9,Court 8,Gate_1,Centre Court,Premium,4,Other,1,False,95.4,25.3,0.0,True,Hot (>23°C),2025-07-12 11:07:00,0,13
2025-07-13,12,No.1 Court,Gate_7,Grounds Pass,General,1,UK,0,True,62.3,18.2,0.0,False,Cool (15–19°C),2025-07-13 13:09:00,0,14
2025-07-01,9,Court 4,Gate_1,No.1 Court,Reserved,3,UK,0,False,97.4,18.5,0.0,True,Cool (15–19°C),2025-07-01 11:26:00,0,2
2025-07-08,11,Centre Court,Gate_6,No.1 Court,Reserved,3,UK,0,True,92.6,12.1,0.0,False,Cold (<15°C),2025-07-08 13:00:00,0,9
2025-07-01,9,Court 4,Gate_1,Queue Ticket,General,0,Germany,1,True,134.5,18.5,0.0,True,Cool (15–19°C),2025-07-01 11:26:00,0,2
2025-07-11,10,Court 5,Gate_8,Queue Ticket,General,0,UK,0,True,94.0,19.9,0.0,False,Warm (19–23°C),2025-07-11 11:44:00,0,12
2025-07-13,11,Centre Court,Gate_2,Grounds Pass,General,1,UK,0,False,76.4,20.9,0.0,False,Warm (19–23°C),2025-07-13 13:07:00,0,14
2025-07-10,8,Court 4,Gate_3,Grounds Pass,General,1,UK,0,False,127.9,24.7,0.0,False,Hot (>23°C),2025-07-10 11:02:00,0,11
2025-07-13,11,No.2 Court,Gate_2,Queue Ticket,General,0,Australia,1,True,82.0,20.9,0.0,False,Warm (19–23°C),2025-07-13 12:28:00,112,14
2025-07-03,11,No.1 Court,Gate_1,No.2 Court,Reserved,2,UK,0,True,93.2,20.3,0.0,False,Warm (19–23°C),2025-07-03 13:11:00,0,4
2025-07-03,10,Court 4,Gate_1,No.2 Court,Reserved,2,UK,0,False,82.2,19.8,0.0,False,Warm (19–23°C),2025-07-03 11:46:00,0,4
2025-07-07,11,No.2 Court,Gate_5,No.1 Court,Reserved,3,Australia,1,False,58.7,21.4,0.0,False,Warm (19–23°C),2025-07-07 12:17:00,95,8
2025-07-06,9,Court 5,Gate_6,Grounds Pass,General,1,UK,0,True,107.0,11.9,0.0,False,Cold (<15°C),2025-07-06 11:05:00,0,7
2025-07-13,12,Centre Court,Gate_6,No.1 Court,Reserved,3,UK,0,True,54.2,18.2,0.0,False,Cool (15–19°C),2025-07-13 13:07:00,0,14
2025-07-09,9,Court 5,Gate_3,Queue Ticket,General,0,Other,1,True,117.6,23.5,0.0,True,Hot (>23°C),2025-07-09 11:54:00,0,10
2025-07-08,11,No.3 Court,Gate_4,Centre Court,Premium,4,UK,0,True,43.8,12.1,0.0,False,Cold (<15°C),2025-07-08 12:20:00,0,9
2025-07-12,10,Centre Court,Gate_8,Queue Ticket,General,0,UK,0,False,145.1,27.2,0.0,True,Hot (>23°C),2025-07-12 13:00:00,0,13
2025-07-01,10,No.2 Court,Gate_8,Centre Court,Premium,4,Germany,1,True,85.8,19.4,0.0,True,Warm (19–23°C),2025-07-01 12:04:00,0,2
2025-07-06,9,Court 4,Gate_8,Queue Ticket,General,0,UK,0,True,86.7,11.9,0.0,False,Cold (<15°C),2025-07-06 11:04:00,0,7
2025-07-07,10,Court 8,Gate_4,Grounds Pass,General,1,Other,1,False,74.0,24.1,0.0,False,Hot (>23°C),2025-07-07 11:59:00,0,8
2025-07-05,9,Court 4,Gate_6,Grounds Pass,General,1,UK,0,True,109.1,26.0,0.0,True,Hot (>23°C),2025-07-05 11:29:00,0,6
2025-07-11,10,No.2 Court,Gate_6,Grounds Pass,General,1,UK,0,False,105.8,19.9,0.0,False,Warm (19–23°C),2025-07-11 12:00:00,0,12
2025-07-01,8,Court 5,Gate_6,Queue Ticket,General,0,UK,0,False,173.1,21.8,0.0,True,Warm (19–23°C),2025-07-01 11:53:00,0,2
2025-07-05,9,Court 6,Gate_4,Grounds Pass,General,1,USA,1,False,100.4,26.0,0.0,True,Hot (>23°C),2025-07-05 11:14:00,0,6
2025-07-06,10,No.3 Court,Gate_8,Queue Ticket,General,0,UK,0,True,120.2,15.5,0.0,False,Cool (15–19°C),2025-07-06 12:21:00,0,7
2025-07-03,11,No.1 Court,Gate_8,Grounds Pass,General,1,UK,0,True,113.5,20.3,0.0,False,Warm (19–23°C),2025-07-03 13:11:00,0,4
2025-07-09,10,No.1 Court,Gate_8,Grounds Pass,General,1,UK,0,True,134.1,22.9,0.0,True,Warm (19–23°C),2025-07-09 13:09:00,0,10
2025-07-10,9,Court 12,Gate_4,Grounds Pass,General,1,UK,0,True,84.3,26.4,0.0,False,Hot (>23°C),2025-07-10 11:01:00,0,11
2025-07-06,11,No.1 Court,Gate_8,Grounds Pass,General,1,UK,0,True,100.2,14.2,0.0,False,Cold (<15°C),2025-07-06 13:03:00,0,7
2025-07-05,9,Court 7,Gate_1,Queue Ticket,General,0,Japan,1,True,91.4,26.0,0.0,True,Hot (>23°C),2025-07-05 11:18:00,0,6
2025-07-11,10,Court 5,Gate_2,No.1 Court,Reserved,3,UK,0,True,88.6,19.9,0.0,False,Warm (19–23°C),2025-07-11 11:44:00,0,12
2025-07-08,12,Centre Court,Gate_8,Centre Court,Premium,4,UK,0,True,51.8,12.5,0.0,False,Cold (<15°C),2025-07-08 13:00:00,0,9
2025-07-08,10,Court 4,Gate_4,No.1 Court,Reserved,3,UK,0,True,54.6,15.6,0.0,False,Cool (15–19°C),2025-07-08 11:29:00,0,9
2025-07-10,10,Court 12,Gate_1,Centre Court Debenture,Premium,5,UK,0,True,16.5,24.9,0.0,False,Hot (>23°C),2025-07-10 11:01:00,0,11
2025-07-03,10,No.2 Court,Gate_4,No.2 Court,Reserved,2,UK,0,True,95.0,19.8,0.0,False,Warm (19–23°C),2025-07-03 12:23:00,0,4
2025-07-11,11,No.3 Court,Gate_8,Centre Court,Premium,4,UK,0,True,43.8,19.3,0.0,False,Warm (19–23°C),2025-07-11 12:28:00,26,12
2025-07-04,10,Court 5,Gate_1,Grounds Pass,General,1,France,1,False,48.8,21.2,0.0,False,Warm (19–23°C),2025-07-04 11:16:00,0,5
2025-07-03,9,Court 5,Gate_4,Grounds Pass,General,1,Switzerland,1,True,108.8,17.0,0.0,False,Cool (15–19°C),2025-07-03 11:02:00,33,4
2025-06-30,11,No.1 Court,Gate_6,Grounds Pass,General,1,UK,0,True,117.3,17.8,0.0,False,Cool (15–19°C),2025-06-30 13:11:00,0,1
2025-07-03,10,Court 12,Gate_1,Centre Court,Premium,4,UK,0,False,98.3,19.8,0.0,False,Warm (19–23°C),2025-07-03 11:45:00,0,4
2025-07-11,11,Centre Court,Gate_1,Grounds Pass,General,1,Canada,1,False,79.8,19.3,0.0,False,Warm (19–23°C),2025-07-11 13:13:00,0,12
2025-07-02,11,Centre Court,Gate_6,Grounds Pass,General,1,UK,0,False,94.6,26.8,0.0,False,Hot (>23°C),2025-07-02 13:01:00,0,3
2025-07-12,9,Court 4,Gate_7,Grounds Pass,General,1,USA,1,True,115.0,25.3,0.0,True,Hot (>23°C),2025-07-12 11:45:00,0,13
2025-07-06,10,No.2 Court,Gate_4,Queue Ticket,General,0,Switzerland,1,True,95.5,15.5,0.0,False,Cool (15–19°C),2025-07-06 12:07:00,0,7
2025-07-10,9,Court 4,Gate_2,Centre Court,Premium,4,UK,0,True,74.9,26.4,0.0,False,Hot (>23°C),2025-07-10 11:02:00,0,11
2025-07-04,9,Court 5,Gate_6,Centre Court,Premium,4,UK,0,True,83.3,21.9,0.0,False,Warm (19–23°C),2025-07-04 11:16:00,0,5
2025-07-13,9,Court 6,Gate_6,No.2 Court,Reserved,2,UK,0,False,86.3,20.3,0.0,False,Warm (19–23°C),2025-07-13 11:00:00,0,14
2025-07-02,10,Court 7,Gate_3,No.1 Court,Reserved,3,UK,0,True,46.4,27.9,0.0,False,Hot (>23°C),2025-07-02 11:18:00,0,3
2025-07-03,10,No.2 Court,Gate_5,Queue Ticket,General,0,France,1,False,96.9,19.8,0.0,False,Warm (19–23°C),2025-07-03 12:23:00,0,4
2025-07-05,11,No.1 Court,Gate_1,Centre Court,Premium,4,Other,1,True,69.2,25.0,11.35,True,Hot (>23°C),2025-07-05 13:01:00,0,6
2025-06-30,10,Court 5,Gate_7,Queue Ticket,General,0,Australia,1,True,79.8,17.2,0.0,False,Cool (15–19°C),2025-06-30 11:30:00,0,1
2025-07-13,10,Court 4,Gate_6,No.2 Court,Reserved,2,UK,0,False,89.3,19.2,0.0,False,Warm (19–23°C),2025-07-13 11:33:00,92,14
2025-07-03,11,No.1 Court,Gate_1,Grounds Pass,General,1,Other,1,True,91.3,20.3,0.0,False,Warm (19–23°C),2025-07-03 13:11:00,0,4
2025-07-07,11,Centre Court,Gate_5,Grounds Pass,General,1,UK,0,True,115.9,21.4,0.0,False,Warm (19–23°C),2025-07-07 13:10:00,0,8
2025-06-30,10,Court 12,Gate_8,No.2 Court,Reserved,2,UK,0,False,81.5,17.2,0.0,False,Cool (15–19°C),2025-06-30 11:32:00,0,1
2025-07-10,12,Centre Court,Gate_1,Centre Court,Premium,4,Other,1,True,23.1,24.1,0.0,False,Hot (>23°C),2025-07-10 13:14:00,0,11
2025-06-30,11,No.3 Court,Gate_8,No.1 Court,Reserved,3,Other,1,True,59.5,17.8,0.0,False,Cool (15–19°C),2025-06-30 12:15:00,0,1
2025-07-05,9,Court 5,Gate_5,Queue Ticket,General,0,Germany,1,True,135.7,26.0,0.0,True,Hot (>23°C),2025-07-05 11:41:00,0,6
2025-07-06,11,Centre Court,Gate_8,No.1 Court,Reserved,3,UK,0,False,74.1,14.2,0.0,False,Cold (<15°C),2025-07-06 13:06:00,0,7
2025-07-09,10,Court 5,Gate_6,Queue Ticket,General,0,Other,1,False,67.2,22.9,0.0,True,Warm (19–23°C),2025-07-09 11:54:00,0,10
2025-07-12,9,No.2 Court,Gate_2,Queue Ticket,General,0,USA,1,True,150.6,25.3,0.0,True,Hot (>23°C),2025-07-12 12:03:00,49,13
2025-07-11,11,Centre Court,Gate_2,Grounds Pass,General,1,UK,0,True,122.0,19.3,0.0,False,Warm (19–23°C),2025-07-11 13:13:00,0,12
2025-07-10,13,No.1 Court,Gate_3,Centre Court,Premium,4,Germany,1,True,5.0,23.0,0.0,False,Warm (19–23°C),2025-07-10 13:13:00,0,11
2025-07-06,11,No.1 Court,Gate_3,Queue Ticket,General,0,UK,0,True,103.3,14.2,0.0,False,Cold (<15°C),2025-07-06 13:03:00,0,7
2025-07-07,9,Court 5,Gate_1,No.1 Court,Reserved,3,UK,0,True,99.3,22.2,0.0,False,Warm (19–23°C),2025-07-07 11:39:00,34,8
2025-07-06,11,No.1 Court,Gate_2,No.1 Court,Reserved,3,UK,0,False,68.3,14.2,0.0,False,Cold (<15°C),2025-07-06 13:03:00,0,7
2025-07-02,10,Court 6,Gate_1,Grounds Pass,General,1,UK,0,True,53.9,27.9,0.0,False,Hot (>23°C),2025-07-02 11:05:00,0,3
2025-07-04,12,Centre Court,Gate_1,No.2 Court,Reserved,2,UK,0,True,66.6,21.9,0.0,False,Warm (19–23°C),2025-07-04 13:08:00,0,5
2025-06-30,10,Court 18,Gate_6,No.1 Court,Reserved,3,UK,0,True,56.2,17.2,0.0,False,Cool (15–19°C),2025-06-30 11:26:00,0,1
2025-06-30,10,Court 8,Gate_3,Centre Court,Premium,4,UK,0,False,114.2,17.2,0.0,False,Cool (15–19°C),2025-06-30 11:55:00,0,1
2025-07-09,9,Court 8,Gate_2,Grounds Pass,General,1,Switzerland,1,True,79.1,23.5,0.0,True,Hot (>23°C),2025-07-09 11:18:00,0,10
2025-07-02,11,No.2 Court,Gate_2,No.2 Court,Reserved,2,UK,0,True,78.3,26.8,0.0,False,Hot (>23°C),2025-07-02 12:20:00,0,3
2025-07-12,9,Court 18,Gate_3,No.2 Court,Reserved,2,Spain,1,False,90.4,25.3,0.0,True,Hot (>23°C),2025-07-12 11:23:00,0,13
2025-07-13,11,Court 7,Gate_5,Centre Court,Premium,4,Spain,1,True,39.7,20.9,0.0,False,Warm (19–23°C),2025-07-13 11:57:00,0,14
2025-07-03,9,Court 8,Gate_5,Grounds Pass,General,1,UK,0,True,105.0,17.0,0.0,False,Cool (15–19°C),2025-07-03 11:04:00,0,4
2025-07-05,11,Centre Court,Gate_7,Centre Court Debenture,Premium,5,UK,0,True,87.3,25.0,11.35,True,Hot (>23°C),2025-07-05 13:01:00,0,6
2025-07-05,9,Court 7,Gate_5,Centre Court,Premium,4,UK,0,False,111.5,26.0,0.0,True,Hot (>23°C),2025-07-05 11:18:00,0,6
2025-07-02,10,Court 6,Gate_1,Grounds Pass,General,1,Germany,1,False,26.2,27.9,0.0,False,Hot (>23°C),2025-07-02 11:05:00,0,3
2025-07-11,10,No.3 Court,Gate_2,Queue Ticket,General,0,UK,0,True,104.9,19.9,0.0,False,Warm (19–23°C),2025-07-11 12:28:00,26,12
2025-07-13,11,No.1 Court,Gate_6,Centre Court,Premium,4,France,1,False,83.9,20.9,0.0,False,Warm (19–23°C),2025-07-13 13:09:00,0,14
2025-07-09,10,Court 5,Gate_5,No.1 Court,Reserved,3,UK,0,True,101.9,22.9,0.0,True,Warm (19–23°C),2025-07-09 11:54:00,0,10
2025-06-30,10,Court 4,Gate_8,Grounds Pass,General,1,UK,0,True,114.5,17.2,0.0,False,Cool (15–19°C),2025-06-30 11:58:00,0,1
2025-07-13,9,Court 5,Gate_7,Queue Ticket,General,0,UK,0,False,116.6,20.3,0.0,False,Warm (19–23°C),2025-07-13 11:08:00,0,14
2025-07-13,11,No.2 Court,Gate_6,No.2 Court,Reserved,2,USA,1,True,44.9,20.9,0.0,False,Warm (19–23°C),2025-07-13 12:28:00,112,14
2025-07-10,11,No.1 Court,Gate_8,Queue Ticket,General,0,UK,0,False,77.3,23.8,0.0,False,Hot (>23°C),2025-07-10 13:13:00,0,11
2025-07-04,10,Court 4,Gate_5,Grounds Pass,General,1,Switzerland,1,True,56.5,21.2,0.0,False,Warm (19–23°C),2025-07-04 11:51:00,105,5
2025-07-07,10,Court 8,Gate_6,Grounds Pass,General,1,UK,0,True,116.8,24.1,0.0,False,Hot (>23°C),2025-07-07 11:59:00,0,8
2025-07-04,10,Court 4,Gate_5,No.1 Court,Reserved,3,Other,1,True,66.5,21.2,0.0,False,Warm (19–23°C),2025-07-04 11:51:00,105,5
2025-07-07,11,Centre Court,Gate_8,Centre Court Debenture,Premium,5,UK,0,False,89.5,21.4,0.0,False,Warm (19–23°C),2025-07-07 13:10:00,0,8
2025-07-03,10,Court 6,Gate_8,Centre Court,Premium,4,Australia,1,True,70.1,19.8,0.0,False,Warm (19–23°C),2025-07-03 11:26:00,0,4
2025-07-05,9,Court 6,Gate_7,No.1 Court,Reserved,3,Australia,1,False,104.3,26.0,0.0,True,Hot (>23°C),2025-07-05 11:14:00,0,6
2025-06-30,10,No.3 Court,Gate_1,Queue Ticket,General,0,UK,0,False,113.7,17.2,0.0,False,Cool (15–19°C),2025-06-30 12:15:00,0,1
2025-07-09,10,No.3 Court,Gate_1,Queue Ticket,General,0,France,1,False,112.8,22.9,0.0,True,Warm (19–23°C),2025-07-09 12:21:00,0,10
2025-06-30,10,Court 4,Gate_2,No.1 Court,Reserved,3,UK,0,True,70.5,17.2,0.0,False,Cool (15–19°C),2025-06-30 11:58:00,0,1
2025-07-01,9,Court 7,Gate_6,No.2 Court,Reserved,2,Other,1,False,115.9,18.5,0.0,True,Cool (15–19°C),2025-07-01 11:32:00,0,2
2025-07-01,9,No.2 Court,Gate_2,Grounds Pass,General,1,USA,1,True,146.5,18.5,0.0,True,Cool (15–19°C),2025-07-01 12:04:00,0,2
2025-07-13,10,Court 18,Gate_2,Grounds Pass,General,1,UK,0,True,90.6,19.2,0.0,False,Warm (19–23°C),2025-07-13 11:50:00,21,14
2025-07-06,11,No.3 Court,Gate_3,No.1 Court,Reserved,3,UK,0,True,76.6,14.2,0.0,False,Cold (<15°C),2025-07-06 12:21:00,0,7
2025-07-06,10,Court 5,Gate_4,No.1 Court,Reserved,3,France,1,True,44.9,15.5,0.0,False,Cool (15–19°C),2025-07-06 11:05:00,0,7
2025-07-09,9,Court 4,Gate_6,Queue Ticket,General,0,UK,0,True,149.6,23.5,0.0,True,Hot (>23°C),2025-07-09 11:43:00,81,10
2025-07-13,10,Court 18,Gate_3,Queue Ticket,General,0,Canada,1,False,99.5,19.2,0.0,False,Warm (19–23°C),2025-07-13 11:50:00,21,14
2025-07-12,9,Court 8,Gate_1,Centre Court,Premium,4,Germany,1,True,118.8,25.3,0.0,True,Hot (>23°C),2025-07-12 11:07:00,0,13
2025-07-06,12,No.1 Court,Gate_6,No.1 Court,Reserved,3,Australia,1,True,41.3,14.8,0.0,False,Cold (<15°C),2025-07-06 13:03:00,0,7
2025-07-07,11,No.1 Court,Gate_2,Queue Ticket,General,0,UK,0,True,88.6,21.4,0.0,False,Warm (19–23°C),2025-07-07 13:02:00,0,8
2025-07-11,11,Court 4,Gate_2,Centre Court,Premium,4,UK,0,True,47.7,19.3,0.0,False,Warm (19–23°C),2025-07-11 11:49:00,0,12
2025-07-06,11,Centre Court,Gate_1,No.2 Court,Reserved,2,UK,0,True,88.1,14.2,0.0,False,Cold (<15°C),2025-07-06 13:06:00,0,7
2025-07-04,11,No.1 Court,Gate_3,Grounds Pass,General,1,Japan,1,True,100.4,20.4,0.0,False,Warm (19–23°C),2025-07-04 13:05:00,0,5
2025-07-04,11,Centre Court,Gate_6,Queue Ticket,General,0,UK,0,False,114.0,20.4,0.0,False,Warm (19–23°C),2025-07-04 13:08:00,0,5
2025-07-12,10,Centre Court,Gate_4,Grounds Pass,General,1,UK,0,True,131.8,27.2,0.0,True,Hot (>23°C),2025-07-12 13:00:00,0,13
2025-07-01,9,Court 8,Gate_5,Grounds Pass,General,1,Switzerland,1,True,109.5,18.5,0.0,True,Cool (15–19°C),2025-07-01 11:09:00,0,2
2025-07-06,10,Court 8,Gate_2,No.1 Court,Reserved,3,UK,0,True,84.3,15.5,0.0,False,Cool (15–19°C),2025-07-06 11:32:00,0,7
2025-07-09,10,Court 8,Gate_8,Centre Court,Premium,4,Other,1,False,52.0,22.9,0.0,True,Warm (19–23°C),2025-07-09 11:18:00,0,10
2025-07-06,10,No.3 Court,Gate_8,Grounds Pass,General,1,UK,0,True,96.1,15.5,0.0,False,Cool (15–19°C),2025-07-06 12:21:00,0,7
2025-07-11,10,Court 12,Gate_6,No.1 Court,Reserved,3,UK,0,False,70.8,19.9,0.0,False,Warm (19–23°C),2025-07-11 11:19:00,0,12
2025-07-11,11,No.1 Court,Gate_5,Grounds Pass,General,1,UK,0,True,110.6,19.3,0.0,False,Warm (19–23°C),2025-07-11 13:01:00,0,12
2025-07-04,11,No.1 Court,Gate_8,Grounds Pass,General,1,UK,0,True,83.7,20.4,0.0,False,Warm (19–23°C),2025-07-04 13:05:00,0,5
2025-07-10,10,Court 7,Gate_2,No.2 Court,Reserved,2,USA,1,False,22.0,24.9,0.0,False,Hot (>23°C),2025-07-10 11:13:00,0,11
2025-07-11,11,No.1 Court,Gate_6,No.1 Court,Reserved,3,UK,0,True,100.3,19.3,0.0,False,Warm (19–23°C),2025-07-11 13:01:00,0,12
2025-07-01,10,No.1 Court,Gate_7,Queue Ticket,General,0,UK,0,True,149.7,19.4,0.0,True,Warm (19–23°C),2025-07-01 13:00:00,0,2
2025-07-04,10,Court 12,Gate_8,No.2 Court,Reserved,2,USA,1,False,66.3,21.2,0.0,False,Warm (19–23°C),2025-07-04 11:39:00,0,5
2025-07-04,10,No.2 Court,Gate_3,Queue Ticket,General,0,Germany,1,False,122.0,21.2,0.0,False,Warm (19–23°C),2025-07-04 12:13:00,0,5
2025-07-12,11,No.1 Court,Gate_6,Queue Ticket,General,0,USA,1,False,82.2,27.4,0.06,True,Hot (>23°C),2025-07-12 13:04:00,0,13
2025-07-12,11,No.2 Court,Gate_7,No.1 Court,Reserved,3,France,1,True,62.2,27.4,0.06,True,Hot (>23°C),2025-07-12 12:03:00,49,13
2025-07-05,10,No.1 Court,Gate_6,Grounds Pass,General,1,UK,0,False,131.4,23.2,0.0,True,Hot (>23°C),2025-07-05 13:01:00,0,6
2025-07-08,10,Court 6,Gate_5,No.2 Court,Reserved,2,UK,0,True,79.5,15.6,0.0,False,Cool (15–19°C),2025-07-08 11:28:00,0,9
2025-07-11,10,Court 4,Gate_6,Grounds Pass,General,1,UK,0,False,71.0,19.9,0.0,False,Warm (19–23°C),2025-07-11 11:49:00,0,12
2025-07-01,10,No.1 Court,Gate_4,Grounds Pass,General,1,USA,1,True,141.4,19.4,0.0,True,Warm (19–23°C),2025-07-01 13:00:00,0,2
2025-07-02,11,No.2 Court,Gate_2,Centre Court,Premium,4,UK,0,False,39.2,26.8,0.0,False,Hot (>23°C),2025-07-02 12:20:00,0,3
2025-07-10,10,Court 12,Gate_1,No.1 Court,Reserved,3,Canada,1,False,43.4,24.9,0.0,False,Hot (>23°C),2025-07-10 11:01:00,0,11
2025-07-01,9,Court 4,Gate_8,Centre Court,Premium,4,UK,0,True,114.0,18.5,0.0,True,Cool (15–19°C),2025-07-01 11:26:00,0,2
2025-07-03,10,Court 12,Gate_3,No.2 Court,Reserved,2,USA,1,False,57.7,19.8,0.0,False,Warm (19–23°C),2025-07-03 11:45:00,0,4
2025-07-01,11,No.2 Court,Gate_1,No.2 Court,Reserved,2,UK,0,True,46.6,20.6,0.76,True,Warm (19–23°C),2025-07-01 12:04:00,0,2
2025-07-02,10,Court 5,Gate_3,Grounds Pass,General,1,UK,0,False,59.4,27.9,0.0,False,Hot (>23°C),2025-07-02 11:26:00,0,3
2025-07-01,10,Court 5,Gate_2,Grounds Pass,General,1,USA,1,True,76.8,19.4,0.0,True,Warm (19–23°C),2025-07-01 11:53:00,0,2
2025-07-02,12,Centre Court,Gate_2,Centre Court,Premium,4,USA,1,True,20.1,27.1,0.0,False,Hot (>23°C),2025-07-02 13:01:00,0,3
2025-07-10,10,Court 18,Gate_3,Grounds Pass,General,1,USA,1,True,64.4,24.9,0.0,False,Hot (>23°C),2025-07-10 11:46:00,0,11
2025-07-13,11,Centre Court,Gate_1,Grounds Pass,General,1,UK,0,False,106.0,20.9,0.0,False,Warm (19–23°C),2025-07-13 13:07:00,0,14
2025-07-10,12,No.1 Court,Gate_2,Grounds Pass,General,1,Australia,1,True,55.1,24.1,0.0,False,Hot (>23°C),2025-07-10 13:13:00,0,11
2025-07-11,10,Court 6,Gate_2,Centre Court,Premium,4,UK,0,True,40.3,19.9,0.0,False,Warm (19–23°C),2025-07-11 11:10:00,0,12
2025-07-04,12,No.3 Court,Gate_3,Grounds Pass,General,1,France,1,True,27.2,21.9,0.0,False,Warm (19–23°C),2025-07-04 12:29:00,0,5
2025-07-10,12,Centre Court,Gate_8,Centre Court,Premium,4,Australia,1,True,29.4,24.1,0.0,False,Hot (>23°C),2025-07-10 13:14:00,0,11
2025-07-12,11,No.1 Court,Gate_5,Centre Court,Premium,4,UK,0,True,77.1,27.4,0.06,True,Hot (>23°C),2025-07-12 13:04:00,0,13
2025-07-01,10,No.2 Court,Gate_2,No.1 Court,Reserved,3,UK,0,True,66.9,19.4,0.0,True,Warm (19–23°C),2025-07-01 12:04:00,0,2
2025-07-02,12,Centre Court,Gate_1,Centre Court,Premium,4,USA,1,False,5.0,27.1,0.0,False,Hot (>23°C),2025-07-02 13:01:00,0,3
2025-07-12,11,No.1 Court,Gate_3,Grounds Pass,General,1,Spain,1,True,90.5,27.4,0.06,True,Hot (>23°C),2025-07-12 13:04:00,0,13
2025-07-08,10,Court 5,Gate_5,Grounds Pass,General,1,USA,1,False,77.1,15.6,0.0,False,Cool (15–19°C),2025-07-08 11:32:00,0,9
2025-07-06,10,No.3 Court,Gate_3,Grounds Pass,General,1,UK,0,True,109.4,15.5,0.0,False,Cool (15–19°C),2025-07-06 12:21:00,0,7
2025-07-09,8,Court 6,Gate_8,Queue Ticket,General,0,UK,0,True,171.0,22.8,0.0,True,Warm (19–23°C),2025-07-09 11:14:00,0,10
2025-07-05,9,Court 4,Gate_3,Grounds Pass,General,1,UK,0,True,123.6,26.0,0.0,True,Hot (>23°C),2025-07-05 11:29:00,0,6
2025-07-12,10,Centre Court,Gate_1,Queue Ticket,General,0,UK,0,False,141.4,27.2,0.0,True,Hot (>23°C),2025-07-12 13:00:00,0,13
2025-07-09,11,No.1 Court,Gate_7,Centre Court,Premium,4,UK,0,False,96.1,23.2,0.8,True,Hot (>23°C),2025-07-09 13:09:00,0,10
2025-07-05,10,No.1 Court,Gate_8,Queue Ticket,General,0,UK,0,False,153.0,23.2,0.0,True,Hot (>23°C),2025-07-05 13:01:00,0,6
2025-07-10,9,Court 12,Gate_6,Queue Ticket,General,0,UK,0,True,94.5,26.4,0.0,False,Hot (>23°C),2025-07-10 11:01:00,0,11
2025-07-09,9,Court 18,Gate_4,Grounds Pass,General,1,UK,0,False,124.6,23.5,0.0,True,Hot (>23°C),2025-07-09 11:12:00,0,10
2025-07-05,10,No.3 Court,Gate_1,Grounds Pass,General,1,UK,0,True,93.7,23.2,0.0,True,Hot (>23°C),2025-07-05 12:04:00,0,6
2025-07-06,9,Court 12,Gate_5,Queue Ticket,General,0,Australia,1,True,77.4,11.9,0.0,False,Cold (<15°C),2025-07-06 11:10:00,0,7
2025-07-13,10,No.3 Court,Gate_3,Queue Ticket,General,0,Australia,1,True,81.7,19.2,0.0,False,Warm (19–23°C),2025-07-13 12:17:00,0,14
2025-07-01,9,Court 12,Gate_1,No.2 Court,Reserved,2,UK,0,True,110.1,18.5,0.0,True,Cool (15–19°C),2025-07-01 11:21:00,0,2
2025-07-03,10,Court 6,Gate_1,Grounds Pass,General,1,Australia,1,True,60.9,19.8,0.0,False,Warm (19–23°C),2025-07-03 11:26:00,0,4
2025-06-30,10,Centre Court,Gate_3,Grounds Pass,General,1,UK,0,True,131.5,17.2,0.0,False,Cool (15–19°C),2025-06-30 13:01:00,0,1
2025-07-09,10,Court 18,Gate_2,Centre Court Debenture,Premium,5,Germany,1,False,70.1,22.9,0.0,True,Warm (19–23°C),2025-07-09 11:12:00,0,10
2025-07-05,11,No.1 Court,Gate_5,Centre Court,Premium,4,UK,0,True,77.4,25.0,11.35,True,Hot (>23°C),2025-07-05 13:01:00,0,6
2025-07-08,10,Court 4,Gate_5,No.1 Court,Reserved,3,UK,0,False,57.8,15.6,0.0,False,Cool (15–19°C),2025-07-08 11:29:00,0,9
2025-07-11,11,Court 4,Gate_8,Centre Court Debenture,Premium,5,France,1,True,35.5,19.3,0.0,False,Warm (19–23°C),2025-07-11 11:49:00,0,12
2025-07-02,11,Court 6,Gate_3,Centre Court Debenture,Premium,5,Canada,1,False,5.0,26.8,0.0,False,Hot (>23°C),2025-07-02 11:05:00,0,3
2025-07-07,11,No.2 Court,Gate_3,Queue Ticket,General,0,USA,1,True,59.8,21.4,0.0,False,Warm (19–23°C),2025-07-07 12:17:00,95,8
2025-07-01,10,Court 18,Gate_3,Centre Court Debenture,Premium,5,Spain,1,False,77.7,19.4,0.0,True,Warm (19–23°C),2025-07-01 11:58:00,0,2
2025-07-04,10,No.3 Court,Gate_2,Grounds Pass,General,1,UK,0,True,121.0,21.2,0.0,False,Warm (19–23°C),2025-07-04 12:29:00,0,5
2025-07-01,9,No.2 Court,Gate_1,Queue Ticket,General,0,Japan,1,False,151.2,18.5,0.0,True,Cool (15–19°C),2025-07-01 12:04:00,0,2
2025-07-06,9,Court 18,Gate_7,No.2 Court,Reserved,2,UK,0,True,96.1,11.9,0.0,False,Cold (<15°C),2025-07-06 11:29:00,0,7
2025-07-01,9,Court 12,Gate_5,Queue Ticket,General,0,Switzerland,1,True,137.6,18.5,0.0,True,Cool (15–19°C),2025-07-01 11:21:00,0,2
2025-07-01,9,Court 4,Gate_3,Grounds Pass,General,1,Other,1,False,118.5,18.5,0.0,True,Cool (15–19°C),2025-07-01 11:26:00,0,2
2025-07-12,9,Court 6,Gate_3,No.2 Court,Reserved,2,UK,0,True,111.2,25.3,0.0,True,Hot (>23°C),2025-07-12 11:01:00,0,13
2025-07-10,10,Court 6,Gate_1,No.2 Court,Reserved,2,UK,0,True,106.8,24.9,0.0,False,Hot (>23°C),2025-07-10 11:53:00,0,11
2025-07-04,10,Court 6,Gate_3,No.2 Court,Reserved,2,USA,1,True,36.9,21.2,0.0,False,Warm (19–23°C),2025-07-04 11:26:00,0,5
2025-07-03,8,Court 5,Gate_7,Queue Ticket,General,0,Spain,1,False,135.8,21.9,0.0,False,Warm (19–23°C),2025-07-03 11:02:00,33,4
2025-07-11,10,Court 5,Gate_8,Grounds Pass,General,1,UK,0,False,68.9,19.9,0.0,False,Warm (19–23°C),2025-07-11 11:44:00,0,12
2025-07-11,9,Court 7,Gate_8,Queue Ticket,General,0,UK,0,True,95.5,19.8,0.0,False,Warm (19–23°C),2025-07-11 11:02:00,0,12
2025-07-09,11,Centre Court,Gate_5,Centre Court,Premium,4,UK,0,True,102.1,23.2,0.8,True,Hot (>23°C),2025-07-09 13:02:00,0,10
2025-06-30,11,No.1 Court,Gate_8,Grounds Pass,General,1,USA,1,True,92.1,17.8,0.0,False,Cool (15–19°C),2025-06-30 13:11:00,0,1
2025-06-30,10,Court 4,Gate_8,Queue Ticket,General,0,Australia,1,False,84.7,17.2,0.0,False,Cool (15–19°C),2025-06-30 11:58:00,0,1
2025-07-01,9,Court 8,Gate_8,Centre Court,Premium,4,Germany,1,True,77.8,18.5,0.0,True,Cool (15–19°C),2025-07-01 11:09:00,0,2
2025-07-12,11,Centre Court,Gate_7,Grounds Pass,General,1,Australia,1,False,108.1,27.4,0.06,True,Hot (>23°C),2025-07-12 13:00:00,0,13
2025-07-04,11,No.3 Court,Gate_3,Queue Ticket,General,0,UK,0,False,59.3,20.4,0.0,False,Warm (19–23°C),2025-07-04 12:29:00,0,5
2025-07-07,9,Court 6,Gate_7,Grounds Pass,General,1,USA,1,False,81.8,22.2,0.0,False,Warm (19–23°C),2025-07-07 11:10:00,0,8
2025-07-09,11,No.1 Court,Gate_8,No.2 Court,Reserved,2,UK,0,True,127.5,23.2,0.8,True,Hot (>23°C),2025-07-09 13:09:00,0,10
2025-07-10,9,Court 4,Gate_7,Queue Ticket,General,0,UK,0,True,65.4,26.4,0.0,False,Hot (>23°C),2025-07-10 11:02:00,0,11
2025-07-05,10,Centre Court,Gate_7,Queue Ticket,General,0,USA,1,False,125.3,23.2,0.0,True,Hot (>23°C),2025-07-05 13:01:00,0,6
2025-07-12,9,Court 5,Gate_5,Grounds Pass,General,1,UK,0,True,111.4,25.3,0.0,True,Hot (>23°C),2025-07-12 11:34:00,0,13
2025-07-11,12,Centre Court,Gate_1,Queue Ticket,General,0,USA,1,False,59.6,19.8,0.0,False,Warm (19–23°C),2025-07-11 13:13:00,0,12
2025-07-05,12,No.1 Court,Gate_8,No.1 Court,Reserved,3,UK,0,True,43.3,24.5,2.94,True,Hot (>23°C),2025-07-05 13:01:00,0,6
2025-07-02,11,No.2 Court,Gate_1,Grounds Pass,General,1,UK,0,False,49.1,26.8,0.0,False,Hot (>23°C),2025-07-02 12:20:00,0,3
2025-07-09,10,No.1 Court,Gate_7,Queue Ticket,General,0,Germany,1,True,141.6,22.9,0.0,True,Warm (19–23°C),2025-07-09 13:09:00,0,10
2025-07-11,10,Court 18,Gate_8,Centre Court,Premium,4,UK,0,False,77.9,19.9,0.0,False,Warm (19–23°C),2025-07-11 11:58:00,113,12
2025-07-13,11,No.2 Court,Gate_7,No.2 Court,Reserved,2,UK,0,False,52.8,20.9,0.0,False,Warm (19–23°C),2025-07-13 12:28:00,112,14
2025-06-30,10,No.2 Court,Gate_7,Queue Ticket,General,0,France,1,True,88.8,17.2,0.0,False,Cool (15–19°C),2025-06-30 12:02:00,89,1
2025-07-10,10,No.3 Court,Gate_6,Grounds Pass,General,1,UK,0,True,91.7,24.9,0.0,False,Hot (>23°C),2025-07-10 12:15:00,0,11
2025-07-09,9,Court 6,Gate_7,Centre Court,Premium,4,UK,0,True,108.1,23.5,0.0,True,Hot (>23°C),2025-07-09 11:14:00,0,10
2025-07-07,10,Court 6,Gate_5,No.1 Court,Reserved,3,Japan,1,True,33.8,24.1,0.0,False,Hot (>23°C),2025-07-07 11:10:00,0,8
2025-07-07,11,No.3 Court,Gate_4,Grounds Pass,General,1,Germany,1,True,53.7,21.4,0.0,False,Warm (19–23°C),2025-07-07 12:12:00,37,8
2025-07-01,9,No.3 Court,Gate_8,Queue Ticket,General,0,UK,0,True,162.0,18.5,0.0,True,Cool (15–19°C),2025-07-01 12:22:00,0,2
2025-07-10,12,Centre Court,Gate_8,Queue Ticket,General,0,Japan,1,False,66.3,24.1,0.0,False,Hot (>23°C),2025-07-10 13:14:00,0,11
2025-07-10,11,No.2 Court,Gate_5,Grounds Pass,General,1,USA,1,True,64.7,23.8,0.0,False,Hot (>23°C),2025-07-10 12:07:00,0,11
2025-07-04,10,Court 5,Gate_1,No.1 Court,Reserved,3,UK,0,False,46.0,21.2,0.0,False,Warm (19–23°C),2025-07-04 11:16:00,0,5
2025-07-01,9,Court 18,Gate_4,Queue Ticket,General,0,UK,0,True,156.4,18.5,0.0,True,Cool (15–19°C),2025-07-01 11:58:00,0,2
2025-07-03,10,No.2 Court,Gate_6,Queue Ticket,General,0,UK,0,False,109.1,19.8,0.0,False,Warm (19–23°C),2025-07-03 12:23:00,0,4
2025-07-05,10,Court 8,Gate_8,No.1 Court,Reserved,3,UK,0,True,68.4,23.2,0.0,True,Hot (>23°C),2025-07-05 11:57:00,28,6
2025-07-09,9,Court 12,Gate_2,Queue Ticket,General,0,UK,0,False,153.6,23.5,0.0,True,Hot (>23°C),2025-07-09 11:49:00,0,10
2025-07-12,10,No.2 Court,Gate_5,Queue Ticket,General,0,Germany,1,False,102.7,27.2,0.0,True,Hot (>23°C),2025-07-12 12:03:00,49,13
2025-07-08,11,No.1 Court,Gate_6,Grounds Pass,General,1,UK,0,False,113.0,12.1,0.0,False,Cold (<15°C),2025-07-08 13:07:00,0,9
2025-07-02,10,No.2 Court,Gate_1,Grounds Pass,General,1,France,1,True,81.7,27.9,0.0,False,Hot (>23°C),2025-07-02 12:20:00,0,3
2025-07-04,12,Centre Court,Gate_2,No.2 Court,Reserved,2,UK,0,True,65.6,21.9,0.0,False,Warm (19–23°C),2025-07-04 13:08:00,0,5
2025-07-05,9,Court 5,Gate_3,Grounds Pass,General,1,UK,0,False,108.6,26.0,0.0,True,Hot (>23°C),2025-07-05 11:41:00,0,6
2025-07-06,11,Centre Court,Gate_7,No.2 Court,Reserved,2,UK,0,False,84.2,14.2,0.0,False,Cold (<15°C),2025-07-06 13:06:00,0,7
2025-07-07,10,Court 12,Gate_3,No.1 Court,Reserved,3,UK,0,False,75.6,24.1,0.0,False,Hot (>23°C),2025-07-07 11:34:00,0,8
2025-07-12,10,No.3 Court,Gate_5,Queue Ticket,General,0,UK,0,True,121.6,27.2,0.0,True,Hot (>23°C),2025-07-12 12:15:00,0,13
2025-07-13,10,Court 5,Gate_3,No.2 Court,Reserved,2,USA,1,False,61.6,19.2,0.0,False,Warm (19–23°C),2025-07-13 11:08:00,0,14
2025-07-12,8,Court 6,Gate_5,Grounds Pass,General,1,Switzerland,1,False,131.2,24.7,0.0,True,Hot (>23°C),2025-07-12 11:01:00,0,13
2025-06-30,9,Court 7,Gate_7,Grounds Pass,General,1,UK,0,False,75.9,18.3,0.0,False,Cool (15–19°C),2025-06-30 11:10:00,0,1
2025-07-08,11,No.1 Court,Gate_1,Queue Ticket,General,0,USA,1,True,94.4,12.1,0.0,False,Cold (<15°C),2025-07-08 13:07:00,0,9
2025-06-30,10,Court 4,Gate_5,Grounds Pass,General,1,UK,0,True,98.9,17.2,0.0,False,Cool (15–19°C),2025-06-30 11:58:00,0,1
2025-07-02,12,No.1 Court,Gate_8,Queue Ticket,General,0,UK,0,False,60.2,27.1,0.0,False,Hot (>23°C),2025-07-02 13:07:00,0,3
2025-07-05,9,Court 5,Gate_4,Queue Ticket,General,0,Canada,1,True,145.8,26.0,0.0,True,Hot (>23°C),2025-07-05 11:41:00,0,6
2025-07-12,9,Court 4,Gate_6,Queue Ticket,General,0,Other,1,False,110.6,25.3,0.0,True,Hot (>23°C),2025-07-12 11:45:00,0,13
2025-07-03,9,Court 8,Gate_3,Grounds Pass,General,1,UK,0,True,123.0,17.0,0.0,False,Cool (15–19°C),2025-07-03 11:04:00,0,4
2025-07-03,9,Court 18,Gate_2,Queue Ticket,General,0,Australia,1,True,89.0,17.0,0.0,False,Cool (15–19°C),2025-07-03 11:05:00,0,4
2025-07-11,10,No.1 Court,Gate_6,Grounds Pass,General,1,UK,0,True,136.1,19.9,0.0,False,Warm (19–23°C),2025-07-11 13:01:00,0,12
2025-07-08,9,Court 4,Gate_7,Queue Ticket,General,0,UK,0,False,114.1,14.1,0.0,False,Cold (<15°C),2025-07-08 11:29:00,0,9
2025-06-30,11,No.2 Court,Gate_8,Centre Court Debenture,Premium,5,UK,0,False,56.3,17.8,0.0,False,Cool (15–19°C),2025-06-30 12:02:00,89,1
2025-07-10,10,Court 4,Gate_5,Grounds Pass,General,1,USA,1,False,58.5,24.9,0.0,False,Hot (>23°C),2025-07-10 11:02:00,0,11
2025-07-12,11,No.1 Court,Gate_7,Grounds Pass,General,1,France,1,True,119.0,27.4,0.06,True,Hot (>23°C),2025-07-12 13:04:00,0,13
2025-07-04,9,Court 8,Gate_3,Grounds Pass,General,1,Spain,1,False,136.4,21.9,0.0,False,Warm (19–23°C),2025-07-04 11:59:00,0,5
2025-07-07,11,No.1 Court,Gate_8,Queue Ticket,General,0,UK,0,True,100.4,21.4,0.0,False,Warm (19–23°C),2025-07-07 13:02:00,0,8
2025-07-13,11,No.1 Court,Gate_7,Queue Ticket,General,0,UK,0,False,107.9,20.9,0.0,False,Warm (19–23°C),2025-07-13 13:09:00,0,14
2025-07-05,10,No.1 Court,Gate_7,Queue Ticket,General,0,USA,1,False,171.5,23.2,0.0,True,Hot (>23°C),2025-07-05 13:01:00,0,6
2025-07-10,11,Centre Court,Gate_3,Grounds Pass,General,1,USA,1,False,115.1,23.8,0.0,False,Hot (>23°C),2025-07-10 13:14:00,0,11
2025-07-12,8,Court 12,Gate_3,Grounds Pass,General,1,Other,1,False,130.8,24.7,0.0,True,Hot (>23°C),2025-07-12 11:04:00,0,13
2025-07-01,10,No.1 Court,Gate_8,Grounds Pass,General,1,Spain,1,False,128.9,19.4,0.0,True,Warm (19–23°C),2025-07-01 13:00:00,0,2
2025-07-04,10,Centre Court,Gate_7,Queue Ticket,General,0,Germany,1,True,155.1,21.2,0.0,False,Warm (19–23°C),2025-07-04 13:08:00,0,5
2025-07-08,9,Court 4,Gate_6,Grounds Pass,General,1,USA,1,False,115.0,14.1,0.0,False,Cold (<15°C),2025-07-08 11:29:00,0,9
2025-07-08,10,No.2 Court,Gate_1,Queue Ticket,General,0,Switzerland,1,True,86.6,15.6,0.0,False,Cool (15–19°C),2025-07-08 12:23:00,0,9
2025-07-01,12,Centre Court,Gate_3,No.1 Court,Reserved,3,Australia,1,False,61.7,19.3,0.5,True,Warm (19–23°C),2025-07-01 13:13:00,0,2
2025-07-09,11,Centre Court,Gate_8,Centre Court,Premium,4,USA,1,True,68.6,23.2,0.8,True,Hot (>23°C),2025-07-09 13:02:00,0,10
2025-07-04,11,Court 4,Gate_6,No.1 Court,Reserved,3,Australia,1,False,48.5,20.4,0.0,False,Warm (19–23°C),2025-07-04 11:51:00,105,5
2025-07-13,10,Court 7,Gate_3,Grounds Pass,General,1,UK,0,True,75.1,19.2,0.0,False,Warm (19–23°C),2025-07-13 11:57:00,0,14
2025-07-13,11,No.3 Court,Gate_7,No.1 Court,Reserved,3,UK,0,False,67.2,20.9,0.0,False,Warm (19–23°C),2025-07-13 12:17:00,0,14
2025-07-10,11,No.2 Court,Gate_2,Queue Ticket,General,0,UK,0,True,50.4,23.8,0.0,False,Hot (>23°C),2025-07-10 12:07:00,0,11
2025-07-08,11,No.1 Court,Gate_5,Grounds Pass,General,1,Australia,1,False,69.1,12.1,0.0,False,Cold (<15°C),2025-07-08 13:07:00,0,9
2025-07-12,11,Centre Court,Gate_1,No.2 Court,Reserved,2,UK,0,False,103.9,27.4,0.06,True,Hot (>23°C),2025-07-12 13:00:00,0,13
2025-06-30,12,Centre Court,Gate_6,Grounds Pass,General,1,UK,0,True,48.8,17.4,0.0,False,Cool (15–19°C),2025-06-30 13:01:00,0,1
2025-07-13,11,Centre Court,Gate_3,No.1 Court,Reserved,3,UK,0,True,68.0,20.9,0.0,False,Warm (19–23°C),2025-07-13 13:07:00,0,14
2025-07-08,10,Court 8,Gate_1,Grounds Pass,General,1,Australia,1,True,80.0,15.6,0.0,False,Cool (15–19°C),2025-07-08 11:31:00,56,9
2025-07-04,10,Court 12,Gate_3,Grounds Pass,General,1,UK,0,False,85.4,21.2,0.0,False,Warm (19–23°C),2025-07-04 11:39:00,0,5
2025-07-03,10,Court 7,Gate_1,No.2 Court,Reserved,2,UK,0,True,86.4,19.8,0.0,False,Warm (19–23°C),2025-07-03 11:40:00,0,4
2025-07-07,11,No.1 Court,Gate_8,Queue Ticket,General,0,UK,0,False,103.1,21.4,0.0,False,Warm (19–23°C),2025-07-07 13:02:00,0,8
2025-07-08,9,Court 7,Gate_4,Queue Ticket,General,0,Japan,1,False,94.5,14.1,0.0,False,Cold (<15°C),2025-07-08 11:32:00,0,9
2025-07-11,11,Centre Court,Gate_3,No.1 Court,Reserved,3,UK,0,True,105.7,19.3,0.0,False,Warm (19–23°C),2025-07-11 13:13:00,0,12
2025-07-06,10,No.2 Court,Gate_5,Grounds Pass,General,1,USA,1,True,83.8,15.5,0.0,False,Cool (15–19°C),2025-07-06 12:07:00,0,7
2025-07-06,11,Centre Court,Gate_1,Grounds Pass,General,1,USA,1,True,83.2,14.2,0.0,False,Cold (<15°C),2025-07-06 13:06:00,0,7
2025-07-06,10,Court 12,Gate_5,Grounds Pass,General,1,Switzerland,1,False,57.0,15.5,0.0,False,Cool (15–19°C),2025-07-06 11:10:00,0,7
2025-07-03,9,Court 7,Gate_8,Queue Ticket,General,0,UK,0,True,103.8,17.0,0.0,False,Cool (15–19°C),2025-07-03 11:40:00,0,4
2025-07-06,11,No.1 Court,Gate_6,Queue Ticket,General,0,UK,0,True,91.9,14.2,0.0,False,Cold (<15°C),2025-07-06 13:03:00,0,7
2025-07-08,10,Court 7,Gate_2,Queue Ticket,General,0,UK,0,True,91.4,15.6,0.0,False,Cool (15–19°C),2025-07-08 11:32:00,0,9
2025-07-01,9,Court 18,Gate_1,Queue Ticket,General,0,UK,0,True,166.3,18.5,0.0,True,Cool (15–19°C),2025-07-01 11:58:00,0,2
2025-07-01,10,Centre Court,Gate_4,Grounds Pass,General,1,UK,0,False,143.3,19.4,0.0,True,Warm (19–23°C),2025-07-01 13:13:00,0,2
2025-07-01,10,No.3 Court,Gate_1,Grounds Pass,General,1,UK,0,True,100.5,19.4,0.0,True,Warm (19–23°C),2025-07-01 12:22:00,0,2
2025-07-07,9,Court 18,Gate_4,Queue Ticket,General,0,UK,0,True,96.1,22.2,0.0,False,Warm (19–23°C),2025-07-07 11:17:00,0,8
2025-07-12,9,Court 18,Gate_7,Grounds Pass,General,1,Japan,1,True,91.3,25.3,0.0,True,Hot (>23°C),2025-07-12 11:23:00,0,13
2025-07-13,11,Centre Court,Gate_7,No.1 Court,Reserved,3,UK,0,True,74.6,20.9,0.0,False,Warm (19–23°C),2025-07-13 13:07:00,0,14
2025-07-13,12,Centre Court,Gate_5,No.1 Court,Reserved,3,USA,1,False,35.6,18.2,0.0,False,Cool (15–19°C),2025-07-13 13:07:00,0,14
2025-07-03,11,No.2 Court,Gate_8,Grounds Pass,General,1,Canada,1,False,82.9,20.3,0.0,False,Warm (19–23°C),2025-07-03 12:23:00,0,4
2025-07-10,11,Court 6,Gate_6,No.1 Court,Reserved,3,Switzerland,1,True,44.9,23.8,0.0,False,Hot (>23°C),2025-07-10 11:53:00,0,11
2025-07-13,9,Court 5,Gate_6,Grounds Pass,General,1,UK,0,True,101.1,20.3,0.0,False,Warm (19–23°C),2025-07-13 11:08:00,0,14
2025-06-30,9,Court 6,Gate_5,Queue Ticket,General,0,UK,0,True,78.8,18.3,0.0,False,Cool (15–19°C),2025-06-30 11:07:00,0,1
2025-07-07,12,Centre Court,Gate_2,No.1 Court,Reserved,3,UK,0,False,34.8,21.4,0.0,False,Warm (19–23°C),2025-07-07 13:10:00,0,8
2025-07-12,11,Centre Court,Gate_1,No.2 Court,Reserved,2,France,1,True,110.2,27.4,0.06,True,Hot (>23°C),2025-07-12 13:00:00,0,13
2025-07-12,10,Court 8,Gate_2,Queue Ticket,General,0,Japan,1,False,64.2,27.2,0.0,True,Hot (>23°C),2025-07-12 11:07:00,0,13
2025-07-07,10,Court 7,Gate_1,Grounds Pass,General,1,USA,1,True,47.9,24.1,0.0,False,Hot (>23°C),2025-07-07 11:35:00,0,8
2025-07-13,12,Centre Court,Gate_6,No.2 Court,Reserved,2,Japan,1,True,56.9,18.2,0.0,False,Cool (15–19°C),2025-07-13 13:07:00,0,14
2025-07-13,11,No.1 Court,Gate_5,Grounds Pass,General,1,Spain,1,True,127.4,20.9,0.0,False,Warm (19–23°C),2025-07-13 13:09:00,0,14
2025-07-04,10,Centre Court,Gate_5,Grounds Pass,General,1,UK,0,False,142.2,21.2,0.0,False,Warm (19–23°C),2025-07-04 13:08:00,0,5
2025-07-07,11,No.2 Court,Gate_3,Centre Court,Premium,4,UK,0,True,67.9,21.4,0.0,False,Warm (19–23°C),2025-07-07 12:17:00,95,8
2025-07-11,9,Court 8,Gate_7,No.2 Court,Reserved,2,UK,0,True,95.3,19.8,0.0,False,Warm (19–23°C),2025-07-11 11:11:00,0,12
2025-06-30,9,Court 12,Gate_3,Grounds Pass,General,1,Canada,1,True,97.2,18.3,0.0,False,Cool (15–19°C),2025-06-30 11:32:00,0,1
2025-07-13,10,No.3 Court,Gate_1,Grounds Pass,General,1,UK,0,False,80.8,19.2,0.0,False,Warm (19–23°C),2025-07-13 12:17:00,0,14
2025-06-30,11,No.1 Court,Gate_1,Grounds Pass,General,1,UK,0,True,100.9,17.8,0.0,False,Cool (15–19°C),2025-06-30 13:11:00,0,1
2025-07-03,11,No.3 Court,Gate_4,Queue Ticket,General,0,USA,1,True,58.7,20.3,0.0,False,Warm (19–23°C),2025-07-03 12:08:00,0,4
2025-07-08,10,Court 5,Gate_6,Grounds Pass,General,1,UK,0,True,68.6,15.6,0.0,False,Cool (15–19°C),2025-07-08 11:32:00,0,9
2025-07-06,10,Court 7,Gate_8,No.1 Court,Reserved,3,UK,0,False,52.1,15.5,0.0,False,Cool (15–19°C),2025-07-06 11:12:00,0,7
2025-06-30,12,No.1 Court,Gate_2,Grounds Pass,General,1,France,1,True,54.4,17.4,0.0,False,Cool (15–19°C),2025-06-30 13:11:00,0,1
2025-07-07,10,Court 12,Gate_3,No.1 Court,Reserved,3,USA,1,True,50.7,24.1,0.0,False,Hot (>23°C),2025-07-07 11:34:00,0,8
2025-07-05,11,Centre Court,Gate_5,Grounds Pass,General,1,UK,0,False,106.8,25.0,11.35,True,Hot (>23°C),2025-07-05 13:01:00,0,6
2025-07-03,10,Court 7,Gate_5,Grounds Pass,General,1,Japan,1,True,78.4,19.8,0.0,False,Warm (19–23°C),2025-07-03 11:40:00,0,4
2025-07-11,11,No.1 Court,Gate_8,No.2 Court,Reserved,2,Germany,1,True,77.2,19.3,0.0,False,Warm (19–23°C),2025-07-11 13:01:00,0,12
2025-07-02,10,Court 4,Gate_3,Grounds Pass,General,1,Canada,1,True,90.9,27.9,0.0,False,Hot (>23°C),2025-07-02 11:56:00,0,3
2025-06-30,10,Court 5,Gate_6,Queue Ticket,General,0,UK,0,False,84.7,17.2,0.0,False,Cool (15–19°C),2025-06-30 11:30:00,0,1
2025-07-03,10,No.3 Court,Gate_3,Grounds Pass,General,1,Japan,1,True,106.2,19.8,0.0,False,Warm (19–23°C),2025-07-03 12:08:00,0,4
2025-07-11,11,Centre Court,Gate_7,Queue Ticket,General,0,Germany,1,False,113.2,19.3,0.0,False,Warm (19–23°C),2025-07-11 13:13:00,0,12
2025-07-11,10,Court 5,Gate_8,Grounds Pass,General,1,Other,1,True,75.8,19.9,0.0,False,Warm (19–23°C),2025-07-11 11:44:00,0,12
2025-07-04,11,Centre Court,Gate_7,Queue Ticket,General,0,UK,0,True,98.2,20.4,0.0,False,Warm (19–23°C),2025-07-04 13:08:00,0,5
2025-07-04,12,No.1 Court,Gate_6,No.2 Court,Reserved,2,Australia,1,True,48.8,21.9,0.0,False,Warm (19–23°C),2025-07-04 13:05:00,0,5
2025-07-03,8,Court 5,Gate_1,Queue Ticket,General,0,UK,0,True,125.5,21.9,0.0,False,Warm (19–23°C),2025-07-03 11:02:00,33,4
2025-07-01,10,No.2 Court,Gate_5,No.1 Court,Reserved,3,UK,0,True,93.2,19.4,0.0,True,Warm (19–23°C),2025-07-01 12:04:00,0,2
2025-07-01,8,Court 4,Gate_6,No.1 Court,Reserved,3,Australia,1,True,150.3,21.8,0.0,True,Warm (19–23°C),2025-07-01 11:26:00,0,2
2025-07-11,12,No.1 Court,Gate_8,Grounds Pass,General,1,UK,0,False,58.7,19.8,0.0,False,Warm (19–23°C),2025-07-11 13:01:00,0,12
2025-07-06,12,Centre Court,Gate_1,No.2 Court,Reserved,2,Germany,1,True,56.2,14.8,0.0,False,Cold (<15°C),2025-07-06 13:06:00,0,7
2025-07-11,11,No.2 Court,Gate_7,No.2 Court,Reserved,2,UK,0,False,58.0,19.3,0.0,False,Warm (19–23°C),2025-07-11 12:00:00,0,12
2025-07-08,10,Court 8,Gate_4,Centre Court,Premium,4,UK,0,False,57.4,15.6,0.0,False,Cool (15–19°C),2025-07-08 11:31:00,56,9
2025-07-13,8,Court 5,Gate_6,Queue Ticket,General,0,France,1,False,150.1,19.8,0.0,False,Warm (19–23°C),2025-07-13 11:08:00,0,14
2025-07-07,11,No.1 Court,Gate_5,No.2 Court,Reserved,2,UK,0,False,101.4,21.4,0.0,False,Warm (19–23°C),2025-07-07 13:02:00,0,8
2025-07-12,11,Centre Court,Gate_7,Grounds Pass,General,1,UK,0,True,114.7,27.4,0.06,True,Hot (>23°C),2025-07-12 13:00:00,0,13
2025-07-03,10,No.3 Court,Gate_4,Queue Ticket,General,0,Australia,1,False,77.6,19.8,0.0,False,Warm (19–23°C),2025-07-03 12:08:00,0,4
2025-07-05,11,Centre Court,Gate_2,No.2 Court,Reserved,2,Australia,1,True,71.2,25.0,11.35,True,Hot (>23°C),2025-07-05 13:01:00,0,6
2025-07-09,11,No.1 Court,Gate_1,No.2 Court,Reserved,2,UK,0,True,123.4,23.2,0.8,True,Hot (>23°C),2025-07-09 13:09:00,0,10
2025-07-09,10,No.2 Court,Gate_7,Centre Court,Premium,4,UK,0,True,84.4,22.9,0.0,True,Warm (19–23°C),2025-07-09 12:20:00,0,10
2025-07-03,10,Court 4,Gate_7,Queue Ticket,General,0,France,1,False,65.9,19.8,0.0,False,Warm (19–23°C),2025-07-03 11:46:00,0,4
2025-07-07,9,Court 18,Gate_2,Queue Ticket,General,0,UK,0,False,78.9,22.2,0.0,False,Warm (19–23°C),2025-07-07 11:17:00,0,8
2025-07-09,10,No.1 Court,Gate_4,Queue Ticket,General,0,UK,0,True,151.2,22.9,0.0,True,Warm (19–23°C),2025-07-09 13:09:00,0,10
2025-07-03,11,Court 4,Gate_1,No.2 Court,Reserved,2,UK,0,True,29.7,20.3,0.0,False,Warm (19–23°C),2025-07-03 11:46:00,0,4
2025-07-09,9,Court 7,Gate_1,Grounds Pass,General,1,UK,0,True,98.8,23.5,0.0,True,Hot (>23°C),2025-07-09 11:02:00,0,10
2025-07-13,10,Court 8,Gate_4,Grounds Pass,General,1,UK,0,True,90.8,19.2,0.0,False,Warm (19–23°C),2025-07-13 11:44:00,0,14
2025-07-02,9,Court 12,Gate_8,Grounds Pass,General,1,Germany,1,False,85.3,25.2,0.0,False,Hot (>23°C),2025-07-02 11:23:00,0,3
2025-07-09,10,No.2 Court,Gate_2,No.1 Court,Reserved,3,France,1,True,91.6,22.9,0.0,True,Warm (19–23°C),2025-07-09 12:20:00,0,10
2025-07-10,9,Court 4,Gate_8,Queue Ticket,General,0,France,1,True,115.8,26.4,0.0,False,Hot (>23°C),2025-07-10 11:02:00,0,11
2025-07-03,11,No.1 Court,Gate_1,Grounds Pass,General,1,UK,0,True,78.2,20.3,0.0,False,Warm (19–23°C),2025-07-03 13:11:00,0,4
2025-07-06,12,No.1 Court,Gate_3,No.1 Court,Reserved,3,UK,0,False,41.4,14.8,0.0,False,Cold (<15°C),2025-07-06 13:03:00,0,7
2025-07-04,10,Court 12,Gate_3,Grounds Pass,General,1,Australia,1,True,52.1,21.2,0.0,False,Warm (19–23°C),2025-07-04 11:39:00,0,5
2025-06-30,9,No.2 Court,Gate_3,Queue Ticket,General,0,UK,0,True,132.5,18.3,0.0,False,Cool (15–19°C),2025-06-30 12:02:00,89,1
2025-07-07,10,No.2 Court,Gate_6,Queue Ticket,General,0,UK,0,True,77.1,24.1,0.0,False,Hot (>23°C),2025-07-07 12:17:00,95,8
2025-07-03,11,No.2 Court,Gate_7,No.2 Court,Reserved,2,USA,1,True,60.5,20.3,0.0,False,Warm (19–23°C),2025-07-03 12:23:00,0,4
2025-07-11,9,Court 4,Gate_4,Queue Ticket,General,0,UK,0,True,156.5,19.8,0.0,False,Warm (19–23°C),2025-07-11 11:49:00,0,12
2025-07-09,9,Court 6,Gate_3,Queue Ticket,General,0,France,1,False,95.1,23.5,0.0,True,Hot (>23°C),2025-07-09 11:14:00,0,10
2025-06-30,10,Centre Court,Gate_6,Queue Ticket,General,0,Switzerland,1,False,133.0,17.2,0.0,False,Cool (15–19°C),2025-06-30 13:01:00,0,1
2025-07-05,10,Court 8,Gate_6,Grounds Pass,General,1,UK,0,False,65.7,23.2,0.0,True,Hot (>23°C),2025-07-05 11:57:00,28,6
2025-07-03,11,No.1 Court,Gate_6,No.2 Court,Reserved,2,UK,0,True,117.7,20.3,0.0,False,Warm (19–23°C),2025-07-03 13:11:00,0,4
2025-07-07,11,No.1 Court,Gate_2,Queue Ticket,General,0,Australia,1,False,88.9,21.4,0.0,False,Warm (19–23°C),2025-07-07 13:02:00,0,8
2025-07-13,10,Court 5,Gate_3,Centre Court Debenture,Premium,5,UK,0,False,21.6,19.2,0.0,False,Warm (19–23°C),2025-07-13 11:08:00,0,14
2025-07-04,11,Centre Court,Gate_5,Queue Ticket,General,0,UK,0,False,111.5,20.4,0.0,False,Warm (19–23°C),2025-07-04 13:08:00,0,5
2025-07-04,10,Court 7,Gate_2,Grounds Pass,General,1,Japan,1,False,94.3,21.2,0.0,False,Warm (19–23°C),2025-07-04 11:39:00,0,5
2025-06-30,9,Court 7,Gate_8,Grounds Pass,General,1,USA,1,False,78.4,18.3,0.0,False,Cool (15–19°C),2025-06-30 11:10:00,0,1
2025-07-11,10,Court 4,Gate_8,No.2 Court,Reserved,2,Japan,1,True,79.7,19.9,0.0,False,Warm (19–23°C),2025-07-11 11:49:00,0,12
2025-07-05,11,Centre Court,Gate_6,Grounds Pass,General,1,USA,1,True,96.6,25.0,11.35,True,Hot (>23°C),2025-07-05 13:01:00,0,6
2025-07-10,9,Court 6,Gate_8,Queue Ticket,General,0,Other,1,True,119.3,26.4,0.0,False,Hot (>23°C),2025-07-10 11:53:00,0,11
2025-07-01,10,No.1 Court,Gate_6,Queue Ticket,General,0,Australia,1,True,134.3,19.4,0.0,True,Warm (19–23°C),2025-07-01 13:00:00,0,2
2025-07-03,11,No.1 Court,Gate_4,Grounds Pass,General,1,UK,0,True,89.1,20.3,0.0,False,Warm (19–23°C),2025-07-03 13:11:00,0,4
2025-07-05,11,No.1 Court,Gate_6,Queue Ticket,General,0,Canada,1,True,110.4,25.0,11.35,True,Hot (>23°C),2025-07-05 13:01:00,0,6
2025-07-11,9,Court 12,Gate_3,Grounds Pass,General,1,Germany,1,False,100.8,19.8,0.0,False,Warm (19–23°C),2025-07-11 11:19:00,0,12
2025-07-12,9,Court 7,Gate_5,Grounds Pass,General,1,Spain,1,True,146.9,25.3,0.0,True,Hot (>23°C),2025-07-12 11:42:00,63,13
2025-07-07,11,Centre Court,Gate_3,No.1 Court,Reserved,3,USA,1,False,92.0,21.4,0.0,False,Warm (19–23°C),2025-07-07 13:10:00,0,8
2025-07-06,9,Court 7,Gate_2,Queue Ticket,General,0,UK,0,True,94.4,11.9,0.0,False,Cold (<15°C),2025-07-06 11:12:00,0,7
2025-07-03,8,Court 5,Gate_6,Queue Ticket,General,0,UK,0,True,138.2,21.9,0.0,False,Warm (19–23°C),2025-07-03 11:02:00,33,4
2025-07-04,10,Court 5,Gate_7,No.1 Court,Reserved,3,UK,0,True,51.1,21.2,0.0,False,Warm (19–23°C),2025-07-04 11:16:00,0,5
2025-07-07,10,Court 12,Gate_6,No.2 Court,Reserved,2,UK,0,False,81.3,24.1,0.0,False,Hot (>23°C),2025-07-07 11:34:00,0,8
2025-07-03,10,No.2 Court,Gate_3,Queue Ticket,General,0,UK,0,True,118.4,19.8,0.0,False,Warm (19–23°C),2025-07-03 12:23:00,0,4
2025-07-13,11,No.3 Court,Gate_5,No.2 Court,Reserved,2,UK,0,False,74.0,20.9,0.0,False,Warm (19–23°C),2025-07-13 12:17:00,0,14
2025-06-30,11,Centre Court,Gate_5,Queue Ticket,General,0,UK,0,False,97.2,17.8,0.0,False,Cool (15–19°C),2025-06-30 13:01:00,0,1
2025-07-03,10,Court 12,Gate_2,Queue Ticket,General,0,UK,0,True,86.6,19.8,0.0,False,Warm (19–23°C),2025-07-03 11:45:00,0,4
2025-07-09,10,No.1 Court,Gate_2,Queue Ticket,General,0,Spain,1,False,163.0,22.9,0.0,True,Warm (19–23°C),2025-07-09 13:09:00,0,10
2025-07-12,8,Court 8,Gate_8,Grounds Pass,General,1,UK,0,True,167.9,24.7,0.0,True,Hot (>23°C),2025-07-12 11:07:00,0,13
2025-07-12,9,Court 8,Gate_8,Grounds Pass,General,1,USA,1,True,117.0,25.3,0.0,True,Hot (>23°C),2025-07-12 11:07:00,0,13
2025-07-02,9,Court 12,Gate_4,Queue Ticket,General,0,UK,0,True,86.1,25.2,0.0,False,Hot (>23°C),2025-07-02 11:23:00,0,3
2025-07-04,10,Court 8,Gate_5,Queue Ticket,General,0,UK,0,True,93.2,21.2,0.0,False,Warm (19–23°C),2025-07-04 11:59:00,0,5
2025-07-03,10,Court 7,Gate_2,Grounds Pass,General,1,Other,1,True,99.0,19.8,0.0,False,Warm (19–23°C),2025-07-03 11:40:00,0,4
2025-07-05,10,No.1 Court,Gate_8,Grounds Pass,General,1,UK,0,True,137.7,23.2,0.0,True,Hot (>23°C),2025-07-05 13:01:00,0,6
2025-07-06,11,No.1 Court,Gate_4,Centre Court,Premium,4,UK,0,True,81.4,14.2,0.0,False,Cold (<15°C),2025-07-06 13:03:00,0,7
2025-07-02,12,Centre Court,Gate_4,Grounds Pass,General,1,Other,1,True,54.3,27.1,0.0,False,Hot (>23°C),2025-07-02 13:01:00,0,3
2025-07-07,10,No.3 Court,Gate_4,Grounds Pass,General,1,Japan,1,True,106.4,24.1,0.0,False,Hot (>23°C),2025-07-07 12:12:00,37,8
2025-07-04,11,No.1 Court,Gate_2,Grounds Pass,General,1,Other,1,True,87.8,20.4,0.0,False,Warm (19–23°C),2025-07-04 13:05:00,0,5
2025-07-11,12,No.1 Court,Gate_4,No.1 Court,Reserved,3,UK,0,True,54.3,19.8,0.0,False,Warm (19–23°C),2025-07-11 13:01:00,0,12
2025-07-05,9,Court 4,Gate_8,Queue Ticket,General,0,UK,0,False,143.5,26.0,0.0,True,Hot (>23°C),2025-07-05 11:29:00,0,6
2025-07-12,9,Court 6,Gate_8,No.2 Court,Reserved,2,UK,0,False,101.6,25.3,0.0,True,Hot (>23°C),2025-07-12 11:01:00,0,13
2025-07-01,10,No.1 Court,Gate_7,Grounds Pass,General,1,USA,1,True,127.0,19.4,0.0,True,Warm (19–23°C),2025-07-01 13:00:00,0,2
2025-07-12,11,No.1 Court,Gate_4,No.1 Court,Reserved,3,UK,0,True,108.5,27.4,0.06,True,Hot (>23°C),2025-07-12 13:04:00,0,13
2025-07-12,11,Centre Court,Gate_7,Centre Court,Premium,4,UK,0,True,96.7,27.4,0.06,True,Hot (>23°C),2025-07-12 13:00:00,0,13
2025-07-13,11,Centre Court,Gate_4,No.2 Court,Reserved,2,Other,1,True,95.3,20.9,0.0,False,Warm (19–23°C),2025-07-13 13:07:00,0,14
2025-07-10,9,Court 4,Gate_7,Grounds Pass,General,1,UK,0,False,121.9,26.4,0.0,False,Hot (>23°C),2025-07-10 11:02:00,0,11
2025-07-06,12,Centre Court,Gate_3,No.2 Court,Reserved,2,Japan,1,False,46.8,14.8,0.0,False,Cold (<15°C),2025-07-06 13:06:00,0,7
2025-07-13,10,Court 12,Gate_4,Centre Court,Premium,4,UK,0,False,91.9,19.2,0.0,False,Warm (19–23°C),2025-07-13 11:48:00,0,14
2025-06-30,11,Court 4,Gate_7,Grounds Pass,General,1,Other,1,True,47.1,17.8,0.0,False,Cool (15–19°C),2025-06-30 11:58:00,0,1
2025-07-04,9,Court 5,Gate_7,Queue Ticket,General,0,USA,1,True,109.6,21.9,0.0,False,Warm (19–23°C),2025-07-04 11:16:00,0,5
2025-07-10,10,Court 7,Gate_4,No.1 Court,Reserved,3,USA,1,False,19.4,24.9,0.0,False,Hot (>23°C),2025-07-10 11:13:00,0,11
2025-07-02,10,Court 12,Gate_8,No.2 Court,Reserved,2,UK,0,False,57.5,27.9,0.0,False,Hot (>23°C),2025-07-02 11:23:00,0,3
2025-07-06,9,Court 6,Gate_2,Queue Ticket,General,0,France,1,True,108.8,11.9,0.0,False,Cold (<15°C),2025-07-06 11:42:00,0,7
2025-07-12,10,Court 7,Gate_1,Grounds Pass,General,1,Other,1,False,91.0,27.2,0.0,True,Hot (>23°C),2025-07-12 11:42:00,63,13
2025-07-10,8,Court 4,Gate_2,Queue Ticket,General,0,UK,0,True,126.3,24.7,0.0,False,Hot (>23°C),2025-07-10 11:02:00,0,11
2025-07-11,11,Centre Court,Gate_5,Grounds Pass,General,1,USA,1,True,100.2,19.3,0.0,False,Warm (19–23°C),2025-07-11 13:13:00,0,12
2025-07-13,12,No.1 Court,Gate_1,No.1 Court,Reserved,3,Australia,1,True,43.8,18.2,0.0,False,Cool (15–19°C),2025-07-13 13:09:00,0,14
2025-07-10,10,Court 6,Gate_4,Grounds Pass,General,1,USA,1,True,70.3,24.9,0.0,False,Hot (>23°C),2025-07-10 11:53:00,0,11
2025-07-11,10,No.1 Court,Gate_5,Grounds Pass,General,1,UK,0,False,125.3,19.9,0.0,False,Warm (19–23°C),2025-07-11 13:01:00,0,12
2025-07-01,9,No.3 Court,Gate_7,Grounds Pass,General,1,Other,1,True,142.7,18.5,0.0,True,Cool (15–19°C),2025-07-01 12:22:00,0,2
2025-07-13,10,No.2 Court,Gate_4,Queue Ticket,General,0,Other,1,True,137.2,19.2,0.0,False,Warm (19–23°C),2025-07-13 12:28:00,112,14
2025-07-05,10,No.3 Court,Gate_2,Queue Ticket,General,0,Other,1,True,83.9,23.2,0.0,True,Hot (>23°C),2025-07-05 12:04:00,0,6
2025-07-05,11,No.1 Court,Gate_2,Centre Court,Premium,4,UK,0,True,103.6,25.0,11.35,True,Hot (>23°C),2025-07-05 13:01:00,0,6
2025-07-03,10,Court 5,Gate_4,Centre Court Debenture,Premium,5,UK,0,True,51.0,19.8,0.0,False,Warm (19–23°C),2025-07-03 11:02:00,33,4
2025-07-07,10,Court 7,Gate_6,No.1 Court,Reserved,3,UK,0,True,89.7,24.1,0.0,False,Hot (>23°C),2025-07-07 11:35:00,0,8
2025-07-08,9,Court 8,Gate_3,Queue Ticket,General,0,France,1,True,98.0,14.1,0.0,False,Cold (<15°C),2025-07-08 11:31:00,56,9
2025-07-09,8,Court 4,Gate_7,Queue Ticket,General,0,UK,0,False,181.0,22.8,0.0,True,Warm (19–23°C),2025-07-09 11:43:00,81,10
2025-07-07,10,Court 6,Gate_5,No.1 Court,Reserved,3,Australia,1,True,57.0,24.1,0.0,False,Hot (>23°C),2025-07-07 11:10:00,0,8
2025-07-08,11,Centre Court,Gate_8,No.2 Court,Reserved,2,USA,1,True,70.8,12.1,0.0,False,Cold (<15°C),2025-07-08 13:00:00,0,9
2025-07-10,10,Court 6,Gate_3,Grounds Pass,General,1,UK,0,True,99.0,24.9,0.0,False,Hot (>23°C),2025-07-10 11:53:00,0,11
2025-07-09,10,Court 6,Gate_5,Centre Court Debenture,Premium,5,Switzerland,1,False,72.4,22.9,0.0,True,Warm (19–23°C),2025-07-09 11:14:00,0,10
2025-07-07,9,Court 4,Gate_5,Grounds Pass,General,1,France,1,True,97.4,22.2,0.0,False,Warm (19–23°C),2025-07-07 11:29:00,0,8
2025-07-07,9,Court 4,Gate_5,Grounds Pass,General,1,Switzerland,1,True,91.5,22.2,0.0,False,Warm (19–23°C),2025-07-07 11:29:00,0,8
2025-07-09,9,Court 7,Gate_3,No.2 Court,Reserved,2,Australia,1,True,110.7,23.5,0.0,True,Hot (>23°C),2025-07-09 11:02:00,0,10
2025-07-02,11,No.2 Court,Gate_4,Grounds Pass,General,1,USA,1,True,79.5,26.8,0.0,False,Hot (>23°C),2025-07-02 12:20:00,0,3
2025-07-01,8,Court 8,Gate_1,Queue Ticket,General,0,UK,0,False,150.7,21.8,0.0,True,Warm (19–23°C),2025-07-01 11:09:00,0,2
2025-07-09,10,Court 5,Gate_6,No.1 Court,Reserved,3,UK,0,True,91.6,22.9,0.0,True,Warm (19–23°C),2025-07-09 11:54:00,0,10
2025-07-05,9,Court 6,Gate_2,No.1 Court,Reserved,3,UK,0,True,99.6,26.0,0.0,True,Hot (>23°C),2025-07-05 11:14:00,0,6
2025-07-02,11,Centre Court,Gate_6,Queue Ticket,General,0,UK,0,True,69.5,26.8,0.0,False,Hot (>23°C),2025-07-02 13:01:00,0,3
2025-07-06,11,No.3 Court,Gate_6,Grounds Pass,General,1,UK,0,True,61.8,14.2,0.0,False,Cold (<15°C),2025-07-06 12:21:00,0,7
2025-07-03,10,Court 12,Gate_3,Grounds Pass,General,1,Switzerland,1,False,98.6,19.8,0.0,False,Warm (19–23°C),2025-07-03 11:45:00,0,4
2025-07-04,12,No.1 Court,Gate_2,Centre Court Debenture,Premium,5,UK,0,False,59.5,21.9,0.0,False,Warm (19–23°C),2025-07-04 13:05:00,0,5
2025-07-11,11,No.1 Court,Gate_8,No.1 Court,Reserved,3,UK,0,True,106.5,19.3,0.0,False,Warm (19–23°C),2025-07-11 13:01:00,0,12
2025-07-12,10,Court 5,Gate_6,Queue Ticket,General,0,Japan,1,True,85.5,27.2,0.0,True,Hot (>23°C),2025-07-12 11:34:00,0,13
2025-07-01,9,Court 4,Gate_4,Grounds Pass,General,1,UK,0,True,104.9,18.5,0.0,True,Cool (15–19°C),2025-07-01 11:26:00,0,2
2025-07-12,9,Court 4,Gate_7,Queue Ticket,General,0,UK,0,False,118.0,25.3,0.0,True,Hot (>23°C),2025-07-12 11:45:00,0,13
2025-07-06,10,Court 7,Gate_6,No.2 Court,Reserved,2,Germany,1,True,53.9,15.5,0.0,False,Cool (15–19°C),2025-07-06 11:12:00,0,7
2025-07-06,10,No.2 Court,Gate_2,Queue Ticket,General,0,Spain,1,False,110.0,15.5,0.0,False,Cool (15–19°C),2025-07-06 12:07:00,0,7
2025-07-08,11,No.3 Court,Gate_1,Centre Court Debenture,Premium,5,Spain,1,True,31.6,12.1,0.0,False,Cold (<15°C),2025-07-08 12:20:00,0,9
2025-07-07,10,No.1 Court,Gate_1,Queue Ticket,General,0,UK,0,False,123.2,24.1,0.0,False,Hot (>23°C),2025-07-07 13:02:00,0,8
2025-07-11,9,Court 8,Gate_5,Grounds Pass,General,1,UK,0,True,82.0,19.8,0.0,False,Warm (19–23°C),2025-07-11 11:11:00,0,12
2025-07-13,10,Court 8,Gate_1,Grounds Pass,General,1,UK,0,False,81.0,19.2,0.0,False,Warm (19–23°C),2025-07-13 11:44:00,0,14
2025-07-02,11,No.2 Court,Gate_5,No.2 Court,Reserved,2,UK,0,False,58.7,26.8,0.0,False,Hot (>23°C),2025-07-02 12:20:00,0,3
2025-07-05,9,Court 6,Gate_4,Queue Ticket,General,0,Australia,1,True,108.0,26.0,0.0,True,Hot (>23°C),2025-07-05 11:14:00,0,6
2025-07-09,11,No.1 Court,Gate_5,No.1 Court,Reserved,3,UK,0,False,128.7,23.2,0.8,True,Hot (>23°C),2025-07-09 13:09:00,0,10
2025-07-06,9,Court 7,Gate_4,Queue Ticket,General,0,Spain,1,False,113.8,11.9,0.0,False,Cold (<15°C),2025-07-06 11:12:00,0,7
2025-07-13,10,No.3 Court,Gate_8,Queue Ticket,General,0,UK,0,False,107.7,19.2,0.0,False,Warm (19–23°C),2025-07-13 12:17:00,0,14
2025-07-08,9,Court 7,Gate_3,No.1 Court,Reserved,3,UK,0,False,92.8,14.1,0.0,False,Cold (<15°C),2025-07-08 11:32:00,0,9
2025-07-05,9,Court 12,Gate_5,No.2 Court,Reserved,2,UK,0,False,118.3,26.0,0.0,True,Hot (>23°C),2025-07-05 11:20:00,0,6
2025-07-06,11,Centre Court,Gate_6,Centre Court,Premium,4,France,1,False,66.3,14.2,0.0,False,Cold (<15°C),2025-07-06 13:06:00,0,7
2025-07-06,10,Court 5,Gate_3,No.2 Court,Reserved,2,France,1,True,18.2,15.5,0.0,False,Cool (15–19°C),2025-07-06 11:05:00,0,7
2025-07-01,9,Court 7,Gate_7,Grounds Pass,General,1,UK,0,False,112.7,18.5,0.0,True,Cool (15–19°C),2025-07-01 11:32:00,0,2
2025-07-05,10,Court 4,Gate_7,Centre Court,Premium,4,Spain,1,False,55.7,23.2,0.0,True,Hot (>23°C),2025-07-05 11:29:00,0,6
2025-07-03,11,No.1 Court,Gate_4,Grounds Pass,General,1,UK,0,True,93.7,20.3,0.0,False,Warm (19–23°C),2025-07-03 13:11:00,0,4
2025-07-07,10,No.3 Court,Gate_5,Queue Ticket,General,0,France,1,True,86.0,24.1,0.0,False,Hot (>23°C),2025-07-07 12:12:00,37,8
2025-07-01,11,Centre Court,Gate_4,Centre Court Debenture,Premium,5,UK,0,False,120.1,20.6,0.76,True,Warm (19–23°C),2025-07-01 13:13:00,0,2
2025-07-13,12,Centre Court,Gate_8,Centre Court Debenture,Premium,5,Switzerland,1,True,8.9,18.2,0.0,False,Cool (15–19°C),2025-07-13 13:07:00,0,14
2025-07-04,10,No.2 Court,Gate_1,Grounds Pass,General,1,UK,0,True,113.7,21.2,0.0,False,Warm (19–23°C),2025-07-04 12:13:00,0,5
2025-07-01,9,Court 12,Gate_7,Grounds Pass,General,1,UK,0,False,128.1,18.5,0.0,True,Cool (15–19°C),2025-07-01 11:21:00,0,2
2025-07-05,9,Court 5,Gate_3,Grounds Pass,General,1,UK,0,True,123.0,26.0,0.0,True,Hot (>23°C),2025-07-05 11:41:00,0,6
2025-07-06,10,Court 18,Gate_2,No.2 Court,Reserved,2,UK,0,True,76.6,15.5,0.0,False,Cool (15–19°C),2025-07-06 11:29:00,0,7
2025-07-13,11,No.1 Court,Gate_6,Queue Ticket,General,0,UK,0,False,121.5,20.9,0.0,False,Warm (19–23°C),2025-07-13 13:09:00,0,14
2025-07-05,11,No.1 Court,Gate_3,Grounds Pass,General,1,UK,0,True,106.6,25.0,11.35,True,Hot (>23°C),2025-07-05 13:01:00,0,6
2025-07-05,10,No.3 Court,Gate_2,No.1 Court,Reserved,3,USA,1,True,87.1,23.2,0.0,True,Hot (>23°C),2025-07-05 12:04:00,0,6
2025-07-06,11,Centre Court,Gate_6,Grounds Pass,General,1,France,1,False,79.2,14.2,0.0,False,Cold (<15°C),2025-07-06 13:06:00,0,7
2025-07-09,10,No.2 Court,Gate_8,Grounds Pass,General,1,UK,0,True,94.1,22.9,0.0,True,Warm (19–23°C),2025-07-09 12:20:00,0,10
2025-07-04,11,No.2 Court,Gate_1,Centre Court Debenture,Premium,5,UK,0,True,41.8,20.4,0.0,False,Warm (19–23°C),2025-07-04 12:13:00,0,5
2025-07-09,8,Court 8,Gate_7,Queue Ticket,General,0,France,1,False,142.3,22.8,0.0,True,Warm (19–23°C),2025-07-09 11:18:00,0,10
2025-07-11,12,Centre Court,Gate_8,Centre Court,Premium,4,UK,0,True,63.7,19.8,0.0,False,Warm (19–23°C),2025-07-11 13:13:00,0,12
2025-07-07,11,Centre Court,Gate_4,Grounds Pass,General,1,USA,1,False,99.1,21.4,0.0,False,Warm (19–23°C),2025-07-07 13:10:00,0,8
2025-07-08,9,Court 4,Gate_3,No.1 Court,Reserved,3,UK,0,False,107.0,14.1,0.0,False,Cold (<15°C),2025-07-08 11:29:00,0,9
2025-07-01,8,Court 12,Gate_4,No.2 Court,Reserved,2,UK,0,True,142.0,21.8,0.0,True,Warm (19–23°C),2025-07-01 11:21:00,0,2
2025-07-12,9,No.2 Court,Gate_6,Grounds Pass,General,1,UK,0,False,151.4,25.3,0.0,True,Hot (>23°C),2025-07-12 12:03:00,49,13
2025-07-02,10,No.3 Court,Gate_8,Queue Ticket,General,0,UK,0,False,126.4,27.9,0.0,False,Hot (>23°C),2025-07-02 12:14:00,0,3
2025-07-09,9,Court 8,Gate_4,Grounds Pass,General,1,UK,0,False,133.6,23.5,0.0,True,Hot (>23°C),2025-07-09 11:18:00,0,10
2025-07-06,10,No.2 Court,Gate_7,Centre Court Debenture,Premium,5,UK,0,False,68.1,15.5,0.0,False,Cool (15–19°C),2025-07-06 12:07:00,0,7
2025-07-03,10,Court 6,Gate_3,Centre Court,Premium,4,UK,0,True,35.1,19.8,0.0,False,Warm (19–23°C),2025-07-03 11:26:00,0,4
2025-07-08,11,Centre Court,Gate_1,Grounds Pass,General,1,UK,0,True,101.9,12.1,0.0,False,Cold (<15°C),2025-07-08 13:00:00,0,9
2025-07-09,9,Court 4,Gate_4,Grounds Pass,General,1,UK,0,False,149.5,23.5,0.0,True,Hot (>23°C),2025-07-09 11:43:00,81,10
2025-07-10,10,Court 8,Gate_8,No.2 Court,Reserved,2,Switzerland,1,False,62.0,24.9,0.0,False,Hot (>23°C),2025-07-10 11:53:00,0,11
2025-06-30,11,No.1 Court,Gate_5,Grounds Pass,General,1,UK,0,True,100.9,17.8,0.0,False,Cool (15–19°C),2025-06-30 13:11:00,0,1
2025-07-04,10,Court 4,Gate_7,No.2 Court,Reserved,2,Spain,1,False,58.8,21.2,0.0,False,Warm (19–23°C),2025-07-04 11:51:00,105,5
2025-07-06,12,Centre Court,Gate_6,No.2 Court,Reserved,2,USA,1,False,32.4,14.8,0.0,False,Cold (<15°C),2025-07-06 13:06:00,0,7
2025-07-08,9,Court 6,Gate_5,Queue Ticket,General,0,UK,0,False,121.7,14.1,0.0,False,Cold (<15°C),2025-07-08 11:28:00,0,9
2025-07-11,10,Court 4,Gate_2,Grounds Pass,General,1,Germany,1,True,105.6,19.9,0.0,False,Warm (19–23°C),2025-07-11 11:49:00,0,12
2025-07-13,11,No.2 Court,Gate_3,Queue Ticket,General,0,France,1,True,78.1,20.9,0.0,False,Warm (19–23°C),2025-07-13 12:28:00,112,14
2025-07-03,10,Court 6,Gate_5,No.2 Court,Reserved,2,Australia,1,True,57.4,19.8,0.0,False,Warm (19–23°C),2025-07-03 11:26:00,0,4
2025-07-04,11,No.1 Court,Gate_4,Grounds Pass,General,1,UK,0,False,96.6,20.4,0.0,False,Warm (19–23°C),2025-07-04 13:05:00,0,5
2025-07-08,9,Court 12,Gate_8,Grounds Pass,General,1,UK,0,True,116.9,14.1,0.0,False,Cold (<15°C),2025-07-08 11:49:00,0,9
2025-07-10,10,Court 7,Gate_8,Queue Ticket,General,0,USA,1,False,37.3,24.9,0.0,False,Hot (>23°C),2025-07-10 11:13:00,0,11
2025-06-30,11,No.1 Court,Gate_7,Grounds Pass,General,1,UK,0,False,113.5,17.8,0.0,False,Cool (15–19°C),2025-06-30 13:11:00,0,1
2025-07-07,10,Court 4,Gate_5,Grounds Pass,General,1,Spain,1,True,72.6,24.1,0.0,False,Hot (>23°C),2025-07-07 11:29:00,0,8
2025-07-05,9,No.2 Court,Gate_7,Grounds Pass,General,1,UK,0,True,146.8,26.0,0.0,True,Hot (>23°C),2025-07-05 12:21:00,0,6
2025-07-03,10,No.3 Court,Gate_8,Queue Ticket,General,0,France,1,False,82.8,19.8,0.0,False,Warm (19–23°C),2025-07-03 12:08:00,0,4
2025-07-10,11,No.1 Court,Gate_1,Grounds Pass,General,1,UK,0,True,82.7,23.8,0.0,False,Hot (>23°C),2025-07-10 13:13:00,0,11
2025-07-08,10,Court 5,Gate_4,No.2 Court,Reserved,2,France,1,False,41.1,15.6,0.0,False,Cool (15–19°C),2025-07-08 11:32:00,0,9
2025-07-10,12,No.1 Court,Gate_1,No.1 Court,Reserved,3,Japan,1,True,26.4,24.1,0.0,False,Hot (>23°C),2025-07-10 13:13:00,0,11
2025-07-01,8,Court 6,Gate_5,Queue Ticket,General,0,UK,0,True,155.2,21.8,0.0,True,Warm (19–23°C),2025-07-01 11:21:00,66,2
2025-07-04,11,No.3 Court,Gate_5,No.2 Court,Reserved,2,UK,0,False,60.3,20.4,0.0,False,Warm (19–23°C),2025-07-04 12:29:00,0,5
2025-07-10,11,No.1 Court,Gate_4,Grounds Pass,General,1,UK,0,True,117.1,23.8,0.0,False,Hot (>23°C),2025-07-10 13:13:00,0,11
2025-07-03,9,Court 7,Gate_4,Queue Ticket,General,0,USA,1,False,125.9,17.0,0.0,False,Cool (15–19°C),2025-07-03 11:40:00,0,4
2025-07-03,11,No.3 Court,Gate_3,No.2 Court,Reserved,2,Other,1,True,51.9,20.3,0.0,False,Warm (19–23°C),2025-07-03 12:08:00,0,4
2025-07-10,10,Court 18,Gate_2,No.1 Court,Reserved,3,UK,0,True,57.6,24.9,0.0,False,Hot (>23°C),2025-07-10 11:46:00,0,11
2025-07-07,11,Court 8,Gate_8,Grounds Pass,General,1,Japan,1,False,38.8,21.4,0.0,False,Warm (19–23°C),2025-07-07 11:59:00,0,8
2025-07-05,10,Centre Court,Gate_5,Queue Ticket,General,0,USA,1,False,128.8,23.2,0.0,True,Hot (>23°C),2025-07-05 13:01:00,0,6
2025-07-10,10,Court 5,Gate_4,Grounds Pass,General,1,France,1,True,34.5,24.9,0.0,False,Hot (>23°C),2025-07-10 11:09:00,0,11
2025-06-30,10,Court 18,Gate_2,Grounds Pass,General,1,UK,0,True,69.0,17.2,0.0,False,Cool (15–19°C),2025-06-30 11:26:00,0,1
2025-07-10,10,Court 4,Gate_7,Grounds Pass,General,1,USA,1,True,48.9,24.9,0.0,False,Hot (>23°C),2025-07-10 11:02:00,0,11
2025-07-05,10,No.3 Court,Gate_3,No.2 Court,Reserved,2,UK,0,True,109.3,23.2,0.0,True,Hot (>23°C),2025-07-05 12:04:00,0,6
2025-07-10,12,No.1 Court,Gate_3,Centre Court,Premium,4,Other,1,True,50.1,24.1,0.0,False,Hot (>23°C),2025-07-10 13:13:00,0,11
2025-07-09,9,Court 4,Gate_2,Grounds Pass,General,1,UK,0,False,152.7,23.5,0.0,True,Hot (>23°C),2025-07-09 11:43:00,81,10
2025-07-12,8,Court 6,Gate_2,Grounds Pass,General,1,France,1,True,127.9,24.7,0.0,True,Hot (>23°C),2025-07-12 11:01:00,0,13
2025-07-03,12,No.1 Court,Gate_1,Grounds Pass,General,1,Australia,1,True,30.6,20.5,0.0,False,Warm (19–23°C),2025-07-03 13:11:00,0,4
2025-07-01,9,Court 5,Gate_5,Grounds Pass,General,1,UK,0,True,143.3,18.5,0.0,True,Cool (15–19°C),2025-07-01 11:53:00,0,2
2025-07-03,10,Court 4,Gate_4,Centre Court,Premium,4,UK,0,True,71.0,19.8,0.0,False,Warm (19–23°C),2025-07-03 11:46:00,0,4
2025-07-11,10,No.3 Court,Gate_7,Grounds Pass,General,1,UK,0,True,101.6,19.9,0.0,False,Warm (19–23°C),2025-07-11 12:28:00,26,12
2025-07-11,11,No.2 Court,Gate_4,Grounds Pass,General,1,USA,1,True,44.0,19.3,0.0,False,Warm (19–23°C),2025-07-11 12:00:00,0,12
2025-07-07,11,No.2 Court,Gate_2,Grounds Pass,General,1,USA,1,True,68.5,21.4,0.0,False,Warm (19–23°C),2025-07-07 12:17:00,95,8
2025-07-09,10,No.2 Court,Gate_4,Queue Ticket,General,0,UK,0,False,128.1,22.9,0.0,True,Warm (19–23°C),2025-07-09 12:20:00,0,10
2025-07-01,10,Court 5,Gate_8,Grounds Pass,General,1,UK,0,True,90.5,19.4,0.0,True,Warm (19–23°C),2025-07-01 11:53:00,0,2
2025-07-10,10,Court 4,Gate_8,Grounds Pass,General,1,Switzerland,1,True,22.9,24.9,0.0,False,Hot (>23°C),2025-07-10 11:02:00,0,11
2025-07-10,10,Court 7,Gate_6,Centre Court,Premium,4,UK,0,False,51.1,24.9,0.0,False,Hot (>23°C),2025-07-10 11:13:00,0,11
2025-07-11,12,Centre Court,Gate_2,No.2 Court,Reserved,2,Australia,1,True,43.2,19.8,0.0,False,Warm (19–23°C),2025-07-11 13:13:00,0,12
2025-07-05,10,No.2 Court,Gate_3,Grounds Pass,General,1,UK,0,True,121.3,23.2,0.0,True,Hot (>23°C),2025-07-05 12:21:00,0,6
2025-07-12,9,Court 18,Gate_1,Grounds Pass,General,1,UK,0,True,137.6,25.3,0.0,True,Hot (>23°C),2025-07-12 11:23:00,0,13
2025-07-03,12,Centre Court,Gate_5,Grounds Pass,General,1,UK,0,False,46.4,20.5,0.0,False,Warm (19–23°C),2025-07-03 13:02:00,0,4
2025-06-30,10,Court 8,Gate_5,Queue Ticket,General,0,UK,0,True,81.4,17.2,0.0,False,Cool (15–19°C),2025-06-30 11:55:00,0,1
2025-07-09,10,No.2 Court,Gate_6,Centre Court,Premium,4,UK,0,False,95.9,22.9,0.0,True,Warm (19–23°C),2025-07-09 12:20:00,0,10
2025-07-05,10,No.3 Court,Gate_2,Centre Court,Premium,4,UK,0,True,83.5,23.2,0.0,True,Hot (>23°C),2025-07-05 12:04:00,0,6
2025-07-02,10,Court 6,Gate_2,Grounds Pass,General,1,UK,0,True,53.5,27.9,0.0,False,Hot (>23°C),2025-07-02 11:05:00,0,3
2025-07-12,8,Court 5,Gate_3,Grounds Pass,General,1,UK,0,True,157.8,24.7,0.0,True,Hot (>23°C),2025-07-12 11:34:00,0,13
2025-07-10,10,No.2 Court,Gate_4,Grounds Pass,General,1,UK,0,True,75.9,24.9,0.0,False,Hot (>23°C),2025-07-10 12:07:00,0,11
2025-07-12,10,Centre Court,Gate_7,Grounds Pass,General,1,UK,0,False,136.9,27.2,0.0,True,Hot (>23°C),2025-07-12 13:00:00,0,13
2025-07-11,11,No.3 Court,Gate_8,Queue Ticket,General,0,UK,0,False,75.7,19.3,0.0,False,Warm (19–23°C),2025-07-11 12:28:00,26,12
2025-07-07,9,Court 5,Gate_7,Queue Ticket,General,0,UK,0,True,114.2,22.2,0.0,False,Warm (19–23°C),2025-07-07 11:39:00,34,8
2025-07-07,11,Centre Court,Gate_4,Grounds Pass,General,1,USA,1,True,78.5,21.4,0.0,False,Warm (19–23°C),2025-07-07 13:10:00,0,8
2025-07-03,11,Centre Court,Gate_6,Queue Ticket,General,0,UK,0,True,106.2,20.3,0.0,False,Warm (19–23°C),2025-07-03 13:02:00,0,4
2025-07-07,9,Court 18,Gate_3,Grounds Pass,General,1,UK,0,False,93.8,22.2,0.0,False,Warm (19–23°C),2025-07-07 11:17:00,0,8
2025-07-13,9,Court 5,Gate_1,No.2 Court,Reserved,2,UK,0,True,97.8,20.3,0.0,False,Warm (19–23°C),2025-07-13 11:08:00,0,14
